temperature_C,humidity_percent,rain_intensity_percent,soil_moisture_percent,water_level_cm,Flood_Risk
35.48,83.24,74.08,34.71,2.62,32.24
28.78,82.67,99.58,42.1,1.09,13.3
37.17,52.16,4.1,98.47,0.97,11.43
33.95,42.2,24.49,8.42,0.08,3.82
21.88,58.23,59.77,11.17,8.81,100.0
39.51,93.74,89.67,66.02,7.2,100.0
35.22,64.42,57.2,31.92,2.45,28.15
35.72,98.76,58.64,68.48,5.21,68.13
22.56,72.35,53.28,86.64,5.77,75.61
29.01,59.13,7.09,84.62,1.65,18.43
27.42,83.51,44.06,74.86,2.6,33.17
38.54,67.55,50.92,51.05,3.52,41.37
32.88,42.64,36.28,84.5,7.56,100.0
36.46,49.7,50.38,10.08,1.17,10.85
28.87,96.11,2.16,58.11,7.73,100.0
24.54,46.19,22.42,60.51,5.48,62.5
31.09,78.11,46.37,24.6,4.41,48.73
21.28,87.54,39.9,4.96,1.3,11.69
36.55,55.93,71.47,53.52,4.95,60.49
32.63,83.5,61.19,51.37,3.18,36.23
35.16,50.19,88.03,65.36,1.7,22.84
27.09,57.09,85.48,21.29,7.92,100.0
39.41,58.71,24.12,17.96,4.15,39.89
37.86,99.79,1.76,97.79,0.72,10.07
35.57,52.87,85.45,11.37,2.72,29.65
23.89,47.75,32.91,99.94,1.63,21.2
29.33,91.87,81.49,97.11,6.91,100.0
20.88,49.72,15.84,62.93,2.19,20.83
23.09,92.76,69.3,33.98,4.56,52.53
33.66,79.03,28.01,86.78,6.71,91.27
34.9,80.25,68.21,90.11,6.16,92.99
39.35,85.08,50.34,72.19,3.94,47.78
26.52,83.56,75.04,70.99,5.88,82.9
27.41,93.28,56.44,58.86,5.35,67.37
29.39,99.97,72.2,7.78,5.89,72.45
23.79,96.51,46.2,99.9,0.72,14.78
22.6,93.8,40.38,1.56,2.89,28.58
29.51,93.54,72.09,66.19,5.97,81.52
24.54,71.37,14.56,36.71,3.49,35.13
33.4,72.18,33.26,77.61,8.47,100.0
28.74,40.9,87.93,73.58,0.32,10.09
36.65,81.06,25.66,38.68,3.24,33.14
34.01,77.43,95.83,7.47,4.43,51.2
26.25,79.52,10.75,23.68,0.78,10.57
36.65,59.93,36.2,9.42,4.35,42.81
36.1,68.28,60.63,97.9,0.96,17.36
27.75,78.18,83.78,12.78,7.54,100.0
25.77,65.7,14.36,96.72,2.43,25.28
33.65,63.73,13.26,15.59,0.65,5.8
22.8,82.33,62.84,86.22,5.56,77.85
24.0,40.08,29.27,57.46,2.75,26.46
20.15,41.4,64.45,83.17,3.16,41.13
35.74,86.61,95.65,80.16,8.33,100.0
33.3,64.76,7.69,76.88,7.25,93.96
34.1,90.37,84.45,73.08,4.07,53.46
35.61,50.38,3.76,26.02,4.42,39.34
29.18,40.83,89.88,93.5,5.36,73.58
31.37,63.28,97.56,64.36,3.83,51.62
22.8,84.16,66.75,20.21,6.53,86.63
22.29,74.35,61.87,58.33,4.29,51.14
33.37,93.02,82.2,53.31,4.35,53.27
29.42,69.04,4.44,88.18,8.31,100.0
31.3,88.77,0.38,79.68,5.54,63.08
35.3,44.22,2.08,30.2,4.38,40.45
32.69,80.37,47.16,76.28,5.68,74.89
31.07,95.46,62.34,0.17,3.54,34.77
31.18,84.39,90.28,81.36,6.4,98.9
26.08,97.61,67.71,83.96,1.76,24.78
20.62,53.24,44.96,15.12,1.12,12.9
28.73,46.34,4.26,35.34,0.23,2.17
24.29,71.49,22.62,0.1,6.58,75.08
28.17,64.7,56.26,55.91,3.53,39.28
37.07,58.68,34.59,14.6,8.45,100.0
24.68,88.01,32.48,10.19,1.59,14.71
21.17,50.15,15.28,48.97,2.2,20.16
25.63,84.73,98.71,90.0,5.75,92.32
25.87,73.42,23.05,8.46,0.49,4.75
33.24,50.5,64.68,86.98,4.53,56.99
31.14,83.09,4.2,66.82,1.11,9.26
35.68,82.83,6.65,16.89,1.45,13.51
33.29,70.93,71.68,28.97,4.61,52.85
28.13,53.53,63.52,19.42,5.12,57.66
36.28,47.94,68.02,78.93,1.91,24.14
23.34,97.44,23.1,72.51,2.44,27.15
20.45,79.35,98.49,30.44,2.56,33.91
21.8,40.55,2.87,5.87,0.82,7.84
34.45,81.82,96.95,16.87,8.69,100.0
29.24,89.77,16.42,62.99,6.23,75.41
23.23,58.16,5.29,18.05,0.46,3.1
30.02,83.47,33.24,47.13,2.16,22.76
23.05,80.03,75.51,61.29,1.55,22.13
33.93,46.2,74.76,68.78,2.11,28.34
28.92,49.0,48.65,12.54,8.46,100.0
27.62,78.04,1.61,45.97,1.23,11.32
26.03,92.12,17.52,46.34,7.92,100.0
32.61,79.62,5.03,83.53,7.58,100.0
27.24,42.17,84.7,46.87,6.69,97.17
21.75,98.23,28.98,40.68,4.47,47.86
22.36,48.37,11.79,12.35,2.33,17.92
39.24,53.95,35.42,69.45,7.48,100.0
38.17,88.96,82.38,88.13,8.99,100.0
33.99,86.26,97.89,71.69,4.73,64.53
25.32,96.19,31.5,65.63,0.43,5.81
39.38,88.4,93.31,87.53,1.74,26.29
35.58,79.1,68.27,87.73,0.5,11.47
34.34,57.07,56.61,30.77,1.62,20.59
28.99,62.83,12.37,21.65,1.4,9.98
25.44,96.84,68.74,92.65,7.69,100.0
21.93,92.49,64.91,67.35,6.92,100.0
38.05,61.57,1.05,97.1,5.41,59.54
29.12,89.32,80.3,92.7,7.23,100.0
24.05,57.86,36.8,96.22,5.76,75.53
26.12,59.57,35.33,12.27,3.99,39.28
31.58,91.64,40.66,59.04,7.34,100.0
23.54,40.63,68.53,49.67,2.79,33.66
37.13,66.16,37.6,0.26,8.35,100.0
35.17,96.57,37.38,19.29,1.05,8.87
34.39,72.56,6.35,15.35,5.74,61.21
28.64,67.03,41.66,6.08,4.5,45.43
32.55,58.74,14.95,94.81,3.83,45.98
31.68,44.43,85.56,96.54,3.87,54.46
33.0,53.47,33.45,89.17,0.38,10.46
21.69,50.27,23.54,13.05,0.52,4.18
28.32,47.6,68.45,83.07,3.17,40.05
20.83,49.81,75.62,93.22,4.29,58.14
29.88,58.12,94.78,19.76,7.63,100.0
26.6,76.09,81.48,61.33,4.71,60.99
22.89,97.01,56.73,86.21,7.66,100.0
22.07,47.43,4.07,47.95,1.23,10.02
31.75,62.99,10.08,71.7,2.54,23.78
23.41,92.77,36.66,56.19,2.05,22.55
38.5,46.39,68.25,30.56,7.98,100.0
31.62,69.02,83.17,28.48,7.03,98.35
26.94,90.69,25.64,74.82,7.51,100.0
31.82,73.42,74.91,53.21,5.12,62.9
20.46,52.62,22.43,35.94,1.99,19.88
39.17,84.13,0.61,61.7,3.39,33.66
29.65,80.88,5.44,41.99,4.95,51.09
35.65,61.73,58.56,47.51,0.17,5.5
21.65,69.86,59.79,63.44,2.33,26.9
29.73,40.47,27.04,45.8,7.69,100.0
29.81,89.52,0.65,94.99,2.93,29.84
38.76,59.29,56.8,48.52,6.12,79.87
31.43,58.7,4.01,15.47,0.31,1.18
29.47,81.75,81.1,54.84,4.5,56.84
25.34,95.25,73.65,89.09,2.56,37.0
26.63,40.51,63.45,76.33,4.75,58.91
30.41,43.37,47.94,60.45,6.52,85.46
28.78,65.02,4.83,53.27,3.62,35.45
20.43,80.56,92.36,55.17,1.68,24.73
36.53,68.57,47.74,20.15,0.55,11.05
37.92,93.85,39.96,21.44,6.43,79.4
22.8,94.75,67.34,50.8,5.98,81.79
31.08,60.57,0.14,3.62,0.77,5.18
22.17,61.08,72.73,12.49,2.0,20.71
33.44,75.82,37.36,41.41,3.67,39.58
25.62,69.26,12.43,13.79,3.1,25.17
33.19,87.43,76.09,6.65,0.47,10.25
34.54,59.07,32.8,53.36,4.59,47.92
35.37,84.67,86.75,87.31,6.58,100.0
22.15,48.79,37.02,35.6,8.39,100.0
38.32,73.64,5.43,91.92,8.74,100.0
24.6,99.0,51.9,55.26,4.61,53.3
20.75,72.35,75.68,46.57,5.51,72.15
31.1,46.46,50.09,14.68,5.01,52.09
27.42,97.21,76.36,31.58,4.8,58.2
36.6,94.37,3.53,2.37,1.03,6.98
36.17,89.58,17.72,3.53,6.04,69.31
26.34,81.67,81.39,77.49,7.11,100.0
39.06,48.8,38.53,65.45,1.14,14.96
25.82,70.22,68.02,20.83,2.81,30.89
30.3,66.52,40.47,31.73,3.97,40.42
25.12,93.24,65.99,68.8,3.63,46.1
38.72,51.37,41.74,33.62,4.34,44.31
23.29,53.2,54.24,40.77,3.22,33.57
20.9,81.2,91.28,29.26,4.29,50.94
28.7,45.33,67.3,83.06,7.23,100.0
39.85,98.62,63.22,68.78,6.88,100.0
37.83,56.09,30.15,13.53,6.82,79.57
34.97,79.66,74.43,20.17,7.14,99.36
37.82,92.38,13.94,29.66,5.23,56.69
37.87,76.58,74.98,40.32,2.84,31.8
30.38,52.76,88.16,59.26,8.43,100.0
26.32,42.95,90.02,96.42,3.28,46.56
35.44,82.89,93.06,67.95,7.36,100.0
33.23,99.26,64.77,80.15,4.87,63.24
27.47,74.79,10.99,2.4,8.02,100.0
21.89,60.89,47.84,37.26,1.35,16.38
34.94,54.59,68.25,67.51,4.03,46.65
25.25,53.16,48.42,96.31,6.23,86.76
38.74,96.91,33.99,74.02,5.16,62.14
24.82,47.13,68.38,11.8,5.88,71.81
22.46,97.25,80.81,82.75,7.51,100.0
36.62,68.29,58.29,83.87,5.96,80.75
23.07,40.03,52.84,18.9,0.08,5.95
23.59,95.26,70.57,93.43,2.37,32.75
31.99,45.95,40.3,71.41,1.11,13.34
37.49,54.14,1.39,4.17,0.25,3.99
23.93,77.96,81.87,87.95,6.32,95.79
26.21,88.54,72.35,20.07,4.93,57.64
35.55,62.52,12.44,25.32,0.41,4.43
39.44,86.16,14.08,47.74,3.73,38.16
30.01,65.27,91.18,96.74,0.67,17.87
22.88,69.32,86.37,15.33,3.96,48.11
20.28,55.93,8.55,26.56,1.02,10.23
24.59,74.11,78.66,73.55,2.85,34.99
22.64,70.69,96.88,57.23,6.36,96.74
33.55,68.8,13.12,25.5,1.42,13.48
22.44,55.49,24.42,70.16,2.11,23.89
30.13,61.51,63.88,73.34,2.73,33.44
33.89,77.58,30.53,33.66,2.75,27.37
31.62,65.04,69.01,31.91,6.68,91.38
24.0,40.17,2.62,61.88,1.81,19.43
36.08,73.9,91.71,54.52,8.8,100.0
34.31,82.24,75.37,79.77,6.19,89.05
34.78,73.73,40.18,65.35,3.61,41.56
22.62,81.61,98.75,49.68,8.98,100.0
22.48,46.95,23.11,13.32,0.53,4.02
38.55,43.57,82.54,16.69,6.87,91.89
27.95,81.91,94.32,33.66,2.44,31.81
26.02,88.17,3.96,60.14,4.89,52.52
29.77,83.06,77.44,79.24,0.49,11.58
33.26,79.78,38.63,96.0,7.62,100.0
39.11,82.44,86.91,59.98,3.3,42.81
25.73,84.38,87.89,72.88,5.26,75.95
38.5,83.46,82.86,62.14,8.35,100.0
20.5,84.28,77.92,43.03,0.27,9.63
31.1,44.44,79.43,60.97,8.71,100.0
32.68,43.8,29.66,40.07,4.73,48.64
22.12,61.67,40.65,45.36,7.03,93.64
22.81,71.66,11.51,91.1,4.26,44.7
28.38,85.76,83.06,56.39,7.34,100.0
39.32,60.08,64.6,10.04,7.93,100.0
31.92,56.51,61.27,52.38,3.44,37.24
38.66,86.89,24.61,95.33,6.5,84.7
36.09,54.96,61.5,10.0,8.99,100.0
29.35,89.25,45.46,97.12,6.81,99.71
35.7,50.63,99.53,98.76,8.61,100.0
20.36,61.57,86.31,56.07,6.63,100.0
22.18,64.06,52.6,33.24,2.97,30.69
36.59,57.97,80.85,0.86,7.44,100.0
35.94,40.2,16.45,1.55,6.0,60.79
24.65,54.13,10.14,38.81,0.3,5.3
30.62,60.26,63.07,78.31,1.55,21.31
32.12,58.82,72.68,94.24,2.35,31.14
37.35,47.42,18.78,20.61,0.59,4.05
32.06,42.84,20.1,48.78,7.17,88.56
28.25,63.34,53.73,50.17,7.44,100.0
27.48,42.25,6.28,38.03,0.6,3.32
28.52,95.84,42.41,54.0,0.65,11.14
33.04,87.41,48.21,92.5,2.69,35.35
37.35,96.5,86.97,78.91,8.53,100.0
29.08,94.61,31.57,13.78,7.58,94.57
24.96,58.95,16.87,66.54,7.82,100.0
24.73,81.5,0.75,3.14,1.87,14.54
34.92,73.78,79.32,55.16,4.45,54.49
36.33,93.29,75.09,93.99,5.77,84.86
22.11,64.65,44.49,9.21,8.34,100.0
21.33,62.55,19.87,55.09,6.96,87.76
31.89,94.84,93.3,79.74,4.76,66.61
22.92,90.2,78.75,46.46,7.05,100.0
36.49,97.98,11.44,47.88,2.77,27.4
26.21,43.99,26.9,97.02,7.08,97.3
22.88,54.6,84.94,23.05,7.03,100.0
38.42,99.62,66.65,65.04,4.43,54.8
23.31,65.46,94.55,11.5,2.18,23.85
25.69,78.07,47.45,52.49,4.28,50.25
23.07,57.49,77.54,85.09,1.52,24.43
22.31,87.43,7.64,71.64,6.95,90.08
20.42,53.39,33.67,61.2,8.37,100.0
21.11,81.79,75.07,11.39,0.32,6.61
23.49,91.11,71.1,85.07,5.63,77.93
21.07,76.22,0.21,29.81,5.94,62.04
31.82,84.36,79.33,77.43,7.83,100.0
33.61,82.59,74.86,62.25,4.57,57.51
27.87,76.26,90.82,74.46,6.45,100.0
26.36,84.65,32.64,56.21,8.94,100.0
30.09,68.15,18.39,34.05,6.05,68.86
37.5,42.78,11.15,50.59,3.87,38.09
37.02,99.03,83.66,40.61,5.72,76.78
20.87,80.28,6.13,69.75,0.49,6.06
23.63,90.65,53.6,54.39,6.78,95.97
24.73,66.29,69.27,87.81,0.63,13.62
24.99,97.33,5.76,4.96,2.9,26.56
31.42,51.97,63.34,2.66,1.25,17.44
28.33,51.11,33.41,18.85,6.53,75.64
20.99,93.42,83.35,11.86,5.35,65.3
27.47,93.5,79.77,52.59,6.29,89.69
30.48,69.94,79.39,20.01,0.58,9.71
22.03,47.55,39.87,1.6,3.33,30.51
36.67,58.31,82.25,28.26,3.66,44.69
21.04,85.25,63.0,50.92,5.42,68.93
38.5,90.76,37.87,71.43,0.92,16.62
21.98,60.86,8.07,43.84,5.83,63.06
36.87,43.67,6.68,96.27,3.55,38.79
38.05,79.94,25.14,19.95,8.15,100.0
39.59,44.62,8.57,23.05,0.91,7.65
36.04,65.44,92.75,25.32,0.92,15.34
35.59,74.99,99.99,80.67,0.93,19.91
32.85,99.24,14.37,18.78,2.29,19.81
35.58,54.7,94.28,96.16,2.16,35.16
22.69,74.38,70.65,71.66,7.17,100.0
30.72,76.66,49.86,55.69,6.5,86.29
30.28,72.95,95.47,53.23,0.69,13.53
37.15,92.15,71.37,36.25,7.66,100.0
29.26,76.3,59.37,2.1,0.87,11.0
27.7,70.47,20.95,91.51,7.07,95.3
32.79,47.38,24.44,79.49,1.0,12.33
25.33,82.19,91.15,13.49,3.39,37.95
22.8,47.93,21.5,12.21,6.76,79.08
29.56,41.59,3.23,30.81,2.28,20.02
28.34,69.31,26.62,76.31,1.02,12.35
24.65,50.86,8.97,9.49,1.19,9.09
27.35,99.94,38.2,65.42,6.22,80.84
27.33,82.74,93.58,0.62,8.02,100.0
26.55,79.89,47.4,87.12,5.97,79.46
27.59,60.78,88.91,16.57,0.67,10.25
33.71,70.53,59.47,31.89,5.75,72.16
25.94,84.59,98.41,87.47,8.39,100.0
38.98,65.04,16.02,73.29,0.75,7.48
38.33,81.27,51.74,84.01,5.24,68.5
29.62,71.56,86.72,86.29,6.1,90.39
26.57,53.44,78.0,6.13,7.12,95.76
30.71,74.83,44.74,7.63,3.18,31.5
36.97,53.08,90.9,15.52,6.62,88.46
33.05,40.18,81.92,26.46,1.51,19.66
36.09,54.15,11.21,70.9,4.0,42.75
30.65,51.59,60.59,53.24,6.73,89.31
32.66,62.26,79.88,42.6,1.79,24.75
25.76,93.32,80.83,78.26,3.14,41.18
34.7,63.27,9.13,31.72,5.66,62.14
24.05,90.71,22.46,8.55,3.11,30.14
33.9,76.33,25.5,36.3,3.95,38.52
37.21,40.46,25.16,76.64,8.61,100.0
22.64,51.32,10.89,47.41,5.78,64.06
32.29,95.88,62.88,97.71,7.04,100.0
21.9,76.25,50.75,85.61,8.16,100.0
34.51,95.77,15.5,79.1,6.32,80.67
21.69,58.61,58.64,77.32,6.96,100.0
38.72,82.99,6.2,58.11,0.72,8.01
22.75,86.32,38.3,90.11,7.41,100.0
39.18,98.54,79.25,58.99,2.47,30.14
36.02,41.09,89.0,37.25,0.64,12.82
31.87,83.4,92.62,93.64,6.9,100.0
35.65,63.5,85.95,81.31,2.04,31.37
35.9,90.28,89.18,37.11,0.72,15.12
38.92,72.68,60.69,79.09,5.49,73.12
25.07,73.88,98.22,98.3,0.89,20.61
31.8,61.56,24.62,39.87,7.99,100.0
21.9,89.71,6.9,34.07,8.72,100.0
32.32,55.84,84.34,17.01,6.64,86.81
23.43,69.53,49.09,47.54,2.59,28.42
31.3,73.61,34.65,65.4,5.06,57.95
31.45,75.0,76.49,86.27,5.12,69.6
29.32,68.3,6.46,48.57,5.59,60.06
30.45,80.82,9.07,53.71,2.37,24.33
35.28,69.12,18.36,27.52,4.1,41.72
35.98,83.11,78.61,84.09,7.68,100.0
29.84,80.45,28.14,21.56,8.88,100.0
31.99,46.47,6.04,8.78,1.0,6.13
38.62,89.4,1.94,27.81,3.75,36.55
22.39,72.44,32.18,1.38,2.29,22.12
22.34,84.21,85.91,92.05,6.33,97.15
21.75,80.78,18.5,68.25,8.15,100.0
33.16,44.63,28.4,75.24,1.47,15.86
28.37,78.95,40.57,41.73,3.8,43.76
35.49,87.53,12.14,57.19,0.67,8.59
33.42,66.1,5.32,74.55,5.3,57.46
26.67,69.88,96.6,88.92,5.42,79.95
37.97,99.24,40.48,63.99,7.39,100.0
35.25,54.11,65.79,69.09,7.52,100.0
25.41,41.17,12.71,9.87,0.92,9.35
27.28,98.67,47.77,74.81,4.48,54.1
26.29,54.67,46.0,88.9,7.46,100.0
23.15,83.56,67.52,16.07,5.83,72.33
22.96,86.55,29.32,31.0,3.12,29.61
38.72,73.93,88.46,67.8,6.71,100.0
28.76,55.3,78.11,90.21,5.59,77.99
27.67,71.3,55.16,5.9,3.18,31.48
34.59,40.9,45.92,87.05,0.12,6.43
31.06,80.91,61.95,22.03,5.33,62.24
38.72,76.86,73.17,86.09,5.19,70.75
35.61,41.31,13.5,88.92,1.39,15.16
29.59,84.13,90.64,70.39,7.39,100.0
27.53,85.81,48.94,92.38,1.43,20.11
39.73,58.49,93.53,96.12,2.58,36.49
34.36,78.12,95.55,92.52,3.35,44.98
39.02,85.02,90.31,87.14,6.3,98.34
22.37,48.59,38.45,46.37,0.73,8.77
37.01,51.6,52.62,10.52,6.32,76.2
32.74,88.84,46.75,63.6,5.61,70.26
22.44,96.01,82.24,65.24,1.65,21.05
31.77,74.58,14.11,12.73,1.01,8.55
33.72,74.07,62.25,94.24,3.71,49.56
20.25,78.8,94.26,22.7,4.01,49.06
29.09,66.43,99.67,8.79,1.24,15.01
36.51,43.25,1.01,23.52,4.34,38.14
25.91,63.79,97.26,4.89,4.52,51.76
29.17,94.02,12.22,16.61,8.83,100.0
28.85,88.3,53.7,58.77,6.42,86.65
26.04,95.65,24.64,28.92,0.11,0.77
38.37,49.17,60.64,80.12,4.29,52.7
35.63,70.36,3.7,40.47,0.19,5.19
22.21,75.08,23.83,71.4,4.6,50.0
39.94,52.6,30.06,70.83,3.04,30.72
37.58,52.06,91.56,13.58,8.13,100.0
25.68,86.92,58.36,5.66,4.44,50.57
36.74,80.31,70.82,84.2,7.65,100.0
22.13,78.83,67.6,70.09,5.25,69.11
39.98,56.02,39.23,17.5,3.57,35.57
33.31,70.41,1.4,68.0,2.07,20.84
33.0,92.91,80.31,97.15,8.4,100.0
21.81,47.8,45.88,5.68,7.15,88.1
37.94,71.1,94.13,22.88,7.95,100.0
20.58,47.9,6.48,0.95,1.47,11.43
24.82,86.69,82.12,80.61,6.3,97.58
22.86,68.29,82.66,54.49,2.59,33.53
35.54,65.9,6.37,24.26,1.2,8.79
23.96,41.07,29.35,9.27,7.83,98.66
38.21,77.77,65.31,84.42,6.93,100.0
33.13,50.29,60.8,47.25,2.62,30.58
20.72,51.27,50.84,84.7,6.26,84.43
20.11,65.43,77.84,76.34,2.8,34.78
21.03,55.84,23.87,16.01,0.73,6.18
32.12,76.99,81.26,7.15,3.37,33.42
36.03,69.14,65.0,22.55,6.09,74.83
24.77,46.69,79.94,85.23,8.86,100.0
36.99,94.27,97.33,88.39,8.93,100.0
21.14,65.55,61.73,80.69,5.06,62.25
36.02,76.65,3.67,36.96,7.0,85.61
38.56,40.24,29.77,59.04,5.14,55.29
35.44,77.58,87.8,59.47,4.45,57.39
33.96,56.97,62.7,62.67,1.54,20.07
36.76,69.66,89.01,47.02,2.63,31.12
20.8,57.86,38.45,23.92,4.07,43.03
24.04,87.02,82.99,67.71,5.17,69.77
22.5,53.85,86.26,97.48,5.48,78.81
30.09,94.77,76.2,27.21,8.5,100.0
34.9,95.08,37.75,72.48,2.33,24.98
32.6,97.07,99.18,65.37,6.77,100.0
37.02,58.24,88.03,56.63,8.81,100.0
23.1,62.86,78.64,48.93,2.97,34.39
34.69,99.36,44.92,12.08,4.82,54.96
23.86,77.13,54.62,75.33,0.64,11.96
25.42,78.88,70.55,99.05,6.43,99.64
34.2,42.16,41.21,98.07,0.01,5.4
39.6,90.87,16.32,20.17,8.15,100.0
32.23,76.34,63.99,68.25,4.77,55.06
21.09,42.82,84.64,37.03,1.65,20.92
32.33,56.49,36.25,61.92,7.43,99.39
20.85,68.55,81.47,22.37,3.48,40.21
37.68,93.72,47.39,24.84,2.3,22.43
34.19,87.4,7.08,61.9,5.37,59.77
23.46,51.86,36.15,48.48,2.29,26.91
21.83,62.32,15.83,96.44,2.58,32.07
23.67,86.81,69.36,26.45,0.41,9.15
39.6,71.63,91.14,87.8,4.85,67.98
29.17,59.05,12.24,14.6,1.28,9.63
35.68,63.76,77.84,13.46,7.53,100.0
32.73,77.56,86.19,23.91,6.76,92.95
31.45,82.21,65.5,69.34,4.51,59.0
22.9,79.71,56.86,82.66,4.8,60.18
38.92,40.97,71.43,3.96,5.2,60.68
26.03,55.03,44.37,61.94,2.48,26.31
31.56,78.9,78.95,97.36,6.5,100.0
34.0,84.41,45.7,32.73,2.6,25.68
32.98,63.03,72.17,65.06,1.52,21.93
38.81,92.48,83.63,90.99,6.19,95.28
22.97,68.08,95.39,27.34,0.85,14.29
30.17,55.31,5.25,11.19,8.47,100.0
28.08,54.15,73.6,18.65,3.61,40.69
29.48,74.4,96.85,93.68,5.56,85.2
22.38,86.04,30.91,54.67,4.41,49.79
22.68,90.1,91.25,21.91,0.24,7.15
25.56,63.86,82.64,78.59,0.56,13.78
26.09,44.01,74.41,58.7,2.38,28.84
28.56,69.04,95.38,36.73,6.07,86.36
32.22,66.03,65.41,1.83,5.77,67.81
32.69,51.82,49.49,78.28,1.69,21.7
28.24,93.77,67.57,71.74,4.4,55.88
28.18,98.45,41.18,26.21,3.3,33.41
24.35,80.35,27.16,37.91,3.33,33.71
31.77,70.17,83.0,82.97,4.26,59.13
26.34,78.74,37.8,67.04,8.07,100.0
20.72,55.69,80.32,29.42,4.25,51.69
28.37,78.11,94.54,31.04,3.84,48.27
29.48,47.72,97.52,37.66,6.33,85.87
24.51,44.16,20.65,98.02,7.03,93.18
31.45,99.61,57.14,46.01,3.94,49.54
31.32,78.18,57.57,37.74,0.98,13.04
34.04,55.19,17.6,47.0,0.77,7.15
32.96,74.27,46.22,53.07,3.05,32.65
33.05,97.01,36.28,88.37,6.59,91.8
26.32,66.32,94.24,99.08,5.88,92.64
35.75,94.03,25.52,48.61,2.59,26.16
30.98,92.13,83.5,46.01,0.04,6.1
28.63,60.65,89.69,33.03,5.78,73.05
32.52,81.76,73.59,77.91,5.08,66.26
27.21,79.63,21.47,65.56,6.95,89.69
30.25,86.27,26.04,36.34,6.18,74.16
34.73,61.96,97.11,51.85,2.22,30.74
37.73,43.13,7.58,20.58,6.6,74.83
38.42,95.12,71.32,78.93,5.82,81.09
30.07,76.99,97.86,25.21,5.17,65.86
30.41,86.51,77.69,34.95,3.21,38.6
36.0,85.36,74.64,6.81,7.12,94.55
26.29,91.29,68.52,76.08,4.81,64.06
36.75,45.09,48.89,19.49,1.84,21.3
29.88,41.04,84.08,73.53,2.14,29.16
22.32,86.93,32.89,69.45,7.11,97.07
21.44,72.96,19.28,53.81,6.55,82.87
36.84,86.96,1.09,38.71,2.43,22.2
21.11,49.77,62.25,88.94,1.29,17.34
25.61,64.45,29.38,88.41,0.25,6.78
26.68,95.15,86.37,60.28,6.15,89.43
23.46,50.3,28.35,65.79,4.85,52.03
26.28,43.69,15.16,79.65,6.32,75.9
34.85,79.21,96.04,72.28,6.37,97.21
20.29,75.67,96.48,22.49,7.6,100.0
36.54,97.12,68.5,50.34,3.74,45.14
37.13,94.39,92.84,15.19,7.45,100.0
27.45,76.87,91.75,78.11,6.61,100.0
23.07,41.15,46.03,65.36,6.37,82.63
32.02,68.82,20.42,97.91,4.96,55.48
22.39,93.77,47.88,13.65,8.29,100.0
27.3,66.02,79.12,51.01,3.33,40.38
39.17,97.73,84.49,72.4,6.21,95.73
39.91,79.15,0.42,86.73,5.38,61.48
35.44,77.55,61.77,84.98,7.05,100.0
26.22,70.56,99.41,20.2,0.7,13.26
33.75,81.74,58.93,98.23,5.38,75.19
34.11,43.92,29.62,98.13,2.09,24.6
27.76,60.68,38.9,96.91,7.96,100.0
32.82,83.02,32.26,61.36,7.15,96.76
20.21,49.42,44.76,83.19,5.96,78.79
24.18,60.9,44.45,7.6,4.32,42.21
30.5,81.39,50.69,25.55,6.13,79.68
23.28,86.53,46.45,9.2,4.99,53.23
23.32,71.11,51.61,50.56,2.59,30.03
36.73,97.41,2.8,96.47,7.37,100.0
39.78,95.52,5.44,64.92,4.61,49.31
31.12,68.41,37.11,46.13,2.31,24.2
36.78,49.62,88.49,79.28,5.98,88.21
39.81,86.38,79.08,55.03,0.17,8.14
22.83,54.59,11.02,45.76,6.48,75.19
28.96,90.57,49.48,62.93,4.23,48.43
27.85,75.23,60.46,51.18,5.71,72.86
21.6,63.65,48.12,64.15,1.41,15.92
35.11,95.44,49.48,73.84,5.63,73.83
28.68,71.97,99.73,46.24,6.51,95.67
29.39,95.48,9.65,41.5,6.67,81.15
23.01,52.86,51.55,55.87,4.2,45.66
23.62,95.69,51.24,90.48,5.76,77.76
38.14,41.88,56.24,42.3,4.94,54.69
20.89,97.94,68.35,86.46,5.91,85.42
24.66,95.18,63.84,61.72,0.21,7.67
25.84,55.62,8.04,3.41,0.99,9.12
29.8,44.38,74.11,47.62,7.33,100.0
31.73,94.95,92.09,67.03,6.26,94.82
29.87,95.64,75.12,99.8,8.94,100.0
21.68,60.18,98.9,23.44,5.76,75.41
24.87,45.03,13.7,14.21,1.4,9.52
36.87,88.57,53.95,62.74,0.01,6.44
32.75,51.52,99.05,53.69,3.88,51.59
32.98,77.74,83.01,49.53,3.54,41.93
33.4,65.84,13.8,38.92,1.25,11.9
35.26,50.46,59.11,88.66,7.37,100.0
21.16,89.89,58.09,93.25,8.6,100.0
27.33,59.48,65.29,76.44,1.09,15.32
30.79,96.07,94.08,28.82,2.08,25.86
26.77,74.14,49.2,91.39,5.69,76.65
36.89,70.87,7.74,81.91,8.56,100.0
29.65,65.4,47.93,12.4,8.41,100.0
35.37,64.04,78.78,34.17,8.38,100.0
37.04,89.08,35.86,32.76,3.96,42.63
30.1,80.65,2.71,73.0,8.87,100.0
38.19,86.42,30.32,52.39,3.28,34.72
31.74,65.27,68.21,26.69,0.78,11.22
37.01,74.93,69.44,66.83,5.22,68.74
26.81,45.21,37.6,45.75,5.01,54.83
29.98,86.6,13.31,66.6,7.2,94.14
30.63,64.92,47.59,50.87,5.59,69.74
22.1,70.55,14.15,26.1,7.39,88.86
27.97,68.16,10.9,62.0,3.1,30.08
38.35,65.87,69.78,99.89,2.59,33.88
32.62,81.03,15.8,17.67,6.82,79.24
23.55,76.52,15.48,52.84,4.48,44.6
26.78,98.32,59.25,37.57,1.61,18.99
23.83,48.33,4.36,21.84,3.38,29.75
20.5,74.41,3.3,87.55,7.21,89.62
38.55,43.79,43.14,95.78,8.32,100.0
28.96,90.82,76.96,69.32,6.27,91.62
26.15,96.29,81.16,83.91,8.0,100.0
31.97,65.7,99.35,9.18,7.3,100.0
20.15,88.13,43.47,61.78,1.8,22.75
25.56,67.3,57.61,2.65,5.22,58.39
34.06,53.67,91.92,49.62,5.35,72.42
32.68,68.35,48.32,15.28,8.51,100.0
39.64,44.25,78.11,67.23,0.14,8.78
32.41,93.87,54.87,92.89,8.73,100.0
29.55,97.23,68.32,65.98,7.15,100.0
35.23,85.62,93.25,77.77,0.2,8.92
38.07,92.94,75.93,89.47,4.84,66.45
34.41,87.49,90.09,17.62,0.63,12.87
39.26,65.91,49.77,92.26,5.43,72.88
35.64,47.12,60.68,62.09,4.06,47.87
37.34,65.34,11.26,24.21,0.84,6.59
22.28,96.05,26.09,67.14,5.21,60.72
34.65,96.95,6.6,28.81,7.08,86.78
28.8,86.07,94.51,2.54,3.32,40.56
31.06,52.27,62.39,44.21,7.71,100.0
33.08,59.65,24.88,56.64,2.32,25.25
39.4,92.79,29.08,91.87,5.9,78.84
39.69,48.51,27.8,43.01,2.37,23.42
25.76,86.78,67.15,86.72,4.89,65.1
34.68,62.7,23.1,13.13,7.36,91.0
35.0,58.12,49.8,93.55,7.66,100.0
26.93,71.76,56.83,27.73,2.46,28.0
22.48,41.58,5.82,1.13,0.18,0.62
20.82,86.66,49.51,18.38,1.96,22.67
35.55,69.17,34.88,1.81,4.57,44.52
29.79,66.44,61.17,22.42,6.34,81.9
39.71,94.46,61.23,49.28,3.69,43.62
29.3,74.69,68.38,34.87,2.19,24.9
39.56,69.8,53.56,90.77,4.5,53.53
28.23,80.97,2.68,54.51,2.7,24.88
35.87,54.23,7.6,11.78,5.54,53.39
21.7,99.84,61.76,69.88,6.42,90.46
31.11,91.31,74.62,38.89,3.67,44.89
36.04,42.25,9.64,10.33,0.8,4.18
38.49,49.89,33.95,78.62,8.91,100.0
36.45,57.88,53.49,98.56,4.46,60.07
20.74,99.4,32.2,57.66,3.83,41.69
27.45,78.07,90.89,36.68,8.9,100.0
20.97,78.17,28.77,43.36,8.33,100.0
22.19,75.62,67.63,96.08,7.42,100.0
33.51,92.12,89.36,91.45,7.34,100.0
34.27,93.57,10.53,3.01,2.44,25.21
35.47,72.87,15.56,24.73,5.61,59.52
37.31,58.56,52.95,98.78,7.51,100.0
34.79,81.88,84.45,92.8,8.83,100.0
36.02,90.0,99.93,4.83,1.54,19.51
20.98,87.17,62.27,97.96,2.47,33.03
24.69,98.62,53.36,79.2,7.96,100.0
32.44,78.21,78.69,0.27,7.75,100.0
37.16,59.27,6.37,91.35,6.45,80.1
20.09,69.88,80.94,96.04,0.93,16.45
30.29,88.98,75.84,62.88,6.36,91.38
33.55,44.37,0.07,24.67,0.05,4.08
20.59,53.88,2.3,33.25,3.34,29.39
28.03,83.49,20.22,57.23,2.26,24.33
37.91,77.58,59.35,66.99,4.08,49.56
33.43,88.99,94.12,56.13,4.82,65.5
24.75,48.62,63.85,30.46,1.46,17.06
37.06,60.14,51.01,64.92,4.58,50.05
26.96,56.09,48.84,83.84,0.43,9.72
37.07,81.87,78.0,83.6,3.7,47.87
25.98,92.3,80.04,75.2,8.64,100.0
31.81,67.36,9.45,44.54,6.65,79.63
27.94,68.68,67.7,3.87,0.62,11.87
25.5,82.88,24.61,40.52,2.37,21.45
37.73,82.11,32.56,24.22,1.77,17.1
23.75,99.54,45.47,93.04,4.27,53.42
21.7,47.2,11.95,11.02,0.35,3.57
26.84,53.39,92.17,40.06,8.41,100.0
34.35,96.76,88.64,99.57,8.46,100.0
36.15,57.7,99.11,20.74,7.93,100.0
39.97,41.81,96.45,9.14,6.31,82.12
25.93,50.79,31.45,8.74,3.27,30.81
28.16,46.16,38.06,58.28,7.92,100.0
22.74,51.76,69.83,88.89,3.66,46.26
31.5,87.74,1.58,22.28,6.29,69.09
39.95,57.57,99.39,76.0,7.09,100.0
34.02,89.82,85.84,84.41,8.35,100.0
31.9,91.9,70.91,59.45,5.12,64.29
27.85,74.46,66.87,65.37,7.81,100.0
38.31,69.12,91.41,82.63,2.08,32.65
29.94,85.01,64.41,94.32,8.39,100.0
22.69,45.83,59.7,63.26,2.84,31.86
27.31,65.69,30.04,46.27,3.73,41.1
21.34,53.29,9.27,7.2,1.0,7.05
24.04,53.02,23.14,23.43,1.33,14.74
20.35,88.85,51.56,92.31,8.66,100.0
29.07,90.9,77.96,58.29,2.21,29.4
32.69,81.87,6.96,34.27,5.47,57.27
26.87,58.06,27.69,39.25,2.15,20.64
28.41,89.67,95.98,11.37,1.18,18.81
39.18,92.4,32.34,75.16,2.6,29.13
35.04,68.83,62.19,41.24,4.97,59.89
30.82,99.14,51.99,93.65,5.46,73.98
25.69,92.49,93.66,45.44,2.37,31.39
37.94,70.63,16.28,81.84,8.89,100.0
24.7,44.16,29.94,13.02,3.26,30.01
26.51,41.96,13.08,6.51,1.07,7.31
38.18,86.58,66.62,27.32,0.32,6.59
30.59,80.46,80.86,98.55,8.86,100.0
34.85,68.19,39.49,97.67,2.73,29.53
31.81,76.29,41.13,80.81,4.83,58.56
33.07,92.7,93.49,34.84,7.53,100.0
25.99,90.83,67.11,51.98,6.52,91.87
24.83,85.86,92.91,53.32,3.24,44.41
26.45,67.5,5.88,9.48,0.73,4.44
23.11,75.35,34.14,63.27,2.52,28.28
37.49,55.92,21.39,3.9,1.17,11.6
25.66,50.88,65.64,8.59,5.99,70.67
31.23,73.68,83.92,91.91,8.43,100.0
35.84,98.84,65.91,40.35,0.75,12.69
35.68,73.02,11.46,72.7,6.19,76.55
28.77,78.73,94.24,92.08,7.56,100.0
29.53,80.65,66.09,30.94,5.37,64.24
39.89,89.82,86.99,8.78,4.37,51.83
33.49,99.81,94.24,75.12,7.69,100.0
36.29,69.85,47.47,67.1,1.74,19.46
38.05,50.56,68.89,49.98,3.57,41.5
35.75,76.88,77.64,7.5,5.77,70.45
23.7,57.75,7.85,7.02,2.83,23.6
31.24,70.46,40.73,69.96,4.4,51.42
22.04,81.86,91.29,78.67,7.68,100.0
33.06,76.02,73.17,93.55,6.23,95.13
39.11,73.83,1.16,79.47,6.67,84.7
30.25,50.41,26.48,34.56,5.66,62.64
28.66,56.76,46.48,6.82,5.33,56.51
20.72,42.08,22.29,33.39,4.3,41.99
39.2,50.17,2.69,73.05,3.28,31.26
22.06,99.2,53.95,65.58,4.94,60.14
20.82,99.91,64.94,48.15,6.89,96.24
24.92,83.19,41.61,27.97,6.35,76.57
21.31,85.02,91.15,87.56,7.59,100.0
29.1,99.31,77.58,87.05,7.82,100.0
30.32,93.79,47.75,39.0,7.02,95.44
26.25,87.12,95.97,92.14,7.75,100.0
21.02,42.12,28.72,45.53,2.1,20.04
22.23,82.56,83.02,10.25,1.09,12.73
27.69,80.16,89.72,90.46,8.34,100.0
21.21,55.48,26.77,12.91,5.61,58.46
33.96,67.81,65.59,60.21,7.57,100.0
24.14,61.68,68.2,42.28,5.05,60.87
26.04,88.65,88.77,89.11,6.08,92.71
27.88,83.28,77.38,8.76,5.01,57.75
28.33,62.7,30.69,34.49,5.81,64.43
20.03,96.47,48.43,18.04,0.51,8.55
22.24,87.38,99.02,9.21,6.03,80.62
37.26,41.66,17.87,77.34,5.38,59.82
20.02,89.11,14.78,13.09,2.18,21.15
30.16,86.37,14.22,17.49,1.01,9.0
29.79,70.99,99.81,36.68,3.12,39.88
26.66,69.81,15.99,29.28,0.54,3.64
28.63,61.84,2.87,0.79,1.3,8.23
35.61,65.49,69.48,98.86,4.91,65.03
36.82,49.57,75.95,42.24,8.26,100.0
25.21,58.77,52.71,20.11,4.66,51.54
26.45,76.76,82.4,73.8,7.41,100.0
24.85,80.86,3.89,49.57,5.98,67.37
29.6,50.73,62.08,46.6,6.3,84.02
33.67,78.69,60.65,2.03,2.82,28.4
24.57,67.96,32.12,12.84,3.74,34.08
26.61,98.0,98.19,78.44,7.79,100.0
38.61,98.51,47.34,53.09,4.77,56.87
20.97,95.79,24.63,58.08,2.72,29.1
29.22,94.03,8.84,87.78,4.94,56.49
34.23,51.12,10.71,22.34,8.29,100.0
23.01,81.17,89.73,77.12,6.15,93.76
20.95,52.88,25.03,22.62,2.41,20.34
22.76,89.4,90.7,3.26,4.63,51.69
38.38,78.14,12.01,64.99,5.42,61.23
20.19,57.65,98.39,21.46,7.65,100.0
23.77,54.95,83.33,91.97,7.14,100.0
20.63,65.77,11.62,93.34,2.84,32.43
22.21,88.04,8.61,10.5,8.28,100.0
32.4,87.77,80.34,19.47,1.33,17.06
24.83,42.0,7.81,21.04,2.48,19.6
31.38,58.14,26.22,91.14,0.3,8.33
31.8,65.37,80.12,7.8,2.8,31.52
36.99,88.7,57.85,87.38,5.77,79.5
20.09,48.97,76.77,28.77,2.17,21.23
37.07,60.12,88.99,58.24,0.11,7.26
32.38,93.14,55.99,17.73,0.09,6.16
23.25,68.59,77.96,80.65,8.32,100.0
35.46,43.67,14.66,24.73,0.11,3.43
37.11,69.09,78.52,2.11,6.29,79.7
25.09,67.9,67.97,23.71,7.07,94.54
38.38,77.32,57.48,46.64,6.25,83.72
29.09,55.56,99.23,53.12,0.55,13.05
32.07,83.36,60.61,53.9,5.86,76.75
39.69,99.36,61.92,38.7,3.86,43.28
27.23,92.14,50.99,92.68,4.08,53.46
36.26,84.27,26.05,19.39,7.98,100.0
26.37,74.17,68.39,79.03,4.96,62.56
35.98,41.81,97.88,90.43,2.82,40.57
32.01,50.52,39.21,62.67,7.7,100.0
24.33,96.26,67.94,96.75,4.68,66.49
28.28,88.98,56.71,41.06,3.78,41.75
26.35,71.38,88.98,69.93,8.59,100.0
21.56,98.13,75.77,1.01,8.0,100.0
20.6,48.79,8.07,27.47,7.99,99.76
26.93,73.55,35.54,56.64,1.91,19.84
20.38,42.92,11.67,26.67,1.32,11.88
23.31,58.39,16.14,95.29,5.91,74.59
34.5,96.41,50.34,57.94,6.22,81.03
34.16,92.1,31.78,85.59,0.43,10.35
34.77,46.11,6.48,79.92,5.0,53.27
26.34,54.97,99.71,77.37,1.97,32.34
37.8,75.67,92.94,11.15,8.34,100.0
31.88,43.68,74.75,47.86,5.05,61.76
22.52,88.06,99.67,92.19,8.92,100.0
22.87,75.07,98.85,78.75,2.19,30.65
33.86,57.46,63.08,58.61,3.79,43.69
23.46,57.59,96.61,81.99,4.76,66.31
30.15,53.74,4.26,95.65,7.31,94.8
39.84,96.14,17.35,55.47,5.5,62.15
20.08,94.08,65.82,67.3,7.24,100.0
20.33,82.26,85.66,76.33,8.47,100.0
39.86,58.09,17.58,62.57,2.66,22.73
31.69,82.16,31.71,47.6,4.85,53.5
22.54,46.09,58.82,95.96,4.23,51.59
37.95,44.3,99.97,81.76,0.2,12.86
37.61,84.66,79.97,75.19,1.87,26.95
30.72,75.02,68.91,62.21,5.6,76.5
32.44,55.9,67.5,48.54,4.9,57.36
25.46,89.34,84.9,75.54,7.89,100.0
21.01,97.44,50.7,93.64,5.38,71.56
31.89,46.26,12.42,99.76,4.53,48.51
25.9,50.99,70.96,73.44,1.35,19.5
33.27,65.8,60.15,73.08,0.02,8.35
36.72,56.93,48.54,9.39,3.02,30.43
20.36,42.9,23.37,3.05,0.08,1.63
31.91,81.44,78.42,34.67,1.2,16.88
24.63,71.58,82.04,86.46,8.5,100.0
37.48,76.67,36.42,1.13,4.88,46.53
25.07,78.75,25.33,59.88,2.8,31.08
32.22,85.62,36.97,48.39,8.79,100.0
31.07,42.53,10.76,12.8,2.36,21.55
27.92,58.77,16.65,60.1,5.25,56.71
33.55,81.07,49.45,69.2,3.07,36.28
34.52,59.78,7.99,77.98,0.76,10.36
31.34,44.71,71.84,70.18,7.14,100.0
35.17,60.7,79.51,55.34,0.11,7.15
39.67,82.69,54.95,8.19,7.82,100.0
28.39,47.32,89.33,86.29,7.15,100.0
30.29,83.48,95.43,98.34,5.75,89.86
20.25,86.53,44.76,77.8,5.32,67.33
35.92,78.12,8.91,3.47,7.61,89.26
30.4,54.65,23.13,75.57,0.5,8.29
28.16,88.32,65.76,26.96,6.63,86.56
21.88,52.87,40.58,96.21,1.62,20.77
37.79,94.35,68.5,6.35,0.18,6.14
27.9,82.4,66.67,9.23,2.81,28.64
33.65,77.39,94.92,77.97,6.17,93.99
22.99,87.96,15.78,75.32,1.73,17.82
39.23,70.39,28.59,65.14,6.4,80.55
23.57,67.16,37.79,72.72,5.03,60.06
23.99,65.23,82.44,35.39,8.28,100.0
37.18,76.4,68.22,87.96,6.86,100.0
38.25,83.47,64.49,44.63,7.44,100.0
24.24,99.89,54.85,89.64,5.59,78.21
29.4,56.38,50.32,76.75,7.26,100.0
34.67,77.85,3.96,52.95,1.06,9.28
37.57,71.1,47.37,26.1,3.86,42.85
27.58,80.49,14.03,38.51,3.62,34.62
30.34,69.58,6.4,71.07,2.99,28.73
34.83,57.06,53.68,44.49,3.3,36.89
34.62,59.22,27.8,54.53,2.77,27.92
35.66,58.0,11.51,42.72,7.88,100.0
31.4,73.6,28.85,31.38,3.2,31.49
22.09,72.75,12.43,26.59,8.16,100.0
38.08,78.84,89.98,87.72,6.16,94.12
37.31,41.99,20.22,31.98,4.01,37.55
35.96,43.09,1.4,48.05,8.11,100.0
22.0,81.7,27.65,20.99,4.05,39.27
24.09,91.66,74.51,89.78,6.76,100.0
34.87,67.28,33.65,33.16,3.25,30.74
20.46,93.35,83.91,81.66,6.16,91.85
39.58,75.13,25.35,53.45,3.44,36.47
27.54,55.69,22.94,37.69,7.31,88.64
34.39,99.74,55.96,70.12,4.83,58.17
37.75,73.8,40.07,65.62,5.74,71.65
27.89,53.96,89.68,75.68,4.76,64.47
26.38,69.76,92.79,52.3,5.11,66.82
32.17,60.12,71.31,36.74,6.2,82.33
31.62,86.77,21.57,20.11,1.09,9.14
28.18,93.57,86.29,86.14,8.31,100.0
32.04,91.42,30.54,87.3,3.2,38.18
38.71,86.04,79.83,12.1,0.11,5.14
29.35,91.68,2.92,21.54,5.79,61.21
23.93,93.7,66.25,66.52,5.52,71.02
27.54,53.79,32.32,57.5,6.53,83.97
27.88,71.26,48.1,91.62,8.98,100.0
22.62,72.13,62.3,54.67,5.25,64.57
23.26,86.34,52.8,58.97,4.73,56.21
33.69,43.62,67.44,72.55,5.2,64.23
26.79,57.5,59.55,77.55,3.22,38.07
39.1,54.52,24.41,37.87,6.1,70.99
24.87,92.2,4.36,30.73,1.77,14.67
21.98,67.83,85.6,1.44,8.7,100.0
35.07,81.01,49.23,78.74,3.97,49.08
37.62,97.73,61.87,16.16,0.1,3.95
25.56,57.95,48.85,22.61,5.9,68.85
24.04,85.67,61.89,27.66,1.08,13.34
23.72,41.37,62.7,86.97,0.8,13.61
30.44,46.25,1.5,28.79,0.21,4.74
29.37,49.71,53.33,42.57,7.95,100.0
25.19,99.89,73.41,69.78,6.85,100.0
20.9,97.16,83.91,99.67,7.65,100.0
29.63,68.62,74.59,79.12,4.4,56.71
39.19,54.72,23.59,53.54,8.2,100.0
33.05,43.97,5.45,0.22,8.2,99.79
29.91,84.31,91.03,96.32,7.54,100.0
22.21,41.42,86.51,25.36,3.6,41.41
25.05,88.57,24.07,41.38,4.26,43.32
25.9,95.75,68.75,36.22,7.43,100.0
35.3,63.95,36.68,60.89,2.99,31.99
37.53,75.76,72.11,41.2,1.03,12.89
38.03,79.42,46.48,72.61,8.3,100.0
39.69,79.13,79.25,5.22,0.26,5.38
39.65,98.24,54.26,51.66,5.29,66.58
39.06,97.86,35.11,84.31,1.75,20.9
21.44,65.6,84.08,33.5,0.76,12.51
22.76,77.02,3.86,39.68,8.76,100.0
26.09,88.17,18.72,96.37,1.49,19.36
31.06,87.06,83.49,65.9,6.19,88.82
21.94,64.61,15.19,19.46,0.84,6.64
36.92,79.17,0.51,5.96,4.42,40.28
32.34,83.03,57.51,98.8,6.9,100.0
30.85,62.13,37.85,65.38,5.94,77.74
23.31,57.74,63.0,69.3,5.15,62.12
25.07,50.93,90.7,27.46,4.6,54.54
23.21,74.69,46.69,38.21,2.17,24.63
37.04,95.16,55.46,55.75,3.62,42.1
31.68,93.76,46.28,47.02,8.15,100.0
34.7,61.6,11.85,74.12,7.38,100.0
25.92,55.47,79.31,37.19,0.58,11.3
27.43,87.33,88.52,42.94,7.56,100.0
28.1,83.5,81.15,65.23,7.45,100.0
35.2,70.32,94.76,63.96,7.22,100.0
35.45,63.34,46.8,97.12,7.33,100.0
24.14,91.18,99.75,75.88,6.18,93.82
38.83,87.11,16.83,32.1,0.5,7.53
22.41,77.05,97.68,28.74,3.45,43.55
37.92,62.61,58.06,53.4,8.72,100.0
22.01,95.13,26.17,11.96,4.97,50.99
25.29,79.58,80.54,58.81,6.14,86.32
36.93,95.75,58.65,39.03,3.26,39.22
23.59,63.25,38.48,33.93,2.45,25.44
28.27,67.68,48.43,47.77,2.34,23.24
29.0,96.23,87.73,49.54,3.25,41.8
24.91,97.59,54.67,3.76,5.05,54.9
34.2,65.42,41.77,46.93,3.05,28.67
37.03,89.13,75.73,28.55,8.7,100.0
37.49,67.74,10.5,90.51,2.33,28.21
26.79,91.32,96.81,65.9,7.43,100.0
30.62,63.01,98.37,78.06,2.63,35.68
24.97,76.57,51.76,42.64,2.74,26.7
24.9,61.81,95.57,87.9,3.31,44.28
23.23,85.4,6.24,87.06,7.85,100.0
38.8,95.38,26.93,22.55,5.4,57.49
37.76,98.22,90.15,30.33,1.02,18.61
35.55,96.86,8.95,70.79,2.66,28.36
30.35,55.46,44.88,42.84,3.63,38.52
29.81,69.51,34.13,60.93,6.01,77.14
30.59,99.26,87.99,67.77,3.2,42.56
30.73,53.09,51.81,11.43,1.76,16.43
28.69,41.59,24.77,10.36,0.67,5.92
22.64,97.79,52.43,63.78,5.6,70.24
22.51,85.91,72.19,66.83,6.89,100.0
39.04,72.18,73.12,81.74,4.31,57.32
29.64,47.92,61.83,69.38,3.15,38.29
39.06,70.79,60.07,20.77,3.44,35.11
23.27,96.65,43.78,7.01,0.28,5.8
31.09,76.17,29.42,39.1,8.49,100.0
24.15,64.28,6.54,37.13,3.3,29.32
25.06,73.07,94.7,76.74,4.35,58.37
20.6,93.17,41.66,67.15,3.21,38.15
22.38,79.88,95.8,72.94,6.29,97.18
38.34,64.01,37.58,50.43,6.17,79.19
26.43,76.48,98.79,28.87,6.03,83.79
32.16,56.75,79.62,50.43,7.29,100.0
29.3,67.07,9.58,21.55,0.65,3.65
28.01,53.19,60.82,6.05,7.87,100.0
30.64,71.89,48.46,49.97,8.61,100.0
23.74,46.35,4.67,13.85,1.41,11.35
39.77,86.79,81.02,81.73,6.06,89.23
36.37,67.66,24.55,29.36,1.38,10.85
34.83,83.76,61.37,70.44,4.73,61.51
29.38,48.37,50.26,7.38,6.83,85.64
23.06,82.69,37.36,71.0,0.54,7.3
38.41,53.3,64.33,8.28,7.83,100.0
26.83,47.08,74.94,51.77,7.55,100.0
21.0,86.19,97.38,84.26,7.97,100.0
26.85,55.59,50.34,49.9,3.71,43.46
35.89,93.76,11.38,74.74,5.69,69.26
32.45,76.55,21.64,38.56,6.44,78.05
35.02,91.95,87.37,97.85,6.32,100.0
35.87,73.66,14.47,48.64,7.06,87.62
24.24,72.71,72.6,86.36,4.1,53.6
38.48,90.82,37.26,15.13,1.65,20.54
28.76,89.68,66.35,47.11,7.73,100.0
32.78,60.98,91.03,20.14,3.05,37.0
20.05,85.83,78.09,47.03,0.51,11.71
39.87,72.58,82.59,59.25,7.49,100.0
25.62,94.54,26.11,78.22,7.19,100.0
21.24,88.17,36.17,85.32,7.22,100.0
29.17,97.87,90.26,93.28,8.85,100.0
22.58,92.76,77.72,89.35,5.43,78.57
23.05,98.11,79.01,55.78,0.13,6.2
32.65,47.28,21.07,16.52,0.4,5.95
27.86,47.19,23.16,77.04,2.33,25.46
38.44,88.44,28.91,82.48,4.73,57.04
26.38,57.75,49.13,52.14,2.85,32.22
34.52,60.33,55.39,90.24,1.2,16.34
29.22,93.04,75.45,47.29,7.81,100.0
33.2,68.54,21.2,27.35,1.33,14.3
31.99,54.94,9.05,17.89,1.1,10.46
29.46,80.21,86.88,7.02,7.41,100.0
39.0,57.31,26.14,18.21,5.53,56.64
26.85,98.5,88.47,55.83,4.52,60.84
23.54,74.26,30.0,1.46,4.4,40.93
33.56,71.01,44.1,15.74,6.75,82.7
36.92,64.21,85.12,37.41,1.88,22.87
20.81,48.18,32.4,62.43,5.48,61.47
28.99,99.37,71.79,98.74,7.74,100.0
37.85,65.85,66.87,57.49,0.77,12.9
34.99,96.08,99.97,66.31,4.98,71.37
39.84,91.34,90.57,93.32,7.8,100.0
30.63,86.06,70.11,66.05,6.68,98.15
33.2,54.55,52.7,25.01,5.85,70.76
26.05,82.96,41.06,99.74,2.02,25.49
38.95,41.23,74.99,88.82,7.75,100.0
27.33,89.58,55.48,37.35,3.12,35.17
34.77,69.62,79.78,2.92,6.38,80.99
28.06,96.2,74.39,52.87,2.41,30.85
31.24,62.67,98.51,86.52,1.77,28.95
34.4,55.79,81.09,82.19,7.74,100.0
30.18,99.7,6.68,89.76,8.27,100.0
38.14,99.27,72.69,75.36,5.99,87.55
28.39,91.79,64.97,71.3,2.83,35.01
32.94,94.66,8.98,16.24,6.32,70.09
26.85,71.11,60.55,3.64,2.05,22.63
28.16,67.34,75.08,15.14,7.78,100.0
28.8,73.17,19.72,20.11,0.08,3.15
22.52,90.86,43.49,6.14,1.28,13.36
21.83,67.78,17.43,25.94,1.18,12.25
33.35,59.7,41.32,78.39,2.86,32.74
33.11,53.78,17.0,4.28,1.04,7.44
33.26,63.79,56.81,38.41,3.71,40.25
20.4,76.66,77.16,92.53,0.97,20.16
26.53,88.29,77.81,15.2,0.71,10.52
23.96,93.19,44.8,2.13,2.6,24.48
35.56,66.92,53.95,47.94,5.58,68.02
37.21,62.19,15.36,86.85,5.34,61.07
24.93,79.18,99.25,74.91,6.78,100.0
33.36,48.01,53.17,3.47,6.85,84.52
22.59,61.9,22.47,67.33,5.69,67.03
25.5,78.91,24.55,26.44,2.94,27.39
22.77,65.13,61.62,27.1,4.97,57.58
25.67,59.04,5.66,65.34,2.95,28.63
33.49,78.1,44.45,45.1,3.14,36.14
38.21,52.94,85.84,20.56,8.27,100.0
24.05,55.38,27.74,90.15,0.34,7.51
30.84,96.15,71.97,22.3,3.14,35.58
34.03,44.9,9.38,84.05,4.78,50.75
39.06,64.88,93.05,70.17,5.13,70.79
32.2,74.61,44.93,22.09,5.24,58.32
25.1,53.82,49.16,71.13,6.45,86.44
32.51,56.86,56.98,2.6,1.15,13.51
26.41,53.31,36.34,23.63,6.47,77.94
39.52,84.46,79.36,89.39,7.96,100.0
27.99,93.91,1.46,88.92,0.27,6.39
33.71,65.9,16.22,91.54,0.32,6.71
20.46,65.07,18.88,27.1,8.92,100.0
28.0,63.19,63.53,47.47,2.81,33.49
37.5,97.85,89.06,98.16,4.1,60.15
32.2,47.04,6.36,66.6,2.79,27.46
28.88,92.31,85.25,6.97,5.01,57.75
38.72,59.63,81.95,39.14,6.4,88.74
37.08,54.79,18.81,12.29,0.99,8.78
26.44,58.91,14.32,30.64,3.2,30.08
30.89,44.97,35.0,51.99,2.35,27.08
29.8,71.2,11.47,73.6,4.92,52.66
32.64,53.67,75.83,69.15,3.46,43.57
26.68,85.18,50.41,35.15,5.6,66.82
24.88,79.44,41.08,73.66,5.5,68.6
38.25,81.19,72.49,53.41,8.05,100.0
38.48,85.42,82.61,97.6,6.87,100.0
36.87,82.52,87.15,11.39,0.92,10.65
39.56,99.0,67.9,66.58,6.99,100.0
34.9,99.92,34.65,39.46,5.25,59.21
35.29,83.91,53.99,35.18,0.56,9.14
35.25,79.18,68.57,75.48,5.54,74.58
29.61,92.03,98.5,55.71,5.85,86.74
29.13,75.36,43.56,38.59,4.37,48.3
24.8,73.16,89.68,53.63,7.02,100.0
32.9,52.5,19.29,8.66,0.87,9.16
25.79,81.46,92.36,89.88,7.24,100.0
25.16,62.48,73.0,76.07,2.67,36.03
31.72,75.66,22.66,55.59,2.54,24.51
28.2,88.96,9.16,73.94,4.28,46.62
24.38,84.77,61.4,67.41,6.22,86.98
36.32,80.34,45.66,84.66,4.26,53.7
37.21,64.24,29.43,39.32,2.18,21.73
23.35,65.95,65.56,66.6,6.16,86.73
20.15,91.55,10.52,99.1,0.63,9.48
26.72,55.27,1.29,0.65,0.74,5.26
35.95,80.03,19.58,27.02,6.37,75.31
36.78,76.76,16.99,18.22,5.38,55.56
22.77,66.34,33.78,54.91,3.94,43.3
35.49,50.36,3.0,42.69,1.55,11.1
22.31,87.99,96.61,78.39,5.89,90.27
27.8,67.01,44.99,4.92,0.99,8.56
39.97,65.72,48.98,18.04,5.44,62.23
23.85,61.71,29.94,6.32,1.65,10.14
23.08,63.13,8.56,81.56,5.37,57.4
28.46,71.2,58.82,10.66,1.36,15.19
32.39,46.41,34.48,92.32,0.85,12.72
38.66,65.5,62.41,66.38,4.24,51.22
39.62,79.12,55.58,90.95,6.39,93.13
21.39,69.89,21.69,40.89,2.15,22.18
22.76,79.63,75.68,55.0,4.49,59.99
35.81,61.78,30.81,2.76,7.19,86.27
25.41,66.58,23.97,46.59,4.94,54.19
37.7,80.13,76.97,59.07,5.37,70.06
33.27,94.05,1.19,10.06,1.98,15.12
22.24,73.02,26.89,98.12,1.12,13.69
36.65,80.58,53.11,0.44,1.34,13.83
23.53,44.63,47.61,26.75,8.76,100.0
28.47,97.27,94.02,61.56,0.78,17.22
31.04,58.91,84.37,49.76,1.36,20.12
30.02,61.26,75.16,23.92,1.85,23.85
33.72,53.37,51.41,98.68,7.09,100.0
33.05,45.08,42.89,18.89,3.58,35.64
39.84,87.4,3.66,56.84,7.12,88.46
39.99,54.43,82.17,11.59,3.77,39.66
30.33,85.4,76.44,78.21,7.95,100.0
21.9,80.2,75.61,75.84,8.06,100.0
34.56,98.49,60.66,80.47,4.03,50.17
39.53,57.42,16.33,28.63,0.77,6.97
26.37,95.79,52.31,29.36,8.4,100.0
29.22,91.7,14.96,1.67,0.14,2.39
28.5,94.38,92.16,94.05,5.08,75.43
21.03,68.74,11.28,21.19,5.91,64.21
33.45,50.23,96.96,57.46,7.59,100.0
27.07,81.79,76.19,97.74,8.99,100.0
35.75,57.55,94.66,9.72,6.19,78.8
36.64,83.03,91.46,17.02,2.61,32.64
36.42,41.54,40.63,11.23,7.38,90.77
28.33,48.52,80.0,53.08,0.57,8.41
26.43,80.97,8.98,39.71,5.92,66.83
34.98,47.41,8.27,80.13,1.82,17.73
36.03,42.9,35.6,11.62,6.89,83.81
29.83,46.55,60.98,43.11,7.11,99.05
37.86,81.44,0.93,42.83,1.57,12.37
22.88,48.36,51.52,23.08,7.14,94.65
37.58,48.78,97.56,9.6,7.54,100.0
21.92,53.82,85.84,1.07,0.48,9.79
23.07,85.05,23.25,1.88,3.87,38.52
30.68,52.02,52.81,39.86,1.73,18.02
21.35,42.12,17.14,5.43,1.14,12.46
21.06,94.35,26.33,39.46,7.23,94.43
20.01,47.1,18.06,13.78,0.75,7.44
28.73,51.09,99.78,44.54,5.8,81.8
35.49,55.92,24.26,19.17,0.03,3.07
20.7,78.16,90.98,72.97,6.87,100.0
33.05,83.17,38.39,39.23,5.49,59.27
36.46,75.01,87.82,75.03,6.1,89.27
23.36,95.89,8.92,4.54,7.92,96.01
22.94,89.66,14.77,5.39,0.74,5.06
37.22,75.3,42.48,82.45,5.61,71.2
36.46,40.54,23.54,26.6,6.33,67.59
30.78,93.02,84.49,18.38,5.5,67.69
36.38,75.47,25.39,61.88,3.99,43.59
21.86,87.27,53.63,53.27,2.24,27.89
27.89,44.31,43.26,61.58,6.9,91.28
34.76,82.51,83.1,0.8,4.99,58.09
25.15,88.28,16.6,26.08,7.09,82.97
35.05,45.83,1.81,11.3,1.06,8.26
30.08,74.83,4.91,76.09,1.14,13.85
35.01,73.87,30.87,34.02,3.02,31.05
29.29,65.52,13.88,57.74,3.51,34.92
27.36,82.08,81.21,93.19,1.16,16.3
24.38,95.25,1.8,98.47,0.73,12.34
24.17,75.99,81.51,12.73,0.73,14.44
35.03,84.75,61.14,62.97,5.67,75.92
22.38,41.05,1.9,69.91,0.3,6.72
21.72,77.15,77.42,78.21,7.27,100.0
23.53,91.88,10.16,92.01,8.41,100.0
23.51,43.96,53.99,72.83,3.83,46.29
36.46,63.85,33.2,68.99,1.68,19.01
27.97,59.55,23.42,39.88,2.72,25.1
39.81,70.1,85.32,54.48,7.37,100.0
22.74,53.24,46.43,59.88,8.36,100.0
33.07,61.22,75.79,69.65,2.15,30.28
28.97,64.49,91.66,58.34,0.28,10.85
27.86,47.04,68.92,40.95,2.78,32.25
37.5,79.65,32.2,48.75,3.47,37.17
39.51,75.53,46.33,96.73,0.03,3.21
37.46,78.86,23.0,32.91,6.13,71.3
23.85,76.65,45.84,78.45,1.12,15.34
24.42,94.18,88.44,95.56,8.56,100.0
33.12,50.47,80.72,44.38,6.47,91.32
25.78,49.93,60.99,41.43,6.94,94.45
34.69,45.88,63.32,53.72,1.66,16.68
31.33,84.13,11.03,79.98,6.92,90.08
31.02,66.1,24.66,10.67,0.4,6.67
36.57,80.09,78.92,91.07,2.77,37.46
34.21,50.7,54.23,77.41,1.1,14.37
20.53,47.1,93.16,34.9,2.04,24.11
20.99,84.42,69.88,80.49,7.24,100.0
32.03,70.5,21.47,10.52,6.05,65.33
29.72,78.73,69.85,14.44,7.66,100.0
25.2,88.72,70.1,10.36,0.44,10.66
28.37,47.71,6.55,10.28,2.3,18.67
35.16,76.97,69.37,96.01,3.12,40.91
36.53,58.7,9.83,9.16,0.48,6.69
31.22,58.74,25.45,82.06,7.42,100.0
27.71,44.78,3.14,56.28,0.39,4.71
25.41,49.36,62.74,61.95,5.53,70.77
30.44,45.49,73.17,88.1,4.79,61.87
26.29,70.86,22.09,37.52,3.82,37.96
31.28,62.6,79.25,69.45,2.75,36.62
33.53,71.4,76.2,89.93,0.92,19.41
21.32,62.18,39.59,41.61,3.83,39.83
20.02,80.33,78.3,78.86,8.42,100.0
24.25,78.95,28.02,85.67,4.91,55.12
37.89,44.6,16.54,50.39,5.33,57.63
32.93,93.04,61.73,77.38,5.38,74.38
23.44,45.79,81.77,25.1,0.38,9.13
37.81,54.9,7.84,45.18,5.1,50.79
29.4,57.6,51.35,25.79,0.73,9.03
29.52,83.06,26.69,3.0,8.37,100.0
38.71,80.76,65.16,54.61,5.67,74.2
21.19,84.82,32.23,84.92,1.62,19.06
24.3,43.71,12.76,88.25,5.38,61.8
31.72,99.63,22.27,87.3,1.19,13.55
23.91,43.27,32.65,55.37,8.43,100.0
33.59,54.66,16.09,9.58,0.56,4.76
24.28,84.42,46.84,49.91,2.86,32.9
21.98,75.51,52.02,46.25,6.12,79.98
24.14,66.33,37.0,47.44,0.02,1.3
28.45,85.43,49.83,25.41,2.59,27.33
23.52,84.39,41.79,61.35,2.11,21.83
22.69,99.84,92.69,97.19,7.77,100.0
37.21,87.56,6.76,97.47,0.77,9.77
26.41,44.71,58.6,17.2,8.71,100.0
27.22,69.52,42.37,49.11,3.21,32.43
21.11,78.7,37.54,35.11,7.71,100.0
27.15,89.3,54.65,21.55,0.54,7.16
25.3,67.79,75.98,99.19,7.6,100.0
32.21,54.21,97.77,55.86,5.88,87.3
24.11,69.44,49.36,35.97,6.11,75.54
37.77,55.01,25.7,64.27,7.26,94.2
38.59,71.72,79.16,45.31,4.73,58.51
22.0,67.75,22.16,20.88,5.71,61.7
22.15,91.94,55.93,88.53,4.61,58.61
22.31,75.55,63.45,51.79,5.85,76.61
32.39,52.0,40.38,63.76,0.5,8.55
22.44,68.45,55.7,81.66,8.84,100.0
37.05,43.03,11.96,26.26,7.93,99.31
35.09,53.76,5.6,62.13,4.63,48.54
36.4,61.22,98.63,70.85,7.03,100.0
30.52,98.04,83.23,77.79,4.9,67.63
39.93,56.17,33.55,48.75,4.2,41.58
20.88,73.64,50.47,35.88,0.88,11.62
28.03,92.7,37.45,37.29,4.33,49.95
26.48,72.62,9.73,44.62,3.16,31.16
38.97,60.11,10.54,16.9,1.47,12.46
31.54,43.72,49.34,48.83,8.63,100.0
36.12,64.16,58.16,25.58,3.52,37.57
23.41,73.67,79.82,39.43,7.07,100.0
39.57,81.02,31.18,94.54,5.37,68.51
29.97,99.35,48.52,50.44,5.17,61.45
29.87,51.13,28.28,44.95,5.26,58.63
39.42,72.82,68.57,77.31,5.93,81.88
27.61,59.19,94.93,54.33,5.38,72.16
27.95,97.5,84.05,94.69,1.14,18.84
31.7,89.72,79.95,99.14,8.48,100.0
22.56,43.75,39.53,37.76,2.68,27.27
26.42,83.86,58.05,84.09,4.66,59.86
23.86,96.85,73.68,80.18,8.81,100.0
22.07,47.59,29.47,78.74,8.8,100.0
37.32,64.45,53.16,79.45,2.81,37.17
31.79,58.38,82.89,1.09,0.38,9.22
27.17,45.5,56.46,76.42,8.75,100.0
28.17,68.88,51.88,57.63,3.99,45.71
28.63,70.1,96.21,58.58,1.78,25.84
32.66,44.63,11.64,31.7,7.46,87.94
38.54,62.31,39.64,36.04,2.3,24.94
38.66,57.08,12.7,73.82,0.12,7.0
27.83,97.68,73.28,25.73,6.79,92.63
26.59,99.4,77.84,98.18,8.46,100.0
29.02,66.05,26.46,71.05,7.44,100.0
31.36,89.41,88.11,84.78,7.76,100.0
29.24,93.17,78.85,73.07,7.31,100.0
33.18,61.68,47.22,87.92,7.35,100.0
31.09,49.81,0.66,38.21,0.32,5.31
26.41,97.29,66.38,54.3,5.5,73.78
26.91,81.53,81.3,89.66,8.43,100.0
27.57,83.1,82.39,82.19,8.92,100.0
21.89,83.76,40.18,13.89,8.29,100.0
23.32,73.28,49.7,59.11,2.42,29.29
34.46,84.08,71.6,24.21,6.67,90.04
27.78,78.53,30.42,17.51,8.01,100.0
24.29,70.01,7.4,8.91,0.15,3.2
31.25,97.5,89.39,85.54,7.69,100.0
35.11,97.55,53.91,25.05,7.84,100.0
25.15,53.85,17.34,7.96,0.36,5.48
36.54,86.52,59.22,93.83,3.3,40.4
38.55,74.65,20.83,64.46,2.92,31.33
31.95,55.59,83.22,69.33,6.3,89.85
33.38,92.53,29.15,13.27,0.54,3.63
21.05,40.65,95.93,19.27,7.02,99.39
38.91,53.65,32.53,89.87,2.25,26.3
27.85,64.22,90.95,63.43,4.69,60.99
38.48,75.17,87.9,80.97,1.73,24.48
31.58,73.65,86.4,35.75,6.61,93.97
20.09,50.55,3.94,57.72,8.61,100.0
20.77,46.29,84.99,50.22,4.87,61.97
33.61,53.34,72.13,20.54,8.56,100.0
31.25,60.92,33.43,82.48,3.62,40.22
20.53,40.84,49.01,33.38,2.58,28.42
34.87,81.55,63.99,46.69,7.55,100.0
37.04,54.86,94.35,13.3,0.34,6.96
29.93,61.08,78.01,63.84,2.53,31.08
29.32,86.17,91.29,80.0,6.31,97.93
20.11,70.71,64.54,41.04,1.7,23.57
35.73,91.59,18.59,97.81,8.01,100.0
26.61,48.96,42.39,25.76,4.34,43.7
37.58,60.44,79.13,87.31,2.21,29.67
27.46,81.52,60.66,72.12,3.34,41.77
31.3,42.65,78.32,92.73,2.55,32.25
25.41,89.8,50.98,74.06,6.31,84.4
23.21,97.71,38.01,49.49,0.99,12.78
35.5,76.46,74.25,41.35,7.68,100.0
29.93,97.39,9.38,82.94,1.34,16.17
30.73,89.63,51.59,79.62,5.52,73.05
39.31,64.9,94.84,58.89,5.64,80.97
39.27,46.37,88.04,70.21,3.19,41.47
37.11,95.98,97.47,97.75,6.96,100.0
23.75,54.67,51.11,21.84,5.12,56.18
31.89,68.69,49.79,5.0,2.33,23.34
37.56,70.46,82.01,65.37,4.81,68.48
27.49,53.05,28.33,66.92,8.45,100.0
22.02,76.77,84.99,66.53,0.02,8.22
36.22,50.87,20.09,56.24,5.37,61.62
29.64,59.57,87.91,34.24,2.88,35.72
31.29,51.74,54.11,24.2,7.76,100.0
39.64,81.8,84.32,6.57,0.87,15.27
32.14,70.99,49.31,14.8,0.55,8.26
28.5,84.17,60.84,62.83,3.64,39.85
27.4,46.03,15.67,4.36,0.99,7.41
28.35,65.52,41.82,90.76,0.06,5.3
22.37,98.02,22.03,8.39,7.3,89.03
35.9,43.22,9.1,81.4,3.03,30.1
36.75,65.1,59.0,59.74,8.28,100.0
25.69,42.42,61.11,30.13,8.15,100.0
26.08,48.8,62.07,72.58,6.87,100.0
37.49,67.75,3.72,98.94,6.63,86.28
20.48,49.45,2.74,37.94,5.41,54.46
30.41,71.13,89.54,62.74,7.15,100.0
29.27,95.36,69.55,26.08,1.6,15.84
33.8,52.02,11.33,20.5,7.35,88.28
23.27,46.43,7.46,14.91,5.09,48.21
33.37,89.52,16.19,3.22,7.04,84.73
27.53,80.56,25.7,37.87,2.78,28.26
32.37,92.96,72.31,14.6,5.68,67.59
20.8,80.39,74.78,81.95,7.54,100.0
29.23,77.65,64.08,86.96,3.82,49.71
30.45,95.4,85.89,84.66,3.28,43.97
24.29,50.3,33.35,29.9,6.67,83.14
22.79,88.04,32.22,12.44,1.8,16.52
23.77,77.89,42.54,44.31,8.37,100.0
26.88,88.78,98.97,18.13,7.46,100.0
21.94,50.24,55.49,37.35,7.76,100.0
38.95,66.05,54.69,56.88,8.23,100.0
28.1,57.8,40.61,64.67,2.98,33.39
36.18,97.6,17.81,21.83,8.03,100.0
39.49,43.76,40.54,22.73,4.0,39.67
21.61,43.93,64.14,86.6,0.91,15.88
33.03,93.89,98.8,94.49,0.45,14.86
37.43,58.05,15.45,64.24,0.57,8.46
32.68,75.82,45.2,55.68,1.69,21.3
28.58,57.25,90.56,65.81,3.24,43.62
28.62,78.93,72.55,12.86,8.81,100.0
20.72,51.55,61.38,89.7,2.17,27.37
30.69,67.53,25.71,20.86,8.22,100.0
39.87,87.11,45.13,77.06,5.79,74.23
39.17,79.07,99.99,75.98,6.61,100.0
20.81,55.1,25.51,70.58,7.06,93.74
34.12,41.37,5.49,6.58,1.19,9.46
26.04,98.73,77.76,70.71,6.51,98.75
38.06,50.1,83.52,42.87,4.31,54.55
20.9,57.53,17.11,60.7,3.09,28.8
38.72,60.21,31.0,59.8,2.56,24.14
36.75,67.26,76.86,72.03,4.02,51.31
22.35,82.15,16.35,49.9,4.33,46.99
21.2,64.52,18.1,6.31,0.38,6.11
36.69,92.27,38.31,68.44,2.38,27.58
23.12,80.79,18.64,17.02,8.21,100.0
30.7,90.31,7.89,65.25,1.5,15.55
38.31,84.82,88.19,77.58,8.7,100.0
31.35,48.92,87.56,72.48,2.75,35.49
27.94,98.68,5.65,38.89,8.64,100.0
28.9,87.2,56.61,83.96,5.71,78.03
21.26,74.36,56.3,8.84,0.58,9.95
39.38,49.91,53.08,46.05,8.31,100.0
26.21,50.36,50.55,16.72,2.64,23.58
23.79,84.42,95.82,86.49,8.14,100.0
25.72,64.97,4.75,12.52,0.12,1.53
39.29,87.94,64.28,84.54,4.24,55.8
21.89,62.35,96.83,10.53,2.51,29.21
37.35,98.73,72.2,80.63,8.71,100.0
34.16,51.28,47.23,28.2,7.18,93.36
36.6,49.31,98.21,59.41,5.67,78.91
39.52,94.15,97.15,89.23,7.57,100.0
36.84,89.18,77.01,35.16,3.9,46.52
38.87,73.32,50.47,11.37,4.45,44.9
22.54,95.01,56.3,68.7,5.25,66.49
35.92,73.01,75.37,83.56,5.11,68.47
30.91,86.13,65.67,99.31,4.34,59.66
30.87,70.54,78.76,41.63,4.99,62.37
37.98,88.93,40.66,62.94,5.68,74.2
39.44,96.52,95.33,28.68,1.89,22.59
34.1,83.3,98.8,25.32,8.12,100.0
29.66,46.34,58.71,84.61,7.45,100.0
29.13,79.06,22.21,75.82,7.08,95.34
27.73,47.23,77.49,64.33,7.25,100.0
27.23,44.63,32.21,75.23,4.73,51.7
27.83,81.57,57.71,17.53,8.58,100.0
21.8,90.09,8.67,93.41,3.29,35.47
21.55,49.53,80.74,45.47,3.78,45.01
35.6,44.45,95.91,86.87,7.35,100.0
28.92,93.19,9.42,73.61,7.82,100.0
38.61,47.93,73.16,28.59,4.04,44.42
32.24,42.11,86.08,56.93,7.63,100.0
20.7,83.26,10.95,96.66,5.7,69.2
23.15,90.86,24.68,3.71,3.49,33.71
24.12,70.87,39.19,42.65,8.15,100.0
39.51,72.4,83.68,62.05,4.53,60.75
24.37,60.21,49.34,33.99,7.64,100.0
30.32,54.31,13.7,31.79,7.31,86.28
38.72,85.31,25.64,74.87,0.87,11.39
39.54,83.14,31.51,33.17,2.32,23.14
24.73,59.27,3.93,53.76,1.46,9.28
20.98,56.43,63.1,94.82,7.32,100.0
23.07,56.07,2.53,10.13,6.8,73.75
21.27,91.58,83.67,86.74,7.77,100.0
23.9,56.86,73.39,8.77,8.29,100.0
31.37,41.54,86.54,43.55,5.41,69.02
38.25,87.3,15.77,62.67,3.05,33.09
30.74,55.36,60.26,20.05,5.34,61.26
32.52,81.41,78.1,44.85,6.27,90.11
24.04,72.59,51.57,68.44,3.28,39.52
36.01,90.25,13.08,63.95,2.29,24.15
32.36,97.62,9.89,62.93,4.41,46.18
37.28,62.04,60.59,60.6,8.08,100.0
38.98,45.3,49.76,98.66,5.67,77.04
26.96,84.98,92.96,71.39,8.08,100.0
21.81,90.69,61.27,51.77,5.04,62.14
24.52,53.38,72.37,95.17,8.52,100.0
28.76,43.2,98.24,85.97,7.12,100.0
38.91,93.89,69.46,9.52,3.19,35.25
27.57,85.23,62.28,84.83,4.97,64.73
35.42,69.56,7.76,38.15,8.98,100.0
30.81,65.44,81.59,9.71,8.58,100.0
23.66,79.16,36.07,56.42,3.69,40.38
26.41,60.61,3.81,25.43,0.33,2.43
33.06,92.42,11.82,58.17,8.19,100.0
33.46,84.06,19.88,81.74,2.27,24.19
28.7,65.94,77.32,39.38,4.66,56.88
24.57,61.48,84.75,94.98,6.81,100.0
34.44,88.95,86.72,76.65,0.69,16.61
23.38,85.42,9.91,80.43,7.25,95.63
38.73,89.48,84.55,76.7,8.05,100.0
23.76,60.48,64.64,94.19,4.31,55.9
22.15,79.59,34.73,54.79,3.52,38.89
29.95,44.9,23.9,84.39,6.66,87.86
30.39,43.24,60.03,2.97,2.1,22.8
30.16,41.46,14.35,16.25,4.2,39.47
28.73,81.56,77.77,92.32,8.99,100.0
39.9,91.43,12.75,73.78,0.49,7.33
29.73,87.89,100.0,89.94,7.59,100.0
29.56,90.73,9.23,66.65,2.02,20.16
28.44,77.43,68.53,72.78,2.09,28.74
21.34,84.46,70.93,94.09,8.84,100.0
31.86,47.44,25.8,97.54,4.52,50.09
24.56,81.94,25.48,40.77,2.42,23.61
32.75,56.8,59.61,91.29,5.09,64.54
21.02,71.16,63.05,77.93,6.51,92.8
39.63,65.81,24.63,24.72,0.18,3.6
29.38,92.24,58.03,34.31,1.8,21.72
37.94,97.11,69.87,98.12,7.25,100.0
29.51,84.2,92.41,94.05,7.92,100.0
21.21,46.25,16.66,67.23,0.99,12.15
36.44,59.92,23.07,1.83,0.49,3.6
32.96,91.81,80.51,56.89,5.42,71.76
35.64,50.21,91.3,33.0,0.7,16.17
28.56,91.91,52.51,57.68,4.78,56.6
32.76,61.8,23.86,60.91,6.93,86.25
37.12,40.96,60.19,21.72,8.42,100.0
32.62,99.28,33.72,79.75,2.22,22.96
26.95,72.0,73.09,26.18,5.78,75.33
33.25,63.63,52.24,70.69,6.58,90.84
33.44,71.13,26.61,52.38,3.64,36.33
39.21,71.2,41.1,83.67,6.03,80.56
27.42,68.21,69.11,51.16,4.94,62.96
28.5,76.78,78.51,58.67,8.43,100.0
36.24,93.14,36.96,18.11,4.85,54.09
30.12,58.1,10.5,80.82,4.65,48.94
34.73,69.22,35.33,40.21,6.02,70.58
29.19,40.22,63.05,57.97,1.37,20.73
24.31,91.59,75.98,84.61,4.78,63.51
34.9,67.61,24.19,0.41,0.99,7.85
22.62,56.28,96.19,27.45,5.64,75.24
23.97,99.85,52.94,26.54,4.81,54.69
32.54,75.06,88.02,56.63,7.55,100.0
34.95,47.38,26.21,29.12,7.18,87.99
37.89,55.93,55.97,33.85,3.89,41.57
25.45,61.19,53.94,23.48,5.93,71.59
22.21,75.8,46.99,80.26,4.4,53.85
39.12,65.84,77.31,46.61,3.49,41.85
23.09,53.81,28.53,52.59,0.7,9.94
23.95,74.18,88.59,59.29,0.91,16.8
25.83,64.29,89.15,58.79,7.37,100.0
30.59,43.3,94.82,36.73,8.75,100.0
37.66,91.66,45.76,90.07,4.4,54.09
35.21,40.94,98.74,51.17,1.15,19.21
34.16,93.91,78.49,83.21,0.8,13.87
23.5,87.51,65.32,55.74,0.41,14.0
27.15,44.55,43.23,37.06,7.91,100.0
29.57,79.98,50.78,50.21,5.98,75.69
22.95,86.26,76.41,17.7,7.92,100.0
25.47,76.14,58.56,96.97,3.27,43.16
26.17,74.66,99.71,57.23,5.29,71.96
22.55,93.51,83.75,88.72,8.06,100.0
31.0,43.57,64.18,42.14,0.45,9.23
34.1,83.64,32.11,71.25,6.13,76.71
21.4,46.33,45.78,6.81,7.2,87.28
29.62,54.51,33.89,26.14,0.2,5.81
35.64,69.93,33.46,92.44,0.53,11.1
34.96,49.85,37.68,35.62,4.7,49.79
36.3,87.39,5.67,15.92,8.74,100.0
28.96,88.44,3.99,9.84,8.76,100.0
36.41,90.53,72.49,61.91,0.99,14.75
24.82,42.97,31.09,55.81,6.85,85.55
27.22,65.67,2.12,64.77,7.14,89.22
23.53,90.82,8.15,95.8,7.89,100.0
29.35,61.79,19.58,6.01,0.39,5.35
27.84,81.75,4.82,19.77,8.75,100.0
24.82,75.35,94.61,23.38,7.4,100.0
35.04,60.83,56.84,42.71,5.47,64.78
26.28,90.71,78.41,79.67,8.37,100.0
25.46,79.16,53.27,40.99,2.16,24.68
22.62,48.02,11.28,81.62,3.12,31.05
28.78,89.18,60.07,59.5,5.48,70.95
26.06,74.59,96.96,91.66,6.85,100.0
27.39,46.69,13.07,91.13,8.47,100.0
24.72,82.21,15.26,51.3,3.8,38.14
35.26,65.87,62.87,86.02,8.25,100.0
38.6,52.24,15.19,71.15,8.06,100.0
29.96,97.66,12.61,35.67,0.17,2.33
32.86,83.18,67.05,56.18,2.15,27.58
37.34,75.58,61.87,11.66,7.2,92.22
39.98,90.93,21.77,49.58,5.99,70.09
32.27,72.63,82.32,83.0,2.01,29.18
37.8,66.49,10.53,58.52,7.03,90.34
38.17,51.37,33.26,38.2,2.85,29.08
35.83,49.2,73.89,66.36,5.42,71.95
29.22,65.92,61.39,97.69,8.41,100.0
21.62,67.36,60.01,6.75,2.16,22.23
20.32,76.3,37.5,58.63,2.74,29.61
29.54,66.53,64.65,15.59,5.94,72.9
29.89,98.01,80.62,76.97,7.73,100.0
28.15,89.95,56.88,54.59,2.81,32.57
31.36,99.6,40.13,12.97,4.22,43.98
31.04,59.35,76.61,61.22,4.51,55.98
36.73,94.12,25.92,50.04,7.34,97.55
22.17,88.36,75.96,5.93,6.24,81.18
24.5,44.08,28.0,86.45,2.46,27.66
35.86,77.72,74.73,65.09,6.29,90.45
36.96,53.14,73.92,0.52,2.92,30.29
39.9,79.86,62.77,95.97,1.31,18.87
37.46,73.32,8.57,15.93,1.21,11.05
37.8,69.69,44.66,0.03,7.36,93.38
26.29,85.81,81.19,42.73,7.49,100.0
28.03,60.0,99.68,14.08,2.34,28.31
25.36,81.89,97.55,92.13,8.52,100.0
32.13,91.94,8.59,31.14,5.14,53.81
38.78,98.33,36.62,18.52,6.41,79.72
26.89,86.58,48.99,98.53,7.92,100.0
31.14,92.69,73.8,91.87,7.84,100.0
25.93,77.85,22.43,50.45,3.97,41.85
23.4,45.33,15.97,12.73,0.77,3.9
23.9,65.37,41.61,83.7,8.13,100.0
21.16,54.2,39.72,19.68,2.7,26.49
38.99,94.06,2.83,12.77,5.63,58.36
28.06,80.24,51.89,88.15,1.72,25.17
36.68,65.0,47.56,18.34,3.33,33.04
33.63,56.43,34.59,85.79,3.16,36.01
23.84,62.84,65.87,57.82,6.75,94.04
23.51,68.56,41.1,82.34,2.58,27.97
36.24,82.83,57.18,7.02,2.95,30.81
25.29,45.36,88.5,96.36,0.08,10.19
38.27,90.93,36.39,29.98,2.84,25.94
22.8,47.65,39.79,5.86,2.45,23.76
33.55,55.75,86.59,76.49,4.9,65.51
36.29,63.82,56.42,56.23,3.85,45.75
24.71,88.89,64.19,96.98,6.63,100.0
25.52,46.07,80.08,59.47,4.92,63.46
39.29,78.3,59.19,6.86,0.65,10.77
25.29,63.59,93.39,20.19,7.29,100.0
28.6,47.04,24.5,3.49,0.64,7.49
28.65,40.22,47.9,42.19,7.54,100.0
25.06,44.75,4.29,55.76,3.65,32.58
35.52,71.36,19.73,72.86,0.56,6.89
35.44,53.84,8.86,26.6,0.01,0.07
27.57,86.65,18.71,40.44,4.46,47.07
36.7,91.45,45.36,27.24,7.69,100.0
24.26,48.69,28.33,33.97,3.79,34.43
20.09,95.99,82.12,71.81,5.26,71.21
31.42,48.79,47.51,58.01,3.26,35.59
39.88,57.2,64.63,17.28,3.32,36.15
20.77,66.07,43.42,63.43,3.51,41.45
24.16,87.21,77.65,4.22,0.28,8.63
30.38,40.09,19.07,1.98,0.43,4.4
36.2,69.73,9.13,28.47,2.39,19.8
21.78,80.43,93.48,43.84,5.01,61.83
27.9,82.03,99.27,84.53,8.35,100.0
34.94,58.07,40.65,69.22,3.14,34.67
27.43,59.15,21.71,9.91,0.05,2.2
23.78,98.71,85.1,35.16,6.68,97.33
23.91,90.32,47.51,65.56,4.29,51.92
28.2,80.26,11.71,86.13,2.19,23.21
29.59,80.67,11.49,73.06,4.35,45.55
37.24,70.84,13.11,6.81,3.14,25.1
32.85,53.71,78.08,8.33,5.45,62.91
33.81,48.49,60.19,47.66,3.3,35.83
39.66,69.22,29.98,34.16,0.87,13.74
28.24,70.66,16.21,59.64,5.53,65.43
28.07,86.4,12.35,21.92,0.32,1.96
38.47,82.59,74.14,95.93,0.39,12.4
24.92,94.72,88.59,51.21,7.96,100.0
34.6,70.38,27.13,26.01,3.15,30.76
35.09,95.36,92.59,91.8,6.67,100.0
21.96,44.59,28.31,61.69,0.16,4.99
29.36,64.31,58.57,86.52,3.09,40.18
24.01,76.53,43.8,2.3,3.12,30.78
23.71,75.41,8.77,54.0,6.49,78.57
29.28,50.89,48.74,24.68,7.31,96.12
25.79,74.98,84.68,47.84,3.19,38.78
35.92,87.4,92.13,86.34,8.9,100.0
38.15,60.34,47.71,69.01,2.02,23.49
36.05,90.04,87.33,75.45,6.55,100.0
25.32,65.32,79.01,21.17,3.14,34.93
25.48,71.64,49.34,83.25,6.35,86.98
25.09,73.77,17.13,61.4,6.36,77.83
22.7,73.78,84.85,6.93,1.41,19.46
38.88,95.49,81.96,88.41,5.97,86.95
28.04,75.97,27.68,5.58,7.42,89.3
24.49,61.83,6.49,2.74,0.14,1.84
36.93,79.3,45.9,83.37,0.78,9.94
27.98,94.11,79.26,99.41,8.76,100.0
20.7,99.65,82.71,8.84,0.83,15.65
23.24,86.32,46.13,1.7,4.17,43.38
32.79,65.04,97.07,88.03,2.39,39.32
35.66,58.08,59.59,4.47,7.48,95.04
24.22,63.27,60.44,37.27,3.92,47.28
38.35,83.27,17.53,21.7,4.07,37.57
37.02,79.32,19.01,34.17,8.3,100.0
36.97,82.13,57.66,29.06,5.2,57.53
24.55,93.34,72.09,88.79,3.49,47.08
21.01,67.38,20.47,76.87,8.85,100.0
37.35,80.17,48.4,88.5,4.16,50.6
26.12,66.49,35.62,72.0,5.22,59.67
32.38,78.29,43.88,33.03,3.44,36.01
35.2,68.49,22.21,18.58,6.02,67.39
22.57,86.6,14.07,52.98,6.98,86.35
35.62,40.32,32.05,35.67,5.66,62.89
38.77,52.94,86.89,64.34,2.24,29.94
34.57,57.79,80.52,3.89,8.48,100.0
28.82,48.33,23.83,0.31,0.58,3.09
37.53,70.42,8.78,29.96,7.43,89.76
30.55,61.86,49.3,46.22,0.08,5.65
34.9,64.26,27.74,97.86,4.66,53.88
36.41,89.03,78.02,71.84,5.87,82.24
34.99,92.07,48.62,11.77,6.19,76.47
25.76,97.74,85.27,20.98,1.03,16.58
22.36,90.65,10.82,35.15,6.39,75.63
24.77,90.5,97.01,53.62,0.14,8.72
30.06,51.94,76.71,98.02,3.32,44.48
30.11,56.12,73.19,86.99,2.13,31.04
31.65,75.76,94.02,71.5,2.27,33.47
27.9,79.37,47.03,72.05,0.37,10.6
35.74,52.16,14.89,28.38,5.55,58.44
38.26,84.78,49.69,92.8,6.68,98.12
24.93,52.0,81.52,53.96,2.63,33.9
34.73,55.78,85.95,16.25,5.28,65.65
33.56,72.79,68.45,75.56,5.45,69.78
30.46,90.76,73.23,50.65,8.94,100.0
23.77,83.93,24.7,15.55,7.31,92.13
35.9,71.84,23.05,73.52,8.51,100.0
39.21,89.18,58.63,23.38,7.42,100.0
34.44,88.78,42.18,18.77,5.92,70.46
38.36,63.39,16.11,26.76,0.64,7.69
39.68,86.89,76.14,57.83,7.72,100.0
27.04,99.62,60.34,86.13,5.14,68.7
32.76,70.19,52.04,4.08,2.54,25.51
29.48,43.69,10.12,3.17,1.4,10.25
39.73,65.61,24.11,23.44,4.72,49.23
21.88,92.35,78.26,74.83,4.9,67.33
28.25,44.8,85.19,45.96,8.74,100.0
37.51,93.79,95.3,80.38,8.07,100.0
25.68,79.1,81.23,24.53,1.38,18.5
35.76,79.82,48.16,34.65,2.47,25.7
27.66,43.26,81.49,48.47,4.97,60.19
39.6,45.72,58.17,82.22,6.66,96.45
37.67,61.08,35.18,21.86,5.28,58.46
26.03,90.56,77.1,15.82,1.87,22.54
35.4,92.19,47.99,0.1,8.31,100.0
26.74,58.58,22.19,60.65,3.41,35.35
32.13,83.13,40.24,32.56,1.27,15.92
33.17,74.64,45.77,67.02,1.72,21.94
36.59,94.65,68.61,67.0,5.15,66.66
20.49,92.64,77.78,87.48,6.27,96.07
24.4,72.87,41.12,41.84,5.41,60.61
34.24,75.55,28.48,96.8,0.66,9.92
31.27,58.46,96.23,27.51,7.81,100.0
29.91,42.82,24.19,52.96,3.03,28.79
21.1,43.13,1.11,53.78,2.33,19.45
26.97,63.92,19.48,8.96,0.63,2.89
37.3,81.55,95.44,77.93,5.52,82.64
20.62,82.01,68.21,0.37,8.94,100.0
27.93,82.39,98.99,98.46,7.66,100.0
38.9,91.48,54.38,59.25,1.65,19.43
21.02,62.63,83.2,91.73,8.75,100.0
34.99,83.72,74.75,65.93,6.12,89.09
25.15,92.94,71.67,79.27,7.77,100.0
37.33,90.19,86.8,0.34,0.38,9.02
34.92,94.5,61.73,62.28,3.02,33.98
37.71,89.36,3.23,41.16,8.89,100.0
24.32,88.53,10.85,43.45,8.68,100.0
30.63,55.48,0.81,19.85,0.17,3.66
35.59,82.8,94.86,68.22,7.42,100.0
24.91,74.76,42.65,19.64,4.5,50.6
24.61,65.47,71.56,99.73,5.15,69.69
20.54,99.59,0.17,25.67,0.67,4.75
39.17,57.43,79.32,68.59,7.14,100.0
34.2,64.79,48.2,68.03,6.74,94.66
32.71,52.73,1.74,11.69,0.32,4.76
34.88,94.36,86.72,71.48,7.38,100.0
30.63,49.16,78.88,69.6,2.39,31.4
29.52,100.0,79.57,80.55,7.65,100.0
28.99,80.99,62.37,79.0,7.15,100.0
32.81,91.59,94.82,91.6,3.81,55.67
24.03,79.94,74.25,69.14,6.72,99.75
37.76,77.3,89.24,22.43,8.11,100.0
36.24,74.04,3.61,63.04,6.2,75.21
26.99,80.13,65.74,19.03,6.04,76.73
31.57,87.04,79.82,68.81,7.0,100.0
22.82,97.57,89.93,33.97,6.03,83.13
39.45,60.79,48.51,42.11,5.56,66.64
38.06,57.99,47.21,68.23,6.39,85.91
38.44,74.87,81.05,88.51,4.36,57.12
26.64,65.77,33.5,69.0,2.58,26.8
23.38,68.43,93.72,9.42,2.27,27.52
24.24,77.35,48.97,59.93,2.16,24.33
21.8,48.89,7.44,75.01,2.18,18.58
22.4,96.12,77.19,90.78,8.38,100.0
21.43,44.1,40.47,63.38,3.63,39.72
39.8,75.41,35.58,59.62,5.7,67.01
21.48,85.27,32.09,37.92,0.39,8.8
22.65,40.71,98.04,47.81,4.04,52.95
36.55,53.36,57.17,43.22,3.6,41.45
31.6,62.62,99.19,5.52,6.79,92.93
35.49,81.38,78.54,60.0,5.86,79.69
32.62,81.01,79.72,83.21,4.16,54.59
37.64,78.94,21.18,50.98,7.72,100.0
32.77,53.58,43.04,24.49,6.02,69.41
30.44,41.53,6.2,89.28,7.0,88.43
34.25,40.09,0.06,20.66,6.87,75.1
28.95,60.73,45.31,70.05,5.96,76.6
26.92,61.7,74.6,78.84,3.52,45.24
29.35,96.92,43.71,84.02,3.59,43.08
23.39,84.04,33.13,29.76,3.33,33.17
35.93,71.8,44.56,79.42,1.75,21.29
25.21,74.67,52.68,45.78,5.02,58.27
23.07,81.96,77.56,62.39,8.06,100.0
24.93,78.32,80.38,85.77,5.51,76.53
36.84,40.49,83.81,42.03,3.48,41.08
26.6,77.91,21.24,67.09,7.49,99.93
33.72,59.34,45.78,15.95,4.04,41.23
37.13,86.37,83.1,56.47,2.34,29.23
21.55,51.3,94.19,14.1,0.72,9.48
35.3,82.97,54.3,66.03,7.46,100.0
26.15,77.53,49.3,37.68,5.54,65.47
24.33,79.14,76.46,22.78,5.23,59.84
33.78,50.56,99.17,36.07,6.49,93.41
38.2,80.15,42.59,70.14,5.45,66.96
25.9,84.22,16.51,90.8,3.15,34.29
31.38,99.75,52.89,75.22,5.46,71.77
25.8,60.42,71.04,16.78,1.26,16.85
31.09,49.99,14.51,70.57,2.67,26.88
32.44,57.4,32.35,56.87,4.84,50.96
32.21,85.83,55.32,31.92,0.62,7.76
32.47,64.56,73.15,65.18,7.4,100.0
22.7,82.16,78.06,86.72,0.4,10.95
33.87,84.41,15.57,25.8,3.35,32.12
33.5,80.45,21.68,48.57,4.09,41.15
33.65,80.41,74.41,2.08,6.13,74.89
21.48,76.65,11.61,94.6,1.39,14.64
28.94,71.11,49.82,80.16,7.39,100.0
28.18,51.87,54.6,50.51,3.83,44.11
21.73,90.57,33.94,99.2,2.26,26.96
24.45,97.86,79.63,22.02,0.89,14.97
28.82,67.99,5.54,74.4,8.33,100.0
34.86,59.2,51.46,43.19,2.65,28.91
24.74,99.88,64.6,83.09,3.43,44.07
36.59,69.17,50.72,68.51,1.62,20.65
30.92,83.46,87.24,19.06,4.56,55.08
35.21,78.63,20.22,9.13,2.88,25.84
29.45,54.24,80.08,18.04,1.49,22.29
29.98,42.83,18.78,85.83,6.78,89.49
32.39,53.11,8.43,22.94,0.78,5.96
38.56,87.23,3.28,54.62,3.17,32.28
29.84,59.51,55.32,2.54,2.58,27.23
30.57,81.94,60.63,67.19,4.83,58.03
32.04,79.29,40.8,40.93,8.32,100.0
34.75,81.73,14.79,53.46,5.25,57.68
21.44,65.22,24.95,20.46,1.13,10.57
30.31,68.2,6.1,7.54,5.69,53.95
29.63,83.49,86.2,86.26,7.98,100.0
38.43,54.79,71.93,94.98,0.16,9.4
29.87,45.39,45.35,60.38,8.73,100.0
29.37,86.89,85.14,95.58,6.78,100.0
39.24,52.63,93.9,91.54,3.72,51.7
29.01,74.81,66.56,55.09,5.92,78.42
23.62,66.47,26.43,61.56,5.27,59.89
24.34,56.02,43.87,52.3,0.04,2.85
21.9,91.67,48.93,17.6,5.47,61.75
20.01,71.51,56.99,31.15,6.55,80.81
28.64,95.39,85.75,88.43,7.64,100.0
35.38,78.1,58.99,44.39,1.66,21.41
34.67,40.95,97.87,20.41,0.33,9.94
20.64,94.81,72.68,82.8,8.5,100.0
31.4,91.45,98.85,8.73,6.12,81.79
23.09,78.12,55.07,63.95,4.09,51.06
38.82,72.09,67.84,70.01,6.53,93.63
23.35,67.18,73.79,30.38,1.41,19.31
32.53,68.93,75.47,16.69,8.63,100.0
26.52,86.15,2.44,44.83,5.89,63.0
32.83,70.79,12.75,75.5,7.89,100.0
28.25,50.56,22.77,88.67,5.01,54.97
35.19,43.49,27.15,81.53,7.21,96.45
24.61,47.57,90.54,10.95,2.95,32.99
38.12,55.09,72.26,22.28,1.2,17.08
30.0,62.06,14.33,61.7,3.18,30.53
35.12,93.54,42.64,70.99,8.07,100.0
36.99,54.35,24.31,0.87,6.28,66.22
39.98,59.18,82.99,14.26,4.11,46.21
24.48,53.38,91.78,9.4,2.12,23.98
25.74,72.74,16.43,34.11,5.38,59.25
25.01,77.03,41.66,68.08,5.34,63.91
25.26,71.93,95.28,94.32,4.78,66.14
31.65,97.11,65.71,8.95,6.64,85.56
39.87,99.72,86.81,50.61,2.19,28.3
39.81,90.24,35.77,37.25,4.6,50.45
30.54,70.94,34.88,60.29,3.62,41.44
32.78,61.96,69.13,6.8,1.85,19.52
37.2,74.79,13.74,28.83,3.0,28.15
38.66,61.09,83.99,25.25,7.23,100.0
24.08,87.06,75.48,71.83,1.02,17.77
30.57,88.49,85.53,88.49,8.24,100.0
36.66,69.91,53.37,38.88,2.08,23.12
26.06,42.32,79.92,51.93,3.61,45.13
28.8,97.55,98.62,95.77,6.33,100.0
39.71,81.31,35.22,24.38,7.01,88.45
39.7,40.2,79.0,1.13,6.1,73.75
38.12,70.65,19.45,14.79,2.54,20.42
35.97,62.61,90.35,21.99,0.19,9.05
25.38,87.54,68.63,97.56,2.83,37.48
26.42,42.33,15.27,97.05,5.41,62.54
30.95,95.76,93.16,69.71,7.01,100.0
31.22,77.21,72.41,61.03,7.41,100.0
30.11,76.39,61.44,58.98,5.09,61.05
32.73,89.87,34.49,60.05,6.64,88.24
28.17,75.54,73.98,64.68,3.73,48.4
34.98,96.96,82.66,21.92,7.17,100.0
26.67,58.86,34.71,97.67,2.45,30.06
26.61,63.88,20.8,75.66,8.59,100.0
22.54,62.07,22.86,19.96,0.54,6.75
23.77,46.45,62.07,51.36,6.21,82.82
37.01,96.52,82.46,84.41,8.4,100.0
28.93,40.69,87.97,91.12,5.68,81.18
24.56,69.19,13.6,38.38,2.66,26.49
35.19,84.91,56.27,75.21,4.43,54.37
31.08,75.93,49.08,30.99,3.9,40.01
20.42,83.49,90.07,73.89,6.83,100.0
26.33,41.98,97.26,22.77,1.67,21.46
23.54,49.83,77.81,2.99,8.06,100.0
33.12,60.56,21.48,41.63,0.57,6.48
25.5,55.35,92.37,47.06,5.62,78.49
21.3,73.96,48.55,43.94,2.42,25.32
21.1,97.11,80.05,52.26,6.46,90.73
31.63,46.07,12.72,32.64,8.8,100.0
20.43,65.4,18.64,46.32,3.87,37.6
36.98,67.43,75.4,79.61,8.71,100.0
23.11,56.82,91.38,48.1,5.77,78.59
32.13,56.71,21.5,55.52,5.36,59.87
28.89,82.89,46.08,17.3,1.54,15.18
28.86,77.07,15.48,0.76,8.57,100.0
21.44,88.77,47.8,92.97,7.75,100.0
36.06,63.38,28.06,52.59,3.43,35.76
37.86,76.4,1.86,34.76,0.26,4.03
20.22,93.62,64.29,11.48,3.23,33.57
23.57,91.08,63.97,51.3,1.43,21.47
38.08,95.2,45.5,73.71,3.03,33.02
30.99,56.14,89.54,68.61,8.63,100.0
23.0,40.15,21.74,4.13,0.66,7.26
24.06,88.98,5.13,28.66,3.96,36.15
33.2,87.69,49.58,31.47,2.48,27.24
34.5,80.05,53.3,96.56,5.2,67.11
31.99,99.0,26.67,45.66,8.44,100.0
39.06,66.49,96.16,83.45,7.12,100.0
29.88,84.49,25.37,61.15,7.81,100.0
26.01,84.36,53.27,81.42,5.61,73.79
29.54,83.93,81.1,95.74,4.53,62.13
27.19,83.18,40.67,32.59,2.62,26.03
24.49,51.45,53.61,64.18,7.37,100.0
20.92,92.11,85.73,76.25,8.22,100.0
27.04,63.54,35.54,57.57,6.95,95.38
34.23,84.88,22.39,54.11,6.61,84.45
20.37,82.97,51.1,26.1,2.22,23.67
28.78,90.0,68.26,98.88,2.57,36.86
32.88,87.31,39.24,14.07,7.71,100.0
32.21,75.76,53.74,44.3,3.67,40.75
35.53,48.4,75.99,3.14,1.6,20.83
36.21,78.13,24.61,68.27,5.78,71.41
34.23,93.22,19.6,46.21,2.68,25.66
22.06,78.59,80.56,56.01,5.78,80.96
29.5,93.74,3.7,69.85,5.31,59.38
32.07,99.94,15.06,76.4,5.97,72.01
24.91,61.55,1.24,96.58,8.94,100.0
20.85,83.4,55.54,86.4,2.5,31.63
24.47,72.4,60.01,32.38,8.78,100.0
29.1,67.3,53.1,72.73,6.87,95.44
28.28,54.39,41.43,7.6,7.7,99.81
23.53,54.75,52.9,13.62,7.22,91.78
36.49,64.33,7.3,21.83,0.23,3.65
38.51,77.89,82.62,45.96,4.53,58.57
24.03,48.52,98.08,50.58,0.95,13.58
38.59,91.41,95.66,95.74,7.58,100.0
20.36,71.4,37.44,64.14,0.54,8.76
38.5,66.29,79.18,95.43,0.3,11.83
39.04,91.3,19.31,17.27,8.16,100.0
20.24,66.59,32.08,35.75,8.25,100.0
35.26,44.97,94.0,7.43,5.61,68.53
39.4,81.98,69.16,89.6,5.68,79.64
38.12,90.7,11.21,98.73,7.46,100.0
39.41,79.6,54.64,3.96,8.68,100.0
31.01,85.38,58.74,21.37,0.49,10.24
21.56,47.69,59.72,42.65,0.93,13.76
37.0,85.95,16.45,29.27,8.15,100.0
32.28,52.46,72.11,54.52,0.89,13.95
32.29,69.34,24.23,99.04,6.43,86.57
28.35,50.68,94.81,70.39,4.98,64.25
31.44,55.04,47.15,26.65,3.89,43.39
23.07,54.76,1.73,68.29,0.88,8.68
34.8,55.19,56.78,87.23,6.56,92.4
21.5,46.55,20.28,22.9,5.42,57.85
34.6,83.24,62.86,71.69,8.36,100.0
36.98,57.75,22.92,61.4,4.33,45.7
29.45,46.47,21.54,6.11,0.44,6.52
30.2,59.93,17.95,8.42,1.66,15.43
26.24,86.48,42.88,73.29,1.84,22.83
39.39,53.59,13.65,78.8,8.54,100.0
34.66,96.45,33.8,68.72,0.89,12.41
27.38,59.28,19.89,19.72,2.13,18.94
23.5,46.23,81.61,16.13,1.27,15.86
24.39,54.42,72.94,73.84,6.39,91.33
29.28,44.44,16.68,64.77,7.02,89.58
38.85,68.12,8.29,98.36,8.11,100.0
34.68,91.96,50.86,65.71,5.15,65.64
24.3,93.16,22.67,22.93,2.9,27.63
37.19,71.03,48.02,76.97,2.85,32.57
27.56,54.0,39.99,74.85,8.76,100.0
37.03,67.08,97.15,52.27,5.25,70.99
24.83,51.76,79.22,74.6,3.04,41.5
32.37,50.72,7.82,31.06,2.69,24.53
38.53,58.04,15.89,21.57,2.87,27.46
25.16,46.5,2.66,12.61,6.41,67.78
33.86,51.32,13.82,29.05,4.94,48.4
39.75,96.28,52.94,65.46,5.61,75.87
23.01,42.17,16.34,25.43,0.63,6.13
21.77,70.54,54.55,51.64,5.9,74.64
33.48,55.41,11.82,24.98,6.18,66.91
26.79,72.7,59.04,53.32,5.94,77.98
21.42,63.99,13.82,9.17,0.23,1.1
29.51,48.65,96.96,21.15,5.84,76.44
35.08,88.28,38.08,55.62,7.9,100.0
25.7,93.26,83.47,78.35,8.2,100.0
26.7,49.33,24.31,13.55,0.87,5.65
36.91,89.16,51.79,29.16,6.31,77.24
30.4,77.03,42.0,53.65,2.92,31.43
36.85,71.08,48.63,15.09,1.39,14.56
28.93,43.52,0.49,3.57,1.32,7.63
39.06,44.5,32.2,32.15,2.09,18.17
33.02,99.46,2.73,92.95,6.18,77.06
22.32,50.49,67.18,63.27,6.43,88.93
37.7,55.32,61.73,18.49,0.07,6.31
29.79,54.15,66.88,99.23,8.59,100.0
22.83,94.48,94.11,69.42,8.33,100.0
23.05,87.34,93.67,85.77,7.95,100.0
33.75,67.44,88.18,79.96,4.3,57.81
20.95,97.33,44.39,55.76,1.88,21.08
25.73,43.17,47.76,40.03,8.68,100.0
22.8,93.62,63.3,19.63,5.09,60.95
28.82,43.63,21.59,27.79,6.3,70.45
28.29,90.12,87.45,96.84,7.22,100.0
30.44,43.24,50.98,80.34,6.06,81.84
25.59,99.94,6.86,27.3,7.84,99.76
20.64,94.86,23.67,47.0,2.16,22.54
32.29,75.09,79.34,96.79,2.06,30.6
27.47,53.07,46.37,99.46,3.97,48.45
33.03,56.61,2.66,79.13,7.93,100.0
22.17,66.97,6.07,79.89,0.35,7.96
20.28,59.37,91.95,94.48,3.97,54.26
24.97,41.28,95.67,79.68,7.42,100.0
29.13,93.23,95.07,90.72,8.29,100.0
27.88,90.84,86.36,73.83,6.14,89.97
36.21,94.26,36.81,20.84,0.63,6.56
27.56,68.61,30.55,44.45,0.09,3.6
30.61,60.68,78.52,26.54,2.87,34.59
31.87,70.69,53.71,32.92,7.25,96.75
20.44,51.68,77.97,5.89,0.37,5.23
30.3,98.06,73.23,71.07,5.06,66.59
26.9,86.2,86.95,35.16,6.56,92.46
28.43,49.21,42.92,25.88,3.32,35.11
22.01,59.1,41.74,61.04,4.31,48.88
35.66,92.07,48.91,27.68,4.5,50.94
38.85,70.33,59.18,47.63,8.17,100.0
20.45,71.91,89.41,24.64,7.88,100.0
32.03,83.34,45.78,68.05,0.57,12.16
35.28,74.67,93.01,85.42,6.23,95.72
25.7,44.17,39.37,8.17,4.89,50.14
35.75,88.24,32.46,81.99,3.19,35.94
32.65,95.37,29.5,85.17,4.43,52.9
38.58,43.2,2.12,96.49,7.92,100.0
39.62,47.27,84.91,82.78,6.96,100.0
20.85,82.12,7.92,55.24,5.11,54.72
28.9,76.27,33.43,7.03,1.58,14.41
30.94,62.95,25.05,7.44,5.57,55.83
22.93,72.35,74.44,19.67,4.48,51.76
26.73,82.2,93.26,44.71,4.02,53.13
39.75,70.27,81.67,95.54,8.49,100.0
20.32,48.41,32.0,17.54,8.93,100.0
29.05,45.37,45.58,53.88,8.56,100.0
36.85,97.29,96.83,82.24,7.4,100.0
26.48,95.37,92.4,1.38,5.39,65.63
29.6,73.47,11.87,4.7,2.87,22.32
39.56,61.49,95.2,26.99,8.52,100.0
29.5,99.4,77.85,75.55,8.04,100.0
22.62,63.32,71.16,49.86,1.81,23.23
21.03,70.55,77.4,42.05,1.0,14.4
38.91,46.99,33.93,58.36,7.52,100.0
25.32,76.81,98.06,68.24,6.86,100.0
30.08,82.02,38.14,68.58,6.9,93.84
21.81,87.65,18.16,21.47,5.65,61.02
28.47,59.51,74.64,45.2,2.55,30.96
38.6,66.16,47.5,3.34,7.66,99.16
30.05,50.1,88.58,79.79,7.6,100.0
39.42,97.87,87.84,62.71,1.55,23.5
25.18,45.16,15.59,20.88,1.1,10.2
30.09,78.94,21.88,60.18,5.4,62.66
37.19,63.39,35.12,32.11,3.57,37.03
28.97,49.46,11.88,82.63,2.99,32.33
25.59,55.85,44.88,39.96,3.88,42.57
37.11,42.59,73.76,12.45,1.58,21.07
27.8,73.4,72.14,49.01,4.23,52.91
30.61,99.7,47.02,25.8,2.65,29.68
39.53,65.79,84.32,74.97,3.13,39.77
23.73,99.4,60.58,3.45,3.33,36.25
26.03,47.57,99.36,54.46,2.34,32.9
20.62,63.55,81.54,85.71,6.87,100.0
27.84,94.12,72.23,38.93,7.31,100.0
24.0,92.6,12.33,83.79,4.86,50.68
33.6,59.42,83.26,14.69,8.09,100.0
23.63,80.72,30.56,91.83,1.23,15.25
33.5,93.17,41.89,79.15,4.56,52.77
25.27,86.01,46.28,39.11,7.46,100.0
27.1,77.71,33.13,13.06,5.59,59.69
26.98,49.15,10.84,52.04,8.87,100.0
34.34,44.38,19.94,67.04,5.36,62.83
29.33,76.88,80.35,12.89,8.64,100.0
27.23,70.02,65.23,93.32,0.89,15.19
37.05,70.72,63.84,86.91,6.0,82.73
31.44,57.57,82.11,95.16,3.21,42.74
24.28,63.53,40.22,29.92,7.57,99.4
38.0,69.73,78.62,43.34,0.45,9.57
26.85,63.42,57.64,24.01,2.27,23.87
20.78,63.24,28.63,27.38,8.87,100.0
29.89,46.94,97.51,14.53,5.77,72.24
22.48,91.94,92.85,12.52,3.54,39.24
24.77,76.55,11.22,67.08,0.7,5.56
34.94,52.09,9.17,21.82,0.57,2.98
22.62,70.79,34.15,28.39,3.94,39.38
36.14,65.0,92.88,53.46,6.67,98.83
38.74,76.04,62.42,70.4,1.05,16.68
32.13,76.53,16.66,77.8,4.79,53.41
34.21,78.71,81.73,58.02,3.62,47.03
34.27,81.87,51.58,20.16,8.14,100.0
39.86,46.2,5.95,57.32,6.86,82.88
26.83,58.3,79.84,62.58,7.22,100.0
23.26,41.04,78.83,25.81,3.72,43.02
30.38,67.28,48.21,14.45,0.22,5.14
30.66,65.77,73.11,92.57,6.83,100.0
23.56,84.06,4.01,9.59,5.7,54.53
32.26,50.03,31.81,27.72,1.27,14.18
20.28,77.89,67.32,23.14,6.81,88.86
38.55,58.4,23.06,89.2,1.34,17.68
25.29,62.91,45.04,50.2,6.66,86.0
20.79,83.16,93.19,95.66,6.42,100.0
22.16,44.29,82.68,82.82,0.07,8.67
24.8,60.57,55.8,75.49,6.97,100.0
25.48,79.81,35.77,48.46,3.83,41.63
20.66,79.68,67.37,94.66,6.26,95.33
25.59,51.95,86.31,82.03,8.68,100.0
23.86,77.82,73.68,79.24,5.85,81.53
27.57,73.69,50.25,29.13,3.51,36.55
27.7,89.13,19.09,94.84,6.39,84.9
26.78,57.98,8.32,64.18,4.62,48.28
26.56,79.83,29.24,48.28,7.4,96.7
21.79,44.99,61.06,51.47,2.88,31.61
20.5,92.28,79.44,45.85,4.24,53.27
24.04,45.09,5.7,14.11,0.45,5.69
35.13,50.59,42.3,30.58,8.34,100.0
39.82,83.05,36.48,57.57,3.22,33.08
38.57,88.04,15.33,8.86,2.48,23.25
30.08,92.21,19.48,31.18,5.25,53.73
30.64,71.18,10.25,66.61,3.41,34.97
26.29,68.82,97.59,61.37,1.4,18.84
35.48,85.04,12.76,55.95,0.41,5.69
35.3,85.77,74.83,78.4,7.99,100.0
36.89,85.89,31.78,42.27,2.6,25.69
37.91,63.07,53.71,44.21,4.64,55.05
28.69,78.52,87.27,51.8,8.12,100.0
35.34,91.44,93.62,6.66,0.18,7.33
36.13,49.11,24.02,58.17,4.93,52.36
26.17,94.92,62.89,70.78,6.41,90.73
38.58,82.45,84.78,97.83,8.25,100.0
21.89,64.53,80.48,85.48,1.97,27.71
39.89,86.34,1.53,26.62,1.81,17.97
35.4,51.82,53.52,51.32,6.86,91.49
21.87,72.51,72.58,87.45,0.72,14.51
33.12,42.2,83.89,73.81,5.39,72.6
20.68,93.86,84.11,57.61,2.11,27.36
35.4,89.2,29.89,62.27,7.55,100.0
35.98,71.46,85.31,10.89,3.41,41.16
32.05,82.35,32.36,69.93,3.73,43.66
37.14,46.23,23.38,61.19,7.15,92.19
21.96,90.71,0.15,8.45,0.79,3.89
25.52,84.53,66.96,99.09,7.22,100.0
28.28,47.2,11.84,97.1,8.66,100.0
20.85,72.02,23.52,43.81,2.66,24.86
28.96,41.35,14.48,89.58,0.74,10.79
25.3,77.71,58.54,27.58,8.18,100.0
27.85,50.31,12.65,39.61,1.16,11.03
28.5,83.16,70.44,55.55,3.32,41.34
37.59,44.22,28.55,62.59,1.64,18.53
25.41,44.87,30.87,49.78,6.5,78.0
37.87,67.98,64.04,34.84,2.38,29.61
28.52,99.64,93.89,49.87,2.35,32.27
26.56,56.59,99.16,70.07,3.72,50.42
30.05,76.75,35.73,39.65,2.57,24.58
28.35,71.12,94.63,54.52,7.06,100.0
25.15,90.53,61.23,37.92,4.74,55.23
30.05,57.32,90.65,32.99,5.0,61.54
23.04,73.3,2.79,29.88,1.45,12.71
27.04,97.04,3.32,22.4,8.22,100.0
31.32,59.96,7.46,76.08,3.14,33.35
28.27,66.36,80.44,98.39,3.4,46.24
36.48,93.33,13.8,2.9,2.18,18.73
25.13,59.95,17.66,19.61,8.64,100.0
39.4,62.84,58.54,96.42,5.46,72.98
35.69,58.25,95.74,34.18,0.55,9.88
39.35,88.57,56.71,38.9,1.73,19.77
36.76,95.82,73.26,66.3,4.32,56.97
22.84,77.87,18.77,35.27,1.69,16.14
30.53,77.42,91.42,49.27,5.45,74.64
23.4,63.4,5.59,90.07,2.77,26.1
36.36,61.6,22.17,28.97,0.71,5.17
31.68,50.44,45.37,66.69,7.08,98.49
25.27,48.85,22.62,21.71,4.72,46.94
38.59,46.95,66.38,26.15,1.02,11.92
22.3,79.24,67.88,89.16,3.35,42.06
31.28,48.18,21.19,91.76,8.07,100.0
34.42,45.14,0.86,80.7,7.62,97.61
21.18,62.95,7.43,12.21,6.84,74.99
31.96,54.94,0.04,81.85,7.59,97.74
36.32,48.75,90.54,1.92,0.82,10.03
21.35,48.77,62.17,59.66,1.1,14.59
30.24,84.51,93.35,77.7,8.49,100.0
25.17,72.21,9.25,42.64,1.13,10.47
33.26,85.49,81.76,47.92,7.41,100.0
22.37,91.17,81.1,74.18,0.34,12.95
38.74,85.09,92.74,89.49,4.19,59.73
37.89,80.79,60.46,93.27,6.71,98.6
23.72,67.61,45.72,25.27,3.0,32.19
26.47,71.18,12.15,63.0,7.23,92.28
31.75,78.0,79.56,23.08,6.89,96.6
34.36,78.34,44.2,41.78,2.06,20.47
28.85,59.64,69.58,20.35,8.33,100.0
23.13,59.9,3.03,19.68,8.06,100.0
22.08,59.68,52.12,60.79,3.74,43.91
40.0,63.93,27.07,55.25,3.12,31.25
29.11,43.32,84.28,82.81,3.03,42.2
37.45,80.48,18.59,54.33,6.62,81.22
29.65,91.87,79.01,8.12,8.45,100.0
38.45,69.85,13.41,67.29,2.85,31.9
21.76,44.21,66.34,45.11,2.57,28.73
22.28,65.71,77.93,77.84,2.37,32.67
38.59,76.56,76.08,70.91,4.14,56.35
38.95,99.13,24.43,66.83,4.86,56.54
26.29,89.51,82.43,99.21,8.64,100.0
27.1,83.28,29.66,83.32,5.56,65.93
29.05,82.03,91.87,98.0,8.34,100.0
28.32,82.56,4.46,37.4,5.28,55.83
23.8,83.35,4.14,96.36,1.4,14.83
37.97,43.98,28.78,16.04,4.03,37.8
25.07,53.36,27.7,2.0,3.99,38.76
34.11,94.12,94.86,89.6,8.25,100.0
21.34,70.59,71.68,60.06,3.49,41.64
20.78,92.55,2.38,11.09,4.1,38.57
33.07,73.65,55.71,26.11,2.88,29.41
26.78,98.07,97.38,75.95,8.86,100.0
33.11,95.56,40.3,16.69,8.3,100.0
21.88,66.25,2.4,3.2,0.32,0.46
39.0,44.48,61.82,5.1,5.66,62.34
34.97,95.04,57.02,51.94,0.94,12.11
37.53,94.17,31.3,60.54,1.31,15.54
22.73,80.98,66.31,72.74,6.59,97.1
26.4,54.76,13.97,94.6,8.11,100.0
27.37,98.19,52.49,8.25,4.67,48.72
30.74,66.4,23.88,19.19,0.17,1.62
25.94,80.43,44.51,13.91,7.17,89.5
21.21,53.37,61.63,33.73,8.26,100.0
27.38,53.28,10.37,23.06,1.1,7.98
25.09,89.35,22.21,0.43,1.65,14.49
27.72,91.62,81.33,69.24,3.71,46.07
23.94,98.45,94.72,81.26,6.84,100.0
25.24,71.37,9.56,24.98,1.72,14.78
32.54,81.86,33.07,0.88,1.54,11.67
27.76,78.76,60.78,80.45,5.18,66.35
26.91,65.06,69.38,77.01,4.89,63.03
30.68,63.43,54.0,48.84,2.6,27.95
35.44,67.39,17.73,9.78,1.29,11.56
27.58,85.62,66.02,24.28,8.43,100.0
31.75,41.48,81.11,63.29,7.7,100.0
39.32,43.14,65.72,72.64,0.06,7.14
30.44,94.28,86.43,22.27,7.89,100.0
38.2,82.24,62.4,26.08,5.64,69.29
35.87,40.25,26.49,61.16,2.4,24.24
21.17,58.72,4.11,58.23,0.84,8.34
28.58,85.8,10.53,88.62,8.74,100.0
33.97,65.06,51.24,51.04,0.26,7.73
39.73,68.13,97.18,79.98,1.66,24.77
29.17,88.59,90.53,83.9,6.83,100.0
21.86,52.13,77.54,66.57,6.82,100.0
31.24,83.28,66.38,19.18,2.4,30.24
22.53,46.18,90.35,27.64,6.63,88.83
35.03,70.44,73.55,56.68,6.89,100.0
30.15,79.77,27.79,62.54,2.02,20.45
34.47,42.79,49.95,4.5,6.79,82.69
37.39,48.59,40.43,4.98,0.29,6.53
32.58,92.16,16.54,92.13,8.03,100.0
32.25,50.57,22.24,68.89,5.07,55.07
35.09,56.7,28.52,83.68,3.88,42.39
36.85,74.77,59.66,29.6,2.01,22.2
37.38,84.13,21.73,70.1,5.32,62.1
20.73,66.73,91.64,51.53,1.46,22.0
31.12,96.62,34.32,47.9,4.93,57.76
24.33,79.86,82.75,74.6,1.7,24.67
37.21,82.96,71.66,51.96,4.98,63.4
32.97,79.4,98.18,82.96,0.8,15.84
28.4,42.03,9.99,19.9,0.99,6.39
23.76,97.04,90.67,77.35,5.79,87.87
26.78,73.27,68.97,65.12,4.91,62.54
34.08,56.57,63.45,38.44,8.25,100.0
24.09,77.7,36.08,29.77,4.74,49.26
21.87,41.2,23.26,8.2,0.83,6.81
37.76,72.85,75.07,20.12,4.0,45.78
35.28,86.25,5.0,73.0,7.13,91.48
24.0,96.39,3.66,17.17,8.08,98.93
25.85,60.35,87.49,90.12,3.72,49.19
39.44,81.61,11.0,7.86,8.71,100.0
34.16,82.99,72.1,5.11,1.38,17.05
32.21,53.27,19.95,48.11,7.62,97.33
26.15,98.75,68.46,73.66,7.4,100.0
25.98,79.33,29.35,10.3,1.25,11.84
20.79,85.84,49.03,5.99,5.63,60.74
34.57,91.88,61.01,98.71,7.05,100.0
20.86,46.93,18.62,13.79,1.22,11.38
20.1,52.14,22.2,55.58,7.34,94.69
34.59,96.19,98.28,81.09,8.39,100.0
38.98,49.27,83.69,2.44,2.1,25.44
35.13,67.25,8.96,2.73,8.67,100.0
29.43,92.71,11.69,11.27,7.68,94.77
29.72,66.92,47.96,79.6,6.44,89.92
28.72,66.04,14.08,3.41,0.8,6.38
26.49,62.59,33.6,62.39,4.36,47.7
30.43,59.18,6.94,87.5,3.04,32.71
28.62,90.05,96.79,21.26,7.64,100.0
31.96,79.33,93.89,87.13,2.78,41.4
37.96,61.05,65.19,74.56,2.14,25.88
39.9,94.85,68.19,72.9,1.93,24.97
21.57,69.91,93.37,87.07,3.61,50.99
27.69,51.3,64.39,12.59,5.61,67.34
23.61,68.99,78.84,54.05,7.48,100.0
27.04,80.48,46.35,48.35,8.32,100.0
25.75,62.03,22.8,66.4,0.72,10.54
23.49,90.63,83.25,23.8,0.42,8.47
35.28,71.99,68.44,12.73,3.26,36.23
29.93,67.9,2.81,22.05,0.68,6.15
38.38,91.52,62.33,46.57,8.17,100.0
20.65,67.78,81.65,23.2,1.52,19.77
21.34,54.38,0.79,0.33,0.07,0.0
28.07,90.8,52.37,84.02,4.21,54.55
21.61,61.75,7.23,14.78,5.18,48.06
25.25,63.82,62.49,18.3,3.67,39.24
39.72,50.84,99.89,95.22,2.19,32.16
24.18,75.27,86.64,2.92,1.02,16.0
23.96,48.63,87.57,18.68,0.98,11.93
31.47,53.42,68.04,67.12,6.07,86.53
29.96,73.67,46.12,21.69,6.48,79.77
31.61,56.14,67.72,18.19,3.29,34.69
27.53,78.38,32.12,55.65,5.45,65.2
36.54,81.43,55.28,69.6,1.4,18.79
22.77,58.08,53.97,43.06,0.19,5.15
28.57,45.24,54.37,78.13,0.9,12.87
33.8,69.37,41.2,81.52,0.95,13.03
37.36,45.57,35.28,62.31,8.86,100.0
27.39,70.91,33.04,57.78,2.12,24.07
31.35,83.57,22.47,81.63,1.21,14.72
21.38,77.22,43.85,1.5,7.16,89.78
23.41,66.9,11.77,51.06,3.3,31.33
21.38,96.75,90.16,12.87,1.86,24.03
34.56,46.1,6.97,22.16,1.98,15.24
25.76,92.8,83.74,94.9,1.25,20.24
34.47,82.63,75.49,84.29,8.12,100.0
21.33,65.18,85.32,30.7,6.12,84.18
37.25,49.17,72.03,15.44,3.96,42.34
36.71,49.35,92.1,57.04,1.34,19.58
21.78,95.31,87.02,84.43,7.13,100.0
20.48,54.02,70.11,39.09,0.17,7.0
21.13,92.45,15.17,83.72,3.88,40.7
37.07,93.53,83.7,89.59,8.47,100.0
24.69,67.7,33.98,90.9,0.25,8.59
30.97,77.17,88.58,84.69,4.96,67.07
28.52,86.41,89.66,83.7,7.59,100.0
35.91,65.7,31.4,88.51,0.62,9.58
29.78,96.31,67.17,19.26,4.31,45.61
30.01,54.3,33.83,49.04,7.59,100.0
39.78,95.3,67.82,19.6,4.37,51.17
23.0,99.65,61.39,38.65,0.72,12.25
36.61,43.11,51.09,98.56,2.74,33.23
21.03,95.21,74.04,70.26,6.16,88.69
29.55,89.97,91.96,97.02,6.43,100.0
37.73,77.3,79.75,93.55,3.04,40.87
33.3,91.81,74.22,95.11,6.43,99.59
33.7,89.58,79.54,88.12,6.72,100.0
25.27,95.49,42.17,82.9,7.24,100.0
28.37,52.8,6.9,1.22,1.84,12.94
27.33,51.26,21.5,20.4,0.27,4.17
30.43,81.53,87.97,82.13,6.99,100.0
29.24,93.97,11.78,28.44,7.34,91.23
26.54,51.47,13.2,35.55,5.55,56.72
26.11,49.24,47.46,31.85,6.11,73.89
25.02,40.73,28.12,24.34,3.26,31.44
27.3,50.92,27.69,10.82,6.42,73.74
23.0,51.39,63.87,0.32,5.09,55.46
37.44,44.65,41.03,77.47,5.57,68.95
32.04,92.06,84.46,45.69,4.92,67.0
22.68,86.8,42.89,16.19,0.5,5.33
33.88,55.27,61.53,8.22,4.27,47.24
36.95,87.0,39.79,27.84,0.46,7.9
24.75,65.33,25.6,35.44,1.52,18.42
23.01,86.53,47.13,46.14,4.28,46.34
20.17,59.38,72.05,10.11,3.66,41.75
20.95,84.52,92.24,87.79,8.64,100.0
35.25,62.9,4.22,26.87,1.24,10.05
39.74,84.05,85.98,91.54,8.95,100.0
20.9,75.14,63.6,70.9,8.71,100.0
34.96,77.25,57.21,87.02,5.77,77.77
21.44,85.19,82.92,8.25,6.95,96.38
31.84,61.38,27.6,37.65,3.99,42.71
35.12,93.21,80.99,93.17,6.22,95.72
27.18,85.83,55.26,84.18,0.19,7.93
20.22,43.27,15.21,36.79,3.38,34.11
31.9,44.31,73.92,88.95,8.28,100.0
39.82,62.57,15.72,54.61,2.92,27.77
25.15,53.41,72.04,71.75,3.32,37.48
23.79,62.48,80.82,3.02,6.23,79.94
22.48,62.21,24.31,23.98,1.14,10.48
31.11,75.52,27.11,21.34,5.48,60.61
31.93,76.03,47.41,53.96,4.9,56.76
35.85,67.34,27.25,47.39,3.27,35.31
35.06,79.03,66.58,95.98,3.17,44.13
37.85,52.5,15.85,18.2,1.49,11.27
36.12,96.1,40.04,22.05,7.59,100.0
24.95,83.58,75.82,96.07,8.42,100.0
31.12,71.66,77.14,80.85,8.61,100.0
25.95,52.41,69.63,66.34,4.8,59.89
26.6,78.94,27.22,40.96,7.83,100.0
38.64,75.5,46.94,42.05,1.65,19.25
33.64,81.0,43.28,95.07,8.0,100.0
39.49,86.87,81.68,6.9,6.82,91.17
28.34,94.9,80.82,75.75,3.59,47.74
30.75,96.94,86.61,60.12,2.21,31.73
29.74,77.81,23.12,96.84,6.84,96.16
22.15,97.96,74.85,55.84,3.88,47.42
24.73,94.69,87.04,28.05,8.81,100.0
30.55,40.16,16.65,77.99,7.69,100.0
21.35,78.26,3.99,98.56,7.11,93.02
38.63,83.57,73.96,60.96,4.34,53.41
22.48,57.71,60.62,29.47,6.4,82.38
23.96,57.85,42.16,34.64,6.8,85.66
35.31,68.99,19.51,75.48,3.69,39.81
21.94,40.65,52.83,59.82,0.85,11.01
38.01,90.9,95.13,90.23,8.59,100.0
34.51,86.17,66.59,93.34,7.25,100.0
21.37,79.03,75.17,8.55,1.19,15.23
33.84,69.76,56.61,28.63,3.63,39.8
32.63,99.87,60.42,30.49,2.95,32.47
35.15,66.91,83.71,96.72,4.59,64.88
36.56,94.11,91.77,76.59,8.38,100.0
34.37,91.19,85.25,5.48,5.07,60.91
31.72,46.79,89.58,60.74,8.06,100.0
26.45,98.45,68.64,43.67,5.38,67.06
33.95,98.91,64.28,90.28,6.62,99.08
39.14,70.24,28.17,88.39,2.09,24.56
31.75,45.8,32.52,6.52,3.95,35.88
33.29,45.67,3.36,12.26,1.05,10.63
28.74,72.67,4.72,5.79,7.79,90.47
35.12,75.02,39.73,59.32,3.17,34.83
39.95,90.56,4.27,90.31,4.07,45.12
23.21,65.24,9.73,15.9,0.01,1.66
24.05,65.91,65.0,15.08,6.37,79.67
30.79,53.56,84.37,20.8,8.56,100.0
29.63,68.83,44.44,4.12,8.62,100.0
31.43,49.78,22.4,13.11,8.96,100.0
20.98,77.06,83.11,79.51,7.21,100.0
28.09,92.48,67.12,94.38,6.74,100.0
31.66,48.96,4.79,20.61,0.78,7.25
31.7,66.97,69.83,7.67,0.14,6.53
33.15,56.72,22.57,42.51,6.06,70.35
34.4,95.91,90.38,85.64,6.65,100.0
32.83,81.46,0.3,1.51,3.5,29.79
35.8,82.4,47.91,63.89,0.11,6.69
32.5,93.81,87.66,80.33,8.46,100.0
30.75,92.56,85.96,53.67,1.88,24.49
32.12,53.67,9.77,47.56,4.99,47.06
22.02,64.85,56.38,58.68,3.7,46.18
25.46,87.77,1.48,52.97,5.07,51.5
30.55,63.64,47.62,38.76,2.05,21.94
37.46,88.49,64.14,80.18,0.03,8.87
33.58,61.16,64.36,83.76,7.63,100.0
21.81,47.53,51.89,36.84,0.52,6.47
31.85,44.75,86.81,41.55,7.86,100.0
24.43,90.58,14.42,80.08,8.78,100.0
34.68,76.65,30.29,50.35,3.24,34.77
36.55,57.28,80.71,68.68,4.88,62.47
31.87,46.98,3.61,7.52,6.93,75.88
31.83,54.83,13.27,9.54,1.55,12.72
26.77,52.78,54.71,53.18,8.43,100.0
28.93,83.98,9.02,81.92,0.21,5.75
37.28,52.93,28.24,31.65,4.96,50.83
34.47,52.97,40.37,96.06,4.15,50.53
30.4,41.94,15.72,76.03,7.17,93.44
27.36,75.81,70.41,78.17,6.71,100.0
21.01,81.34,49.51,83.4,2.97,37.34
22.86,79.21,63.98,25.45,1.47,18.69
23.86,74.12,47.43,33.03,7.15,94.41
27.47,97.96,41.25,11.84,8.8,100.0
38.88,68.36,49.24,38.04,0.88,10.34
30.1,91.61,89.95,3.58,6.6,88.89
24.7,78.76,39.6,75.15,4.64,53.48
22.12,45.05,64.23,80.26,2.81,35.69
26.77,88.61,83.4,21.36,0.13,8.88
36.31,75.06,62.11,48.99,6.52,88.88
27.67,79.21,22.61,67.2,1.19,12.84
35.45,50.81,12.2,74.25,7.66,100.0
36.05,66.25,59.09,96.94,2.38,32.85
22.22,92.83,72.74,20.07,5.33,63.65
32.17,52.93,76.87,24.67,2.56,29.27
39.18,40.01,69.38,85.39,6.32,91.29
28.04,55.45,0.35,9.72,1.05,7.27
21.02,69.25,77.38,78.59,3.09,41.34
38.47,92.38,82.78,83.81,7.91,100.0
37.67,78.6,98.82,46.45,5.27,71.59
30.44,95.14,76.46,59.22,5.22,71.58
31.05,90.46,64.62,81.8,6.37,93.95
24.23,72.88,54.83,26.48,2.33,25.14
36.39,53.89,61.59,82.41,2.13,25.67
29.97,53.08,33.74,85.06,0.34,7.4
20.68,84.17,53.35,79.35,1.99,25.78
33.66,44.82,20.44,93.73,0.53,8.99
39.01,54.56,8.78,87.22,4.75,48.89
36.58,93.15,73.3,76.8,0.94,16.74
25.54,74.62,38.41,57.93,3.74,40.01
21.07,42.8,75.57,80.86,6.93,100.0
38.81,76.92,83.02,63.9,4.2,55.76
38.74,70.4,80.98,63.73,5.06,65.73
30.65,91.27,73.96,24.26,0.28,6.83
32.85,80.95,76.41,24.78,4.83,55.68
29.25,40.27,42.93,79.6,2.27,25.27
28.4,52.34,96.12,98.94,5.12,73.48
22.39,85.48,80.08,94.46,6.54,100.0
21.94,64.84,9.39,0.22,0.9,6.85
24.65,74.27,67.16,64.75,4.84,62.4
36.73,84.85,23.51,41.28,1.88,16.97
22.92,70.77,62.89,90.82,2.41,33.71
24.53,59.64,46.91,96.18,1.34,18.44
30.97,91.05,49.45,62.29,4.44,52.42
24.3,52.16,38.25,95.01,0.09,6.24
23.26,56.37,11.13,26.79,0.85,11.12
31.27,95.62,73.46,98.09,7.54,100.0
27.36,96.32,64.32,86.82,8.45,100.0
32.52,54.38,17.35,38.62,7.78,100.0
38.24,79.97,76.46,3.07,6.7,85.53
23.02,49.15,60.19,16.47,8.26,100.0
38.27,82.83,72.26,7.45,2.38,26.27
38.05,40.68,58.45,24.24,7.71,100.0
36.58,78.48,48.83,44.99,3.04,32.94
32.63,49.79,20.32,27.69,5.4,55.65
32.4,88.78,86.51,92.55,8.49,100.0
32.78,73.53,75.44,14.11,8.16,100.0
33.81,62.52,75.39,31.57,8.36,100.0
20.33,68.28,1.52,22.41,1.59,13.01
39.16,58.53,80.52,9.51,0.73,11.24
31.71,97.21,43.91,67.61,2.45,31.99
35.63,57.44,69.37,89.3,7.29,100.0
27.55,83.25,56.58,43.81,2.98,37.87
20.25,91.26,76.95,68.42,5.96,86.19
30.19,79.85,98.23,98.3,3.59,51.71
30.14,59.37,25.35,73.13,8.21,100.0
28.74,73.15,78.42,4.71,7.38,100.0
26.79,71.36,43.33,58.71,3.79,44.86
25.0,87.17,54.72,75.57,4.53,55.13
30.55,65.88,29.44,63.9,7.51,100.0
27.51,85.48,73.16,83.26,2.2,30.4
39.4,90.87,28.43,15.88,4.89,52.87
23.46,51.98,4.78,98.12,8.38,100.0
26.39,44.89,87.4,51.63,5.43,72.32
25.88,65.09,53.27,64.09,3.13,35.45
30.87,72.05,75.85,52.93,3.98,50.4
29.99,62.61,60.32,18.69,5.66,66.47
32.87,77.71,51.65,35.1,8.46,100.0
39.0,70.34,77.0,22.12,6.64,88.69
25.7,96.2,3.22,26.42,8.15,100.0
33.86,64.56,31.19,89.04,7.49,100.0
20.5,93.82,95.27,71.03,6.06,89.87
25.25,58.12,94.4,18.27,2.33,27.59
29.27,76.35,39.37,36.45,6.67,85.61
20.62,55.36,97.53,61.73,8.01,100.0
32.35,56.14,75.53,20.09,7.22,98.35
33.57,60.37,48.49,5.1,2.82,26.46
34.93,84.77,42.92,87.21,5.59,70.89
30.33,59.74,8.47,19.11,1.07,10.23
32.08,61.02,61.52,93.64,3.94,51.14
27.92,51.73,5.24,4.71,5.29,51.0
20.83,65.24,42.91,65.08,8.87,100.0
22.0,61.11,23.77,66.52,4.9,53.19
33.1,99.4,95.63,15.6,1.75,24.75
39.91,67.83,36.33,66.52,4.54,50.27
20.32,80.76,48.93,38.76,1.58,17.4
31.15,94.83,37.55,38.18,6.19,75.5
35.02,92.29,92.02,94.01,7.94,100.0
36.54,54.96,35.26,95.24,6.08,78.99
30.9,76.44,77.9,17.01,7.9,100.0
32.4,64.11,62.12,68.41,6.55,90.46
33.93,65.34,43.74,15.47,3.94,38.63
37.18,98.76,82.06,3.5,4.84,53.66
22.45,86.05,55.85,59.17,5.45,69.65
38.52,68.14,82.66,63.47,3.53,44.0
20.52,49.59,5.95,72.64,0.84,11.66
36.72,50.71,87.03,50.7,6.32,90.55
21.53,76.21,94.76,95.17,0.42,13.75
23.89,85.06,81.92,76.42,1.84,27.43
20.08,78.19,1.96,16.16,4.08,38.41
28.91,59.76,52.62,20.79,8.88,100.0
26.69,43.58,82.88,59.61,2.76,34.6
23.32,68.22,54.5,33.33,7.15,98.08
29.02,70.26,35.99,0.09,3.78,37.8
28.05,86.24,47.07,2.43,1.99,18.44
35.35,78.42,8.07,40.81,0.24,7.13
37.86,92.28,49.63,52.36,0.8,9.76
33.05,86.98,2.78,65.33,3.75,33.98
22.49,61.95,64.41,76.31,3.6,47.28
25.91,77.93,39.05,96.88,5.64,74.94
38.27,84.84,19.13,83.89,0.56,9.03
21.77,97.41,1.74,35.59,2.56,24.14
28.14,65.34,92.21,53.47,0.21,8.57
38.85,78.9,55.63,21.59,7.85,100.0
39.01,63.56,64.7,96.88,3.58,45.88
28.22,59.6,21.38,16.99,0.76,6.41
33.35,94.72,62.66,24.97,6.4,82.2
29.13,95.15,41.31,72.4,2.41,27.39
35.07,87.74,98.27,87.71,7.87,100.0
20.63,52.25,25.25,99.67,5.22,61.46
22.88,85.3,56.14,7.47,8.13,100.0
32.28,77.86,20.56,33.55,8.03,100.0
24.65,94.31,91.74,94.19,2.77,41.19
33.32,97.51,97.19,87.96,8.42,100.0
27.02,81.05,71.79,88.7,8.62,100.0
37.73,81.03,63.96,60.49,2.21,25.96
36.39,74.3,58.88,37.49,3.86,45.41
29.86,47.59,43.4,9.28,0.31,4.0
35.46,81.21,29.96,40.89,3.59,34.36
25.42,49.51,76.79,30.9,0.25,9.01
29.89,87.66,70.34,24.58,7.69,100.0
23.95,73.43,47.06,38.29,4.24,50.5
37.22,68.61,44.69,33.47,2.05,19.62
36.46,56.53,1.13,73.14,3.56,34.22
38.04,99.03,60.0,59.89,0.95,12.98
37.55,83.33,57.7,42.92,0.97,11.89
39.19,86.68,0.53,20.0,8.52,100.0
24.57,86.12,13.7,42.06,6.26,71.86
38.64,75.04,1.24,18.05,5.75,59.53
31.42,96.38,25.32,95.21,4.25,49.95
28.45,75.03,0.39,17.38,4.41,40.51
31.21,71.2,41.74,85.87,6.95,100.0
26.85,56.42,47.64,61.56,0.47,9.88
25.77,71.03,52.59,57.99,4.94,59.84
24.83,84.21,19.94,88.86,4.95,57.2
21.65,60.09,52.36,80.4,2.76,33.77
29.93,83.72,81.41,58.93,1.94,27.75
37.76,97.16,29.12,26.7,7.76,100.0
32.6,66.36,31.26,66.0,8.38,100.0
30.42,45.84,54.28,0.48,0.86,9.89
28.57,79.99,23.38,37.75,1.53,15.28
29.29,85.26,82.26,78.45,5.59,77.84
24.19,87.22,45.24,58.05,6.97,97.38
36.46,71.54,38.63,26.06,4.42,48.6
23.97,69.38,81.82,89.22,8.34,100.0
34.33,74.17,84.9,1.53,7.86,100.0
35.2,70.98,40.29,88.29,1.14,17.05
31.5,44.21,5.06,7.44,1.0,6.83
37.26,56.89,95.69,14.64,0.77,13.05
25.82,64.92,50.31,6.29,7.88,100.0
37.63,93.69,99.3,95.12,5.02,76.21
34.59,48.12,76.28,6.7,8.47,100.0
35.97,59.49,26.42,97.38,6.56,87.1
33.29,51.54,22.91,42.06,6.59,81.38
36.93,65.63,15.91,35.35,1.13,10.67
39.86,48.01,80.61,65.0,0.99,11.87
28.4,81.44,31.44,57.42,3.81,42.06
36.28,46.21,67.58,39.0,4.34,48.66
34.89,87.71,73.19,98.17,7.62,100.0
29.06,83.12,75.59,79.68,7.81,100.0
38.54,68.33,75.08,3.44,5.59,63.34
27.89,64.27,15.88,24.93,0.12,3.86
31.31,83.81,33.84,51.46,0.61,6.62
22.12,96.9,52.01,68.67,4.67,56.12
24.52,53.3,80.36,57.52,8.32,100.0
36.81,97.19,71.4,61.42,4.08,49.78
27.93,65.91,49.31,30.07,3.77,38.41
27.88,81.12,95.61,67.79,6.36,97.47
24.92,82.1,43.49,44.77,7.03,95.17
29.83,51.96,5.57,92.01,7.45,97.84
36.12,66.69,87.05,80.69,4.07,55.85
37.9,44.07,52.66,72.01,4.0,52.84
21.4,81.82,80.84,46.01,4.26,50.7
31.5,65.0,39.21,2.26,8.72,100.0
29.35,93.5,58.86,31.52,8.36,100.0
32.29,56.44,33.11,66.49,5.6,65.31
28.95,95.9,71.61,96.64,7.91,100.0
27.97,48.46,14.74,9.91,8.1,100.0
29.44,76.42,74.16,51.78,1.54,20.73
31.64,58.47,28.03,15.45,0.96,9.83
30.02,74.72,77.91,59.6,5.61,78.54
29.44,45.64,35.42,50.19,6.17,74.08
36.36,79.34,43.21,11.63,0.47,8.59
34.91,53.99,57.62,11.25,2.82,26.7
26.83,74.37,68.28,21.01,7.06,96.23
36.01,86.31,88.48,83.2,8.52,100.0
37.07,58.96,42.37,93.32,0.76,12.5
23.07,42.1,48.19,23.9,1.82,20.14
31.65,48.57,14.03,71.98,6.53,79.95
25.71,47.16,52.15,18.94,1.05,12.6
34.78,67.8,87.71,63.55,0.09,7.53
24.78,84.68,46.04,13.77,8.93,100.0
33.43,57.79,93.8,84.54,5.53,78.96
25.1,48.75,15.58,74.25,3.86,38.97
30.22,78.45,73.69,68.07,5.37,69.99
38.97,58.07,70.8,1.47,6.03,75.18
27.63,74.51,68.15,83.64,4.46,57.39
37.51,96.03,66.29,15.09,5.92,73.92
39.74,57.48,2.23,53.35,6.38,71.0
37.5,83.14,92.03,85.34,7.95,100.0
23.32,88.41,49.97,63.17,3.81,44.46
36.39,42.61,3.47,8.64,1.08,7.06
20.64,78.63,79.5,80.61,7.13,100.0
27.87,86.35,18.84,75.61,6.93,91.23
37.41,72.39,91.1,29.88,7.3,100.0
33.78,72.16,31.55,37.91,3.94,38.82
30.65,83.13,39.39,50.15,5.18,61.34
27.76,81.86,18.92,58.62,6.35,76.36
36.25,80.2,63.22,69.17,2.9,37.1
34.19,62.93,74.07,55.56,8.8,100.0
29.37,89.71,92.13,71.05,3.41,46.78
37.85,77.02,87.82,99.27,6.17,95.29
24.6,49.34,27.56,39.46,7.44,94.32
23.41,60.71,7.1,91.33,6.72,85.8
32.86,55.23,26.61,21.7,4.51,46.6
39.44,79.79,61.84,14.37,3.67,42.34
24.95,53.86,97.41,74.48,5.73,84.29
24.99,79.39,7.92,19.44,3.92,36.32
22.79,70.79,38.84,45.76,5.33,60.03
37.21,49.15,66.72,71.18,7.2,100.0
24.53,55.5,57.46,48.49,1.1,15.54
30.06,71.3,65.17,90.15,6.28,91.12
39.82,83.99,46.32,87.81,0.48,10.33
20.24,43.44,10.85,23.87,0.33,3.15
31.13,62.32,24.84,4.33,0.88,6.98
30.25,57.7,38.15,29.18,4.44,47.36
36.15,65.13,7.51,29.32,0.87,10.41
27.11,41.51,17.16,67.02,2.9,27.01
28.21,90.05,73.74,86.44,8.79,100.0
23.36,97.78,67.05,80.28,6.7,100.0
34.82,95.12,83.1,97.66,8.67,100.0
35.69,92.26,23.72,23.3,8.99,100.0
22.73,62.09,3.62,9.07,1.03,8.52
27.87,66.16,24.42,36.76,3.46,37.02
37.86,75.57,96.36,67.32,6.3,97.09
20.05,96.1,10.95,83.49,7.32,99.08
25.98,45.96,85.21,51.24,2.54,32.21
31.1,54.62,18.06,47.78,3.54,35.39
26.68,91.62,39.42,3.15,7.39,92.39
25.44,86.84,96.56,46.23,4.77,63.19
29.2,99.66,57.94,62.38,7.7,100.0
23.63,58.83,26.4,77.86,0.58,8.12
30.59,96.69,0.06,35.6,2.58,22.64
34.13,60.62,0.68,91.94,5.02,54.44
31.51,82.91,27.46,84.02,1.1,16.41
21.86,92.96,52.69,8.22,4.34,45.13
36.89,50.25,48.49,90.29,0.16,8.0
23.5,52.34,92.19,22.28,4.54,53.93
35.3,74.86,76.41,92.33,8.28,100.0
27.21,90.63,92.47,63.07,8.53,100.0
35.66,44.74,51.18,41.19,2.87,29.67
24.13,57.23,15.19,15.32,1.29,9.17
23.73,60.59,56.61,56.28,8.21,100.0
29.94,80.82,34.84,46.31,3.58,37.51
20.66,60.39,21.08,83.69,5.23,58.33
24.51,94.69,83.67,41.49,7.34,100.0
34.48,47.85,68.05,84.9,3.54,47.66
36.75,74.46,32.57,47.2,3.78,39.05
21.62,48.89,44.63,41.76,7.66,100.0
37.64,95.72,22.54,24.33,4.42,44.77
35.95,87.88,56.28,82.79,6.62,95.18
37.39,54.03,35.84,62.01,8.15,100.0
33.97,94.78,72.33,98.91,7.8,100.0
33.48,62.89,52.84,66.24,8.0,100.0
30.5,64.33,41.17,86.1,2.95,31.95
33.06,89.04,74.96,19.78,8.37,100.0
38.38,73.87,90.51,39.24,2.75,31.44
22.01,65.68,81.74,38.03,2.11,27.39
26.32,83.17,49.49,7.6,6.49,80.62
21.45,67.47,35.64,33.41,8.3,100.0
38.9,47.69,66.21,76.18,6.91,100.0
28.91,46.45,81.69,25.33,6.66,89.72
33.51,59.56,97.86,81.09,8.76,100.0
36.82,76.17,45.73,95.53,5.02,62.18
39.82,48.09,66.82,22.4,7.99,100.0
23.24,73.01,29.31,40.97,0.33,5.13
35.99,56.18,8.75,13.13,1.19,10.42
37.75,81.72,25.31,69.21,2.44,26.01
20.98,41.7,1.45,48.22,8.52,100.0
35.08,68.14,50.94,58.87,1.77,20.64
27.09,43.14,37.32,77.87,3.45,39.4
32.97,59.83,67.83,77.62,0.32,11.2
30.28,40.93,61.53,51.6,0.7,8.55
25.19,68.15,16.79,88.23,5.24,61.0
22.7,86.02,67.38,93.19,0.88,15.01
22.34,46.01,18.74,63.07,8.09,100.0
22.07,84.11,0.6,3.84,7.97,95.92
32.76,75.05,97.02,77.6,5.6,82.65
27.03,70.28,2.7,89.19,3.57,36.1
24.33,75.97,34.17,55.66,7.99,100.0
33.84,60.15,63.75,70.04,4.39,54.29
33.74,52.91,7.59,16.55,0.5,3.36
30.78,86.78,38.12,50.21,3.11,35.39
38.7,86.69,72.27,79.81,3.27,44.36
27.71,84.55,88.42,87.93,7.83,100.0
36.72,79.23,51.84,11.52,3.61,36.57
21.5,63.65,15.76,21.83,0.47,3.9
34.8,69.73,10.81,37.36,5.64,63.36
39.77,40.16,46.98,39.09,2.27,23.59
36.93,51.62,23.91,77.33,3.62,38.92
31.59,61.11,50.5,35.91,2.38,26.24
32.54,92.46,97.9,76.4,2.18,28.3
27.07,42.94,73.4,53.63,0.82,12.25
33.59,60.48,10.03,7.65,1.19,12.75
35.41,78.21,40.24,50.93,3.66,35.93
39.96,95.94,22.6,79.07,1.12,11.56
29.85,92.22,84.17,78.49,7.68,100.0
21.23,46.18,35.04,34.58,5.04,52.1
31.92,48.8,91.99,63.65,0.23,9.02
22.38,78.15,20.76,44.44,7.12,88.71
24.9,52.94,34.98,30.34,4.42,45.36
26.58,95.7,93.18,91.35,0.23,11.98
34.62,95.24,88.47,72.33,7.76,100.0
23.68,96.92,29.32,19.69,5.27,55.99
23.32,84.08,84.36,93.14,6.44,100.0
20.9,83.02,88.37,25.24,2.53,30.98
37.46,79.78,67.06,43.13,3.71,45.27
33.87,42.14,63.73,21.74,5.97,72.81
20.8,78.34,36.62,60.97,2.46,26.73
20.57,52.41,92.1,39.91,7.12,100.0
31.17,62.25,51.72,55.51,5.79,73.49
25.65,97.18,18.18,30.21,7.16,91.55
31.93,90.74,47.27,7.5,0.85,10.08
28.69,57.61,72.89,24.96,6.52,86.15
38.47,71.8,49.21,24.57,5.21,59.42
25.76,51.54,31.33,59.08,2.47,23.15
33.58,56.65,66.63,28.21,2.15,22.04
21.08,43.9,45.02,53.38,2.59,28.42
39.12,78.56,96.28,47.03,1.11,16.69
39.62,79.42,35.21,26.64,2.46,24.11
34.78,90.31,71.75,74.12,0.64,13.11
29.3,92.29,55.51,66.76,6.05,85.81
24.4,49.6,7.76,68.03,4.61,46.79
36.25,84.58,46.98,43.36,1.15,11.06
34.73,48.08,2.92,31.66,6.27,68.35
24.44,81.13,71.69,53.9,5.16,67.1
29.02,70.93,73.45,95.91,4.45,60.82
29.26,98.91,51.99,50.88,4.76,57.25
36.53,49.41,49.97,66.53,6.85,92.99
33.68,56.27,96.15,44.23,5.26,68.33
32.86,47.65,28.46,93.26,5.26,61.39
33.0,96.05,90.43,26.47,0.58,10.57
25.41,57.3,15.11,45.84,3.84,37.35
27.43,70.07,0.66,49.37,2.76,26.41
20.91,99.79,53.05,72.86,4.27,56.95
35.74,67.69,0.09,0.31,0.65,4.6
28.66,64.69,87.92,73.94,7.08,100.0
28.76,95.79,67.39,73.29,5.49,71.0
24.91,66.98,38.31,28.73,2.01,19.64
24.19,50.77,67.33,15.56,6.58,86.01
31.76,91.25,56.07,62.77,5.0,61.63
24.65,65.64,74.71,32.48,7.8,100.0
21.28,87.82,66.99,11.03,5.56,70.71
35.35,42.52,83.43,12.88,6.64,88.88
27.53,77.06,55.81,49.48,0.1,7.26
27.6,82.64,35.07,42.59,4.84,53.26
28.63,98.32,46.68,66.35,3.28,38.88
36.3,48.75,44.02,61.19,0.5,12.16
26.42,54.77,33.25,10.74,5.82,67.03
35.16,95.95,41.55,29.67,8.36,100.0
38.79,77.84,38.5,89.63,6.59,89.2
33.22,42.28,11.11,76.67,0.72,8.93
28.63,44.64,83.06,87.05,0.51,14.25
34.96,87.13,75.65,2.2,3.11,36.43
29.16,74.05,33.75,91.21,2.15,25.26
28.29,73.92,94.51,86.11,0.25,10.93
30.51,92.79,94.94,45.23,0.36,12.53
26.35,69.62,44.37,62.2,3.03,32.72
22.09,49.63,2.94,27.2,1.2,9.43
28.3,76.83,37.12,65.86,1.75,20.22
22.48,62.25,21.98,61.39,3.92,40.85
28.21,55.92,71.87,48.36,8.94,100.0
31.14,80.88,63.48,2.83,7.24,95.91
38.61,49.14,67.84,41.63,2.09,23.83
20.72,77.21,59.49,26.89,2.24,24.36
32.43,94.09,94.84,70.38,5.21,77.78
29.15,47.08,55.15,48.63,7.06,93.98
20.41,41.46,90.4,98.57,5.92,86.85
24.99,77.83,57.85,43.92,3.71,40.53
22.37,61.75,33.79,15.83,4.38,44.38
24.34,56.05,27.22,61.72,2.23,24.93
25.49,87.99,11.73,80.35,7.08,93.23
28.03,50.8,15.88,76.28,0.46,6.36
30.58,79.02,99.24,77.28,3.28,45.04
20.02,58.81,42.87,87.96,5.04,58.66
23.24,46.26,46.06,44.29,2.02,24.2
21.87,81.25,95.1,31.86,3.63,44.76
30.99,59.12,36.18,60.04,5.67,68.48
26.58,60.1,2.3,11.0,1.45,12.33
30.97,85.17,94.56,66.16,6.94,100.0
24.44,95.48,84.86,87.12,8.15,100.0
20.48,59.34,19.97,39.64,8.29,100.0
38.83,54.19,6.48,47.26,2.9,26.49
22.17,93.57,81.31,8.74,8.28,100.0
22.54,63.18,26.32,25.52,2.92,26.87
22.93,82.46,57.94,3.78,4.57,46.93
39.63,89.63,10.46,91.95,8.39,100.0
32.35,90.29,92.78,85.38,7.97,100.0
32.21,47.15,63.18,85.93,7.64,100.0
39.73,77.49,44.99,54.82,4.51,50.54
21.77,75.41,33.75,19.63,3.78,40.41
39.49,81.46,98.75,87.27,6.77,100.0
24.08,75.08,10.94,35.16,1.79,16.39
32.46,87.42,11.57,79.4,5.93,73.19
28.4,61.0,49.57,14.71,1.59,17.31
27.68,57.5,11.34,16.49,0.89,9.7
38.62,55.87,34.95,44.97,2.47,23.8
22.98,87.15,16.48,61.4,1.26,13.26
39.94,97.26,80.25,42.08,0.91,14.45
27.58,48.86,44.97,6.05,5.47,60.54
32.98,97.55,65.99,78.01,5.8,81.06
39.36,87.61,85.76,75.99,7.96,100.0
21.15,57.06,23.1,16.92,0.78,7.32
38.46,58.78,29.84,27.45,1.11,11.88
31.36,41.33,38.24,98.03,4.26,49.18
34.09,70.45,53.48,59.06,8.32,100.0
22.98,57.15,35.86,57.13,8.43,100.0
30.67,56.05,19.17,15.34,1.0,7.59
33.47,84.89,50.64,51.48,3.39,38.34
29.12,49.18,73.24,77.92,2.15,29.69
23.1,96.05,6.63,59.39,6.72,80.89
24.88,70.23,90.57,86.35,3.2,43.95
37.09,90.3,17.05,18.12,2.02,21.44
20.69,57.02,9.77,76.42,4.24,41.18
34.18,78.04,17.32,67.99,1.58,15.1
39.99,73.4,93.3,56.33,3.82,50.28
20.15,95.45,22.13,86.68,3.55,37.47
23.22,50.76,78.7,70.97,8.67,100.0
33.48,52.27,64.3,71.67,4.88,63.08
21.2,96.94,51.82,90.97,6.27,88.85
31.8,45.88,36.56,69.94,1.57,16.88
33.68,78.08,9.29,25.54,8.98,100.0
31.76,43.63,71.07,18.36,4.48,48.17
27.3,84.69,20.19,42.24,3.56,35.45
33.95,75.83,53.5,23.49,5.48,67.28
31.89,73.08,5.18,69.96,2.86,27.7
24.15,74.38,77.59,84.27,2.65,35.67
31.26,68.42,69.23,29.18,2.85,32.16
37.64,49.25,13.14,21.6,1.46,11.1
33.34,99.53,49.63,74.69,2.58,27.95
29.44,56.55,33.7,98.81,7.01,100.0
26.43,44.92,18.01,18.76,1.25,11.82
21.72,59.38,6.85,46.15,1.28,13.42
24.89,85.8,68.67,64.03,0.94,15.57
20.22,60.88,4.5,76.29,3.69,38.64
39.73,80.6,0.14,91.19,1.02,9.01
24.45,66.75,3.1,89.13,0.23,5.15
36.3,84.25,62.4,65.25,6.7,96.8
23.37,89.74,57.02,42.25,8.82,100.0
25.67,70.84,68.12,71.83,0.1,8.35
28.37,68.51,42.07,13.23,0.57,8.03
26.49,56.02,40.86,95.94,5.25,65.93
35.97,67.37,28.42,49.48,2.6,24.28
39.15,55.74,59.68,82.88,0.94,14.29
37.51,90.61,84.5,90.74,8.05,100.0
23.07,63.33,81.91,17.8,6.07,79.29
35.53,47.75,82.35,42.21,4.45,54.6
22.96,54.4,84.42,65.17,4.89,65.72
38.27,72.07,87.98,82.25,7.17,100.0
30.36,94.98,55.53,73.8,0.88,13.84
26.73,58.03,59.52,12.15,8.4,100.0
23.14,55.86,72.72,64.57,1.01,14.16
20.24,64.39,19.9,29.41,4.13,40.01
24.96,98.07,36.05,40.65,2.23,22.21
38.28,90.71,91.27,99.42,5.99,92.6
35.95,48.98,52.28,15.71,7.56,97.53
39.4,76.83,5.18,10.44,5.55,55.1
22.02,87.51,40.56,40.91,2.02,22.06
31.84,86.08,16.08,86.41,7.01,93.51
25.14,69.33,35.63,16.22,8.48,100.0
30.86,83.91,54.5,8.0,1.45,15.88
26.41,70.35,55.33,66.44,5.87,73.87
25.67,52.09,49.05,63.23,4.77,55.7
31.48,43.36,1.83,15.47,6.66,70.8
23.67,62.17,44.51,80.46,1.14,13.25
29.38,43.72,2.9,84.59,0.46,6.88
33.02,63.7,40.49,52.26,5.1,58.33
22.56,89.73,64.7,3.05,7.18,94.94
38.61,90.66,12.59,51.61,2.68,27.26
30.11,42.04,91.68,21.42,5.25,62.81
36.39,44.17,63.05,44.61,7.23,99.14
33.08,80.19,21.76,75.97,0.26,6.08
34.2,92.01,62.17,85.28,7.02,100.0
34.32,48.96,9.69,0.02,2.73,26.04
37.5,88.33,2.21,13.34,6.51,71.75
32.27,52.99,91.59,4.54,6.0,75.33
25.56,44.69,67.52,26.04,7.44,100.0
21.99,84.97,77.96,40.43,4.94,59.46
32.13,76.49,62.22,77.97,2.05,24.19
21.33,63.67,90.68,3.03,3.9,43.2
24.83,81.56,89.59,35.1,3.56,43.52
21.21,94.68,5.82,92.94,6.01,75.24
30.98,74.4,78.9,81.09,4.15,54.58
23.21,77.66,39.58,82.68,4.12,47.88
32.21,53.09,34.11,48.35,5.75,67.66
35.82,42.98,8.24,24.96,1.09,8.9
36.44,65.44,26.65,18.69,5.17,54.91
26.19,65.78,51.3,33.78,3.59,40.74
30.98,51.42,0.75,86.41,6.87,84.75
31.26,88.16,79.15,46.75,8.76,100.0
29.46,62.77,39.34,49.25,8.89,100.0
33.1,93.23,0.51,45.01,4.64,46.41
24.2,61.28,84.71,1.84,7.75,100.0
39.58,84.26,53.45,67.39,4.55,54.61
21.96,72.67,72.47,99.19,4.72,61.75
36.58,63.14,87.84,4.2,0.27,8.25
31.88,77.03,69.47,79.41,7.42,100.0
24.9,87.2,26.22,69.07,8.69,100.0
34.91,68.96,11.89,42.48,4.66,46.61
21.69,65.53,9.8,98.27,3.1,30.72
35.49,74.65,94.56,3.27,1.01,14.33
31.8,75.11,80.56,87.46,0.5,11.18
22.22,65.53,36.47,13.47,7.23,92.27
21.59,85.46,68.73,20.48,3.68,43.23
35.02,63.98,91.94,52.83,5.07,67.82
25.86,74.07,55.97,72.28,5.6,73.36
37.79,57.75,14.22,17.56,0.05,2.21
35.24,85.14,63.2,87.68,5.34,71.93
33.96,55.64,72.27,40.17,8.04,100.0
25.57,82.48,86.47,89.4,6.64,100.0
34.18,50.61,48.96,83.82,2.7,30.64
38.96,81.37,16.04,91.52,0.69,10.46
21.83,66.95,60.26,67.58,7.69,100.0
26.52,63.32,64.76,44.47,7.68,100.0
24.69,52.25,27.67,61.42,3.18,32.83
27.87,93.47,78.08,55.19,1.87,25.43
34.85,66.59,47.36,5.16,6.06,70.94
29.48,76.46,70.64,39.44,6.81,96.82
31.41,46.75,63.98,65.68,6.5,87.87
26.28,46.48,45.08,84.78,0.64,12.46
22.83,99.17,81.91,82.47,8.42,100.0
25.34,62.04,20.43,81.93,4.9,53.98
37.19,68.37,74.59,75.69,5.48,73.83
32.05,54.67,64.19,92.93,0.41,11.23
27.56,60.98,28.09,98.94,0.11,5.96
35.8,40.38,96.71,4.17,1.14,15.12
21.29,61.07,81.03,43.75,3.52,44.71
25.08,47.15,12.68,77.36,8.5,100.0
24.6,47.7,16.26,82.32,6.55,81.75
39.71,40.27,54.4,8.29,8.99,100.0
34.12,81.78,10.24,60.66,6.12,71.69
32.36,86.48,62.73,88.39,6.28,92.77
20.1,58.01,16.81,27.24,0.35,2.95
23.69,44.58,21.59,4.26,0.04,0.42
32.71,99.38,44.35,39.48,7.98,100.0
27.59,50.9,19.24,10.64,1.14,11.1
38.49,68.09,49.05,56.17,2.21,25.6
35.29,46.47,24.7,6.08,6.59,71.71
28.95,83.24,83.18,77.92,6.78,100.0
34.99,97.69,72.11,12.29,4.63,50.46
39.51,92.65,82.45,81.06,8.53,100.0
29.22,77.45,19.8,1.71,3.72,34.32
32.85,76.65,38.54,78.7,7.56,100.0
38.37,98.68,80.55,35.53,2.73,33.67
24.97,44.39,37.38,65.59,6.58,84.27
37.73,48.97,37.91,17.92,2.28,22.02
21.95,89.85,98.6,53.7,2.96,41.96
32.97,48.71,77.09,29.91,3.03,35.5
35.66,63.0,86.08,0.39,1.22,13.6
32.29,56.89,40.7,72.51,3.16,35.08
29.91,72.6,45.14,87.58,5.73,74.48
32.35,41.54,45.06,93.97,3.61,44.24
23.03,96.01,64.28,96.78,6.96,100.0
24.31,64.07,12.77,0.17,6.31,67.78
25.4,73.1,84.21,94.49,4.64,64.01
31.96,58.27,39.05,13.28,3.92,37.7
28.84,96.49,58.18,83.39,7.17,100.0
24.89,72.53,32.85,33.01,2.22,21.85
37.66,97.67,77.35,56.81,4.9,64.32
27.48,61.0,19.82,83.57,0.29,5.73
28.92,72.14,28.5,44.95,2.21,20.67
28.19,59.17,11.66,9.23,0.96,7.57
23.64,89.64,26.02,14.86,7.97,100.0
34.63,43.52,4.09,71.64,0.19,5.08
28.97,77.52,62.98,16.07,6.3,79.17
20.33,95.29,70.88,68.42,6.69,100.0
39.28,48.74,94.17,15.54,2.99,32.67
36.32,73.15,35.5,62.57,2.31,26.89
34.47,54.59,39.92,98.57,1.48,20.32
37.38,40.99,16.3,97.01,2.49,25.89
38.14,92.01,98.46,74.57,8.23,100.0
26.75,45.36,3.69,2.76,0.6,4.76
32.22,86.9,95.76,87.4,4.11,60.44
32.18,83.37,49.53,52.84,2.38,26.04
25.35,99.62,20.98,22.86,6.26,72.21
24.44,66.28,57.32,66.11,3.01,36.54
22.28,65.65,37.21,14.16,3.11,30.24
33.19,56.91,34.79,83.24,0.52,7.32
35.62,98.01,96.13,66.23,6.94,100.0
35.22,69.17,7.31,26.65,4.69,47.98
26.33,83.73,37.88,84.35,0.62,11.03
24.11,42.8,12.64,28.49,1.26,10.04
29.07,47.85,72.3,97.48,7.02,100.0
30.94,93.52,80.6,90.09,7.49,100.0
38.38,89.68,23.43,60.88,8.81,100.0
37.5,61.06,73.45,71.21,2.03,31.0
38.32,81.42,40.63,3.71,7.6,96.84
37.01,69.54,5.94,43.71,7.62,94.82
39.29,85.66,39.48,88.46,4.69,56.77
29.31,63.41,13.13,1.15,4.86,46.26
20.95,78.65,61.95,97.02,7.27,100.0
21.67,43.47,84.03,35.38,1.2,14.87
27.81,50.49,28.75,67.51,3.81,40.36
25.15,48.33,20.54,24.14,1.48,13.86
23.4,62.89,36.38,6.52,1.93,20.47
39.06,42.11,15.42,21.75,4.28,38.41
23.91,76.15,60.72,72.26,5.0,64.41
39.19,64.7,76.01,19.18,2.69,30.1
35.22,83.07,77.47,28.65,3.35,38.83
32.82,65.09,12.14,3.42,0.22,0.03
33.52,84.71,51.26,75.43,1.74,22.82
26.63,91.48,2.39,2.71,0.91,7.14
32.93,60.47,9.02,30.19,0.48,8.45
23.73,88.02,8.11,53.23,4.7,48.2
38.75,47.61,5.72,0.6,4.68,44.13
26.04,64.92,33.38,95.4,1.76,21.07
25.1,45.85,35.77,86.93,2.23,25.13
34.22,43.15,69.79,64.73,2.87,32.47
33.13,43.87,32.99,43.91,0.09,6.0
29.03,46.29,14.04,15.53,7.35,86.77
32.65,90.14,94.69,55.36,6.95,100.0
23.19,90.06,75.58,93.0,7.67,100.0
33.47,96.84,12.42,63.8,5.17,57.67
25.41,72.28,36.28,14.56,2.95,27.52
25.46,67.12,0.76,20.13,0.9,7.78
23.24,51.07,95.91,32.29,5.31,66.33
26.65,72.43,35.6,50.2,6.49,82.44
26.63,63.12,9.81,16.18,3.0,26.87
29.08,95.89,72.68,25.63,2.17,27.75
23.81,77.27,22.84,35.17,3.94,40.02
23.86,80.47,75.19,95.26,8.44,100.0
30.83,77.21,32.15,99.98,4.21,50.1
22.58,82.29,88.79,84.93,7.93,100.0
33.78,72.94,61.16,77.79,5.26,71.47
38.88,47.46,28.89,52.42,6.36,77.3
28.54,79.24,80.16,32.18,8.68,100.0
38.02,98.03,61.88,80.91,6.53,95.11
21.97,60.71,69.26,21.03,4.57,52.19
20.86,70.87,68.68,85.57,3.25,42.64
34.43,46.98,52.19,66.36,5.4,66.62
35.22,95.84,35.09,18.8,7.93,100.0
36.86,46.57,72.05,40.52,7.98,100.0
21.14,95.42,87.52,87.79,8.82,100.0
35.54,57.91,14.11,52.18,6.82,85.44
27.53,89.55,12.63,39.71,4.6,44.27
26.07,82.04,73.27,58.46,6.95,100.0
23.46,40.42,59.15,71.67,7.96,100.0
39.92,95.81,72.23,87.23,8.16,100.0
21.27,85.01,47.62,60.24,0.55,8.94
36.54,87.31,71.03,91.8,7.59,100.0
32.79,71.53,41.42,58.35,3.75,43.44
34.7,51.49,22.01,23.46,0.27,2.51
34.23,49.07,76.02,24.78,4.66,53.35
37.17,70.63,65.78,13.14,5.49,64.56
23.68,90.44,53.07,58.7,5.36,67.69
20.02,84.25,22.43,40.62,7.26,94.25
31.97,86.6,94.64,76.43,0.66,12.23
27.08,63.83,40.79,21.74,6.12,72.96
22.48,79.51,87.78,70.21,7.11,100.0
23.72,94.54,77.78,7.9,0.95,13.02
26.63,88.89,86.15,15.84,4.37,50.03
21.4,64.89,1.69,32.63,5.84,62.12
21.14,66.49,47.74,46.98,3.08,34.75
38.32,93.21,25.94,18.09,3.33,32.47
26.24,42.06,27.4,11.2,0.93,7.77
39.64,41.37,26.98,56.58,6.97,86.63
39.29,52.35,38.93,41.2,2.13,22.05
22.85,89.66,41.07,41.59,3.91,42.21
34.3,49.19,63.4,30.79,4.65,52.78
32.02,57.12,30.04,37.12,0.79,8.54
33.81,45.56,16.39,22.78,0.75,9.21
21.92,95.25,56.46,58.72,5.67,73.94
23.77,58.19,68.65,54.23,2.09,27.2
21.53,68.01,0.02,52.23,3.21,28.84
32.08,53.69,74.69,90.59,4.41,59.34
39.73,65.98,11.81,23.53,0.71,7.59
33.44,49.81,57.62,0.71,0.64,7.35
34.22,91.0,76.15,22.98,3.15,34.2
39.69,68.21,51.08,88.77,0.35,11.38
33.56,47.75,64.72,31.48,2.26,24.54
20.8,71.99,54.64,89.37,5.67,75.69
37.34,70.02,2.99,67.5,1.51,14.1
27.29,67.64,50.78,49.28,3.19,34.1
20.09,54.08,92.69,0.49,8.35,100.0
30.14,97.54,83.74,20.66,1.75,22.01
38.74,53.35,20.61,8.31,1.41,12.11
25.15,95.73,22.93,16.76,0.39,6.65
29.83,49.84,33.05,14.74,3.02,28.5
23.48,96.24,71.38,99.76,6.63,100.0
21.15,75.76,69.83,40.66,0.98,14.27
21.61,56.19,28.57,6.66,5.73,58.86
34.54,51.1,13.22,8.23,1.31,9.25
37.28,49.78,18.12,12.43,1.03,7.87
22.87,44.58,57.62,15.48,5.32,59.51
25.77,85.19,96.34,25.38,6.67,97.71
23.9,56.93,40.65,57.43,1.48,17.42
20.54,98.71,34.9,18.71,2.85,28.09
31.07,50.99,29.08,19.75,6.35,72.55
34.0,61.27,48.19,7.26,4.08,42.12
32.96,62.49,32.27,98.08,5.69,73.33
27.76,70.01,7.32,60.61,3.72,37.99
31.1,92.24,31.21,52.97,6.05,73.94
21.88,90.09,21.89,88.87,5.77,75.67
23.09,40.6,81.54,59.44,2.7,33.38
38.64,64.56,23.56,26.31,7.94,100.0
35.23,50.25,24.33,29.36,1.07,12.4
38.45,40.01,67.27,47.76,0.61,12.35
38.33,72.02,14.92,39.81,0.34,3.86
32.99,55.57,53.13,75.36,6.45,89.68
38.56,64.77,84.72,10.97,5.69,69.69
28.33,65.22,58.41,15.92,8.32,100.0
20.07,63.51,48.24,37.22,6.08,75.46
21.25,93.52,83.89,7.12,1.87,26.01
22.19,72.19,94.73,98.74,0.38,15.4
21.91,92.5,92.03,88.59,8.63,100.0
27.03,83.6,40.84,5.01,4.47,46.79
34.03,61.07,61.17,60.79,8.44,100.0
35.81,69.61,52.66,78.11,6.38,88.7
31.8,63.39,30.33,40.77,8.1,100.0
22.93,89.71,43.53,48.05,6.81,91.11
34.96,51.26,82.93,70.06,5.95,84.3
27.1,96.18,30.05,23.38,5.07,51.84
20.26,74.83,88.96,59.77,5.22,69.84
25.61,76.71,99.14,63.09,4.57,62.14
26.61,71.01,30.68,80.46,7.55,100.0
25.48,58.74,43.48,63.72,2.22,23.93
36.24,80.06,95.72,94.09,8.24,100.0
35.2,79.3,17.11,12.63,5.04,48.9
33.91,52.85,77.15,81.63,3.94,50.71
22.78,74.95,3.91,67.54,1.9,16.57
36.16,61.28,23.56,37.07,2.48,25.82
33.54,92.19,71.07,68.63,6.27,91.5
23.9,72.87,29.72,86.01,1.37,20.93
32.96,84.04,77.42,80.69,6.95,100.0
29.67,84.08,17.53,5.75,2.33,21.52
28.79,94.14,74.97,89.81,8.19,100.0
22.24,73.09,69.17,91.83,8.47,100.0
30.37,80.36,95.23,98.22,5.24,77.61
22.0,79.17,38.93,27.73,3.65,37.69
23.29,84.94,77.31,27.74,8.85,100.0
22.65,52.41,3.1,61.03,3.31,32.98
39.08,46.62,82.41,7.62,8.62,100.0
25.7,80.15,72.34,59.53,8.47,100.0
27.1,54.16,89.66,96.87,6.21,98.44
26.44,46.88,63.75,29.7,4.73,52.56
37.97,47.87,94.13,74.27,7.4,100.0
31.26,58.77,38.99,52.49,2.92,31.9
38.38,99.51,73.25,28.73,3.31,40.88
26.0,79.2,80.83,84.17,7.45,100.0
22.3,57.91,26.86,55.11,2.3,23.11
31.12,68.81,43.83,61.68,3.03,31.02
26.91,97.8,77.92,54.08,7.66,100.0
36.04,53.73,86.64,92.51,0.01,9.15
37.59,92.83,36.26,11.69,3.82,41.13
29.45,82.94,68.17,67.94,6.55,95.67
39.43,85.69,31.5,55.07,3.49,36.71
31.06,40.78,96.44,39.18,7.59,100.0
25.42,64.4,2.39,7.61,7.39,84.46
29.78,54.84,61.92,29.62,5.97,74.6
20.75,82.24,11.22,43.79,6.2,72.05
36.08,40.96,71.87,93.71,7.23,100.0
22.03,67.89,36.37,75.64,3.47,34.93
26.17,81.8,87.06,5.9,4.05,44.84
31.31,42.8,87.27,32.79,2.2,23.25
20.86,93.84,36.81,49.14,2.14,21.85
21.59,80.62,81.55,71.5,7.19,100.0
33.92,49.92,68.11,77.64,6.85,100.0
21.44,53.53,42.66,21.61,4.08,38.04
29.54,60.33,34.32,5.05,0.35,3.27
26.77,51.9,21.03,13.24,6.69,76.97
24.56,99.99,89.67,88.3,8.45,100.0
23.78,89.19,75.51,89.02,6.67,100.0
35.27,73.98,64.64,78.08,5.79,80.16
39.03,65.62,44.4,82.13,5.83,75.53
22.8,86.9,95.06,40.2,1.09,19.32
39.19,58.06,1.37,99.61,0.77,13.23
31.9,77.37,85.03,75.6,2.39,31.42
32.83,93.58,80.08,26.49,5.07,63.52
34.2,53.29,75.88,0.76,8.22,100.0
34.08,77.75,77.19,71.9,5.96,87.17
36.4,96.88,19.04,70.59,2.75,28.2
29.67,76.25,56.01,28.23,2.38,25.45
30.67,71.05,49.02,47.12,3.65,37.95
26.48,58.6,83.28,76.8,4.77,62.44
22.11,93.45,48.36,72.54,4.17,49.41
33.29,58.66,55.44,1.89,7.05,88.89
20.67,40.22,41.6,33.82,7.98,100.0
25.51,57.25,47.03,58.97,2.21,25.13
21.88,54.4,75.26,25.02,5.92,75.15
23.81,41.17,16.85,16.12,1.34,10.65
32.77,79.18,17.4,42.45,6.08,71.93
32.57,94.24,4.36,20.38,1.5,11.92
28.42,68.0,2.6,26.11,0.37,4.1
21.8,74.07,24.02,60.83,0.68,7.12
28.67,91.12,72.3,66.25,7.11,100.0
27.05,86.04,35.57,53.27,4.43,50.79
34.41,73.23,50.07,79.41,4.24,48.89
31.58,79.3,79.31,44.84,1.7,23.63
29.83,51.66,34.58,30.24,2.88,27.81
29.74,40.66,8.38,68.97,3.03,26.1
39.33,55.41,75.94,68.73,7.56,100.0
35.13,66.1,39.12,1.69,1.66,16.56
29.94,53.68,25.14,23.41,0.31,8.04
29.58,70.84,47.07,64.63,5.61,73.33
20.53,79.48,96.99,22.41,4.74,57.07
38.85,79.35,37.26,96.27,0.02,7.22
26.38,93.63,95.95,16.28,6.88,97.59
25.12,97.98,25.32,74.82,3.81,41.7
39.99,93.44,10.55,99.83,4.93,57.81
34.37,77.21,15.72,34.66,6.04,68.89
20.95,52.35,77.38,60.31,0.46,11.4
21.24,96.61,53.76,10.57,1.55,14.25
20.51,50.49,58.19,62.18,4.17,47.57
31.99,49.09,96.77,98.75,1.55,24.56
21.43,91.27,46.19,70.53,5.34,67.73
38.67,74.42,11.7,41.18,2.92,28.63
38.74,80.89,71.85,82.06,3.84,52.74
30.92,40.8,20.79,82.66,7.65,100.0
32.33,86.68,58.15,32.73,5.35,66.96
25.84,50.5,85.44,82.27,8.36,100.0
21.28,57.79,47.71,16.24,4.11,42.54
34.75,98.76,50.01,51.96,5.1,61.29
22.04,84.21,23.84,58.67,2.41,25.47
21.71,88.24,80.48,57.52,4.54,59.36
26.22,42.46,30.76,38.53,1.55,17.13
20.25,51.79,50.41,94.59,0.61,11.54
28.68,71.09,43.44,53.7,2.71,29.96
34.15,89.9,69.12,90.46,7.43,100.0
36.03,89.38,57.43,56.04,5.82,77.23
32.09,79.57,40.12,38.13,6.77,87.79
36.94,67.07,58.81,27.69,2.57,26.77
28.13,56.08,47.61,52.93,3.52,37.08
36.98,55.3,11.18,98.31,7.41,100.0
30.13,86.64,77.59,65.1,7.35,100.0
24.46,70.6,87.63,83.83,2.12,33.14
38.88,55.62,13.03,50.95,8.94,100.0
25.5,67.06,91.76,66.18,7.38,100.0
20.52,67.38,67.2,50.5,8.34,100.0
24.85,59.13,52.82,67.74,0.15,9.1
27.33,69.18,27.84,86.35,5.38,65.74
27.03,62.81,35.95,24.26,2.4,22.95
30.49,46.78,82.6,95.09,3.37,47.09
37.66,92.0,5.75,91.36,0.82,6.38
25.85,82.08,76.85,41.93,6.74,94.21
30.42,42.48,82.78,97.68,4.73,63.38
26.8,46.95,70.6,88.25,7.13,100.0
36.44,90.41,81.09,69.87,7.3,100.0
23.15,43.7,74.27,4.21,8.98,100.0
22.07,92.31,79.09,86.72,8.53,100.0
30.06,95.32,90.45,97.52,6.26,99.81
33.44,90.87,89.23,24.87,6.09,82.95
35.91,91.06,62.45,61.69,5.75,75.02
31.79,64.97,15.52,0.98,0.11,1.08
35.48,46.11,9.22,11.79,0.95,7.46
27.85,83.41,23.8,6.91,1.7,12.3
20.66,84.31,69.02,21.89,1.69,19.79
22.32,93.36,13.72,81.45,8.58,100.0
20.77,83.94,18.5,7.31,8.99,100.0
26.58,84.19,1.12,62.21,5.19,52.85
29.91,88.24,82.65,63.42,1.68,23.87
27.13,65.87,56.97,60.62,3.36,41.23
31.21,52.78,63.26,98.75,1.91,23.76
29.61,71.93,32.46,62.09,3.4,36.8
33.56,65.14,51.12,54.13,3.6,38.49
33.34,45.5,37.52,4.18,3.4,31.13
26.36,50.16,29.96,27.73,7.21,88.59
26.92,90.12,75.55,76.15,9.0,100.0
31.7,58.01,78.54,3.91,1.77,19.47
31.93,98.2,92.27,3.71,3.73,41.34
26.29,62.74,73.39,32.4,4.83,59.15
26.61,54.45,82.9,38.73,2.21,27.56
33.88,64.21,96.42,58.08,3.62,49.03
32.95,58.08,45.36,93.29,0.5,8.88
22.7,80.43,90.69,39.12,0.37,9.76
28.82,78.07,4.31,4.81,7.08,81.77
37.85,41.64,10.79,54.0,3.05,27.57
20.73,70.68,49.04,35.8,6.37,80.78
37.1,42.17,45.4,90.11,0.75,12.37
23.26,80.64,43.82,43.15,6.04,71.73
30.14,96.15,53.72,32.18,5.88,73.44
28.49,94.45,53.84,72.39,7.39,100.0
20.2,52.34,87.06,49.33,1.84,24.35
38.31,84.56,34.59,55.51,4.96,55.19
29.1,87.58,31.62,15.21,8.11,100.0
39.09,91.86,70.19,37.52,1.98,22.97
25.73,55.58,64.85,4.64,1.12,12.23
37.33,67.05,82.98,75.49,3.1,42.07
38.45,53.29,30.93,24.56,8.69,100.0
31.14,41.46,0.64,12.05,1.42,10.6
24.05,79.54,94.41,58.95,1.07,18.68
33.7,65.89,4.42,57.94,8.98,100.0
30.98,54.89,68.0,31.58,3.54,41.13
38.89,90.83,32.18,96.24,1.34,17.1
28.79,69.74,42.35,63.55,5.03,57.94
25.37,99.68,83.8,92.64,0.12,11.48
22.77,87.6,41.96,30.06,3.83,40.98
33.97,92.15,14.44,55.18,0.33,1.78
39.48,80.37,63.77,91.15,7.04,100.0
20.57,46.36,2.02,41.33,5.62,60.61
34.81,43.9,27.47,4.78,0.03,2.24
38.54,94.9,53.81,21.96,4.61,51.19
21.5,48.29,43.78,86.93,8.5,100.0
22.2,94.79,88.85,84.99,6.51,100.0
33.84,76.59,38.13,10.51,8.59,100.0
32.96,65.24,1.9,3.17,0.85,5.57
21.38,53.52,34.87,10.2,2.16,18.84
36.69,67.97,88.73,63.88,5.2,69.61
30.47,61.65,1.73,23.98,7.47,88.49
38.14,80.59,93.96,76.26,6.38,99.33
37.56,44.5,35.82,0.58,6.84,79.45
36.25,69.33,36.49,71.58,2.35,26.59
30.32,50.46,72.59,88.64,8.26,100.0
25.03,76.4,38.83,4.48,2.12,19.86
30.12,46.97,61.66,86.74,5.8,79.4
22.02,90.06,75.78,75.17,7.83,100.0
33.18,88.23,84.62,53.58,3.24,43.65
22.68,54.11,51.54,28.45,4.97,54.23
30.22,86.96,66.14,74.3,6.22,86.87
21.09,93.13,54.92,55.16,5.99,79.04
25.99,54.1,77.6,93.32,4.03,53.06
24.64,57.95,17.02,54.36,5.43,57.09
32.4,92.86,4.56,79.87,1.28,13.12
35.74,63.83,54.07,61.0,0.59,12.73
21.15,60.36,17.95,24.95,0.66,6.22
37.01,61.47,31.8,30.46,2.47,25.7
37.22,63.14,10.13,87.99,4.91,54.61
26.85,87.41,0.85,38.29,0.78,10.7
33.18,86.6,63.25,51.55,5.48,70.77
28.05,98.04,82.49,82.94,8.36,100.0
23.08,90.2,98.71,87.64,7.17,100.0
30.57,60.58,24.75,85.95,0.89,12.4
21.73,47.91,12.48,27.85,0.17,2.51
37.57,63.92,17.19,1.15,1.17,8.81
38.49,50.68,44.42,61.53,7.83,100.0
36.43,98.15,10.08,12.02,6.24,68.41
31.25,86.52,65.09,84.94,7.06,100.0
31.15,66.14,7.2,29.83,1.09,7.61
39.69,61.28,0.17,15.7,0.89,9.25
24.96,80.83,54.09,36.01,6.93,92.88
21.52,89.74,69.64,27.12,2.67,31.77
31.24,69.91,13.09,58.19,3.04,28.91
26.58,59.85,8.95,95.26,1.58,18.43
26.45,58.08,35.37,12.19,3.91,38.8
20.14,59.6,52.04,64.46,3.01,37.76
31.92,47.08,57.55,91.24,3.21,41.86
25.28,86.72,32.98,54.11,0.3,7.53
23.76,46.3,27.27,96.42,4.16,46.3
20.81,63.9,98.14,59.79,1.01,16.15
27.29,90.1,27.27,67.26,4.82,54.45
37.58,64.25,13.79,79.13,6.02,72.51
26.73,57.69,35.95,19.97,4.91,50.31
33.58,96.9,30.39,56.02,1.32,16.21
35.13,47.59,42.17,61.43,5.55,66.86
26.56,93.09,62.37,12.01,3.72,40.36
36.43,43.72,60.31,45.55,3.23,38.51
33.84,64.81,69.83,77.07,1.34,19.96
31.18,77.9,15.67,4.07,8.95,100.0
20.02,62.2,4.59,41.35,3.53,34.24
20.7,72.08,79.08,14.57,4.11,46.93
39.82,52.24,21.72,17.57,0.85,7.7
35.65,93.08,98.58,95.5,6.67,100.0
38.75,48.07,45.57,2.95,2.54,25.82
38.05,87.77,71.63,42.5,6.66,96.03
20.41,75.03,16.36,2.57,0.6,4.35
35.84,68.92,90.24,92.56,2.67,38.89
29.02,73.79,71.02,56.07,4.94,62.14
35.79,69.99,98.27,21.16,3.56,40.41
20.13,73.81,28.54,6.58,0.31,4.15
25.76,55.94,72.57,25.06,7.11,94.59
35.03,80.66,37.67,2.84,8.69,100.0
35.86,81.85,78.52,79.09,8.55,100.0
32.39,52.52,46.24,57.39,5.59,65.92
26.03,84.25,87.05,54.38,3.35,45.99
26.21,48.83,75.39,85.2,4.99,68.42
39.34,54.73,58.6,80.93,6.65,95.01
28.78,79.05,25.0,40.89,5.7,66.03
28.94,83.73,25.99,61.03,2.83,29.49
31.05,43.09,99.14,44.18,1.76,23.68
28.19,47.6,92.54,62.4,4.9,64.52
31.05,66.77,13.84,15.15,5.94,62.45
28.65,75.57,20.41,30.01,5.17,55.04
36.53,67.23,10.68,25.19,1.15,10.19
38.18,78.82,20.13,16.75,3.2,28.1
38.64,85.36,29.02,41.38,6.7,85.6
31.29,96.97,83.76,72.65,1.32,22.14
28.84,60.99,9.52,39.61,7.95,100.0
34.1,49.79,88.21,98.26,4.2,57.73
36.77,55.85,97.19,30.21,7.12,100.0
31.26,48.89,28.17,94.81,3.07,37.59
34.0,63.65,45.62,19.36,3.23,32.77
34.99,92.35,52.93,32.08,8.7,100.0
33.53,94.16,94.22,89.47,8.94,100.0
34.92,48.93,73.16,23.79,0.92,9.65
24.17,71.36,58.0,15.71,8.62,100.0
29.97,99.52,11.22,62.48,3.37,33.7
31.77,51.29,89.6,20.06,6.39,84.85
20.05,86.67,30.22,8.51,1.16,11.28
37.12,89.4,15.62,26.64,7.7,98.4
32.2,64.08,98.19,67.84,8.63,100.0
22.58,77.17,10.29,42.86,3.45,34.8
36.33,65.94,5.97,15.62,1.3,10.96
34.34,55.74,23.76,6.35,5.02,49.22
35.17,65.57,31.93,72.94,1.46,17.84
27.84,45.72,43.38,70.41,3.98,44.15
37.08,82.42,68.52,46.15,5.6,72.04
28.28,89.75,36.57,52.77,1.25,13.23
31.41,58.44,55.93,24.05,8.53,100.0
20.01,60.51,2.87,13.89,0.83,6.11
32.9,53.93,38.49,72.86,3.25,38.85
34.36,56.73,50.45,38.04,3.54,37.27
31.34,98.24,99.97,91.14,8.29,100.0
29.93,80.84,57.31,80.67,5.41,72.23
36.2,86.92,30.45,48.65,8.88,100.0
33.63,56.31,48.82,73.93,0.56,11.08
25.56,89.11,84.45,69.08,2.44,34.3
39.18,62.11,88.02,75.04,4.67,61.77
34.15,62.13,71.05,16.49,1.22,15.75
39.76,85.03,45.65,32.21,3.21,34.12
39.43,91.28,74.16,98.72,8.45,100.0
38.38,52.06,11.94,44.71,2.35,20.77
35.11,91.02,0.03,46.49,1.48,12.05
32.19,60.41,35.92,66.73,2.42,24.26
23.44,46.17,2.34,56.96,0.74,6.25
30.87,64.96,43.5,57.99,1.76,21.29
35.31,74.44,59.75,63.3,0.55,10.79
30.42,76.59,59.59,27.29,8.57,100.0
37.36,86.75,64.62,75.99,6.0,82.6
22.19,72.48,22.62,21.52,0.01,2.3
27.62,53.42,51.92,77.94,8.62,100.0
30.12,94.11,59.61,72.29,5.95,81.56
28.65,46.05,44.46,31.61,2.4,25.65
22.17,84.16,87.45,28.03,7.91,100.0
23.07,97.7,55.08,64.04,6.0,79.99
36.75,76.35,62.3,92.42,6.67,98.79
29.69,75.82,48.18,87.86,5.33,68.31
20.97,87.13,68.86,10.54,5.26,58.23
20.33,90.95,89.53,99.27,6.86,100.0
29.47,52.17,44.09,3.72,4.19,39.45
23.29,94.57,75.74,79.24,7.28,100.0
34.1,81.57,29.68,64.01,2.12,20.46
35.91,67.46,78.95,21.49,6.31,83.47
24.57,84.86,2.46,48.41,8.91,100.0
31.84,94.15,0.02,43.51,0.09,1.23
23.09,55.78,88.3,94.31,2.32,34.35
26.07,94.09,72.93,3.32,7.06,95.95
37.78,46.52,95.81,95.0,6.6,100.0
30.88,86.78,94.44,82.41,8.15,100.0
37.72,91.32,46.68,54.64,5.14,62.67
24.5,55.97,80.15,74.18,0.86,17.04
26.6,45.8,85.73,52.26,6.08,83.14
29.42,88.22,69.2,89.56,5.77,82.16
29.6,71.26,58.69,65.57,5.19,65.9
39.95,57.82,68.09,50.55,1.92,25.29
22.29,59.54,60.45,20.62,5.85,70.26
37.04,56.74,33.37,94.98,5.89,75.23
37.27,49.29,20.86,66.45,5.4,59.87
31.06,87.25,88.51,60.16,4.16,53.35
26.88,43.64,14.19,79.01,6.18,74.99
30.38,96.25,84.72,57.91,5.29,73.41
25.85,95.64,62.28,86.64,2.12,29.26
35.98,47.11,97.18,50.05,5.36,71.52
29.97,72.4,56.84,60.27,3.16,39.94
38.52,99.57,30.49,71.26,7.31,100.0
32.45,93.02,61.42,77.2,4.03,53.0
30.29,82.91,31.77,76.97,6.88,92.23
34.22,41.35,29.28,72.07,8.26,100.0
30.08,44.1,81.91,0.37,3.83,39.51
38.09,87.64,37.66,70.92,4.88,56.14
23.69,66.67,10.87,7.25,1.1,7.63
39.47,80.11,87.0,83.95,2.7,37.97
36.24,84.35,1.81,80.96,6.5,79.08
37.21,65.33,0.3,17.06,5.19,46.88
29.66,48.6,47.48,2.18,3.73,35.62
36.74,63.2,6.92,19.63,7.78,93.43
26.14,92.26,17.71,74.11,1.41,13.12
35.24,59.87,98.53,87.14,0.32,13.12
22.81,43.76,84.44,70.06,1.86,26.96
26.14,97.55,76.4,82.06,7.89,100.0
28.91,80.84,67.08,58.72,3.09,40.29
26.45,72.45,4.78,50.65,6.16,68.33
27.74,96.34,85.2,99.47,6.4,100.0
36.4,93.42,62.18,75.65,4.78,61.07
25.13,77.22,48.72,59.77,2.65,30.22
34.91,97.91,61.68,69.58,7.3,100.0
21.47,56.83,50.2,12.21,3.49,36.42
35.31,62.26,1.37,60.56,2.36,21.25
35.84,56.54,25.24,26.33,0.91,10.82
28.03,92.66,64.93,51.87,4.02,47.41
34.45,78.36,46.38,13.66,5.07,54.15
38.3,71.35,0.2,39.0,0.81,5.6
36.01,97.95,56.54,20.03,3.22,29.8
27.81,68.34,19.76,89.69,4.16,43.56
29.68,87.02,59.73,52.24,8.39,100.0
35.59,79.49,23.92,79.95,5.49,67.64
25.85,71.09,40.27,48.57,8.48,100.0
36.08,85.73,78.17,84.2,6.94,100.0
26.56,79.45,65.66,69.46,7.23,100.0
36.12,78.56,3.06,4.78,0.87,4.91
21.74,47.49,53.51,39.5,5.08,56.99
20.89,87.75,81.66,54.69,3.18,42.0
39.95,59.99,39.55,49.24,2.66,30.97
37.39,59.45,53.2,89.86,7.9,100.0
37.66,89.44,44.76,20.48,6.41,79.35
39.03,60.6,84.99,66.36,0.79,16.63
28.77,77.31,43.88,47.02,5.59,70.86
25.74,77.07,94.38,76.75,6.7,100.0
22.6,43.17,65.24,93.98,0.27,8.05
30.02,65.37,56.14,53.3,1.53,20.24
24.4,53.37,29.19,28.68,6.12,69.49
38.71,51.97,59.65,79.85,2.83,36.94
20.08,93.73,61.98,80.63,5.01,66.06
22.86,81.49,85.25,90.56,7.66,100.0
24.93,98.14,28.44,56.61,8.57,100.0
23.98,63.72,67.03,93.71,3.36,44.63
24.52,86.36,99.28,77.74,6.03,93.5
33.12,95.2,92.86,73.9,7.71,100.0
26.55,69.2,22.21,34.65,5.0,51.28
32.3,76.86,88.48,66.86,6.73,100.0
37.81,81.75,84.6,94.23,8.43,100.0
32.05,92.28,86.24,65.39,6.55,100.0
33.89,47.78,74.05,74.5,3.04,38.25
27.31,44.9,26.77,15.81,1.74,12.43
23.19,99.62,87.79,17.05,3.89,45.43
26.41,40.53,59.95,57.34,1.68,20.88
39.29,82.49,74.06,43.06,0.19,8.27
32.44,76.66,20.53,11.12,4.1,40.51
25.55,73.15,15.74,72.83,2.96,31.67
29.02,87.15,27.69,69.9,0.86,12.48
36.71,82.39,78.88,83.69,6.51,98.39
33.37,42.81,41.66,4.87,1.11,10.17
31.21,76.87,88.76,37.88,5.67,74.18
37.7,83.01,1.3,63.29,5.12,54.29
33.45,99.1,88.24,75.55,7.74,100.0
32.85,79.44,45.25,50.56,5.39,66.33
23.8,67.42,16.77,8.41,2.12,14.25
22.13,49.87,40.68,84.05,5.64,71.94
39.3,91.26,71.76,12.49,5.02,56.49
31.98,96.58,99.34,63.74,7.31,100.0
28.31,45.97,20.21,41.35,1.56,13.32
31.78,85.1,26.6,90.96,2.71,31.89
21.24,52.9,76.87,70.49,0.05,6.8
36.44,40.4,27.2,0.01,6.49,70.76
24.33,55.64,70.37,37.28,2.93,34.8
36.09,91.29,58.35,18.03,2.12,22.27
30.69,88.09,88.94,80.37,6.48,100.0
25.53,47.84,3.33,39.9,2.27,20.6
20.6,84.34,97.97,54.14,0.51,12.7
36.32,64.38,96.43,79.84,2.13,30.69
23.53,48.91,2.24,8.64,7.65,90.16
21.04,53.8,49.95,44.11,5.36,64.11
35.12,87.68,40.14,85.07,4.24,53.34
27.0,81.19,51.96,64.93,2.07,22.35
27.79,85.66,97.78,51.93,8.97,100.0
24.94,45.87,17.46,77.86,0.28,5.33
37.18,67.49,26.36,71.29,1.45,17.23
25.95,99.23,84.59,83.84,8.5,100.0
24.2,55.95,58.02,96.71,4.81,60.5
26.18,87.57,76.7,74.75,6.18,90.49
24.06,98.62,60.5,67.2,6.94,99.17
26.35,60.0,65.16,42.74,6.51,84.42
21.66,97.98,71.32,94.33,8.41,100.0
23.17,88.51,72.33,55.2,5.17,70.39
28.34,68.99,40.9,15.01,8.17,100.0
37.59,76.48,47.37,69.24,4.71,55.58
21.15,47.27,58.5,42.13,0.08,6.48
24.25,76.6,97.54,83.42,1.89,30.1
38.17,73.32,74.82,25.04,3.15,35.78
37.8,95.92,68.39,62.34,2.58,31.55
33.59,64.74,43.19,21.34,0.25,2.98
24.81,86.92,3.45,1.45,2.52,21.81
28.4,58.25,53.87,68.89,8.07,100.0
24.22,74.74,66.09,14.55,5.3,62.25
22.57,95.62,70.42,69.38,2.94,39.34
27.6,77.5,60.79,69.07,0.79,12.91
31.52,82.67,30.04,66.81,6.76,87.39
27.2,92.56,22.1,59.2,6.47,81.23
32.22,87.61,73.88,84.13,4.1,54.2
25.93,77.72,82.77,80.39,4.45,60.64
26.92,96.12,88.25,91.24,7.77,100.0
35.81,73.03,52.5,6.6,2.36,22.73
37.57,99.73,67.32,49.53,2.71,32.41
26.44,69.41,69.26,92.32,8.66,100.0
31.43,59.85,16.14,26.89,7.57,95.04
25.56,72.24,19.18,83.79,5.74,72.95
21.07,43.86,20.82,59.32,4.45,49.08
34.76,50.63,93.28,86.12,2.94,40.95
23.42,48.94,1.56,4.86,3.02,23.13
28.51,41.67,54.12,55.59,2.93,31.96
29.74,83.33,37.72,18.87,7.76,100.0
23.69,59.53,65.94,1.81,6.13,73.68
21.89,50.11,22.05,68.9,3.66,36.69
26.96,70.73,96.12,74.97,8.94,100.0
39.05,59.41,33.12,73.63,1.6,16.95
32.3,69.71,30.01,59.69,2.75,30.45
27.63,58.93,58.92,79.99,3.31,40.49
20.78,53.79,8.37,28.52,0.19,0.81
32.01,78.33,98.56,72.43,6.77,100.0
21.85,46.64,55.31,77.1,0.73,14.3
30.85,53.15,13.86,66.65,3.07,29.83
35.04,51.42,70.45,20.0,8.89,100.0
28.47,59.88,57.95,43.53,3.09,33.3
25.99,73.47,39.1,37.13,3.81,40.73
20.95,92.09,96.91,82.68,8.47,100.0
20.5,54.6,65.35,24.71,6.04,75.33
28.6,43.67,36.62,62.27,0.81,8.96
37.67,92.23,31.85,73.54,1.34,17.95
24.88,58.33,25.08,99.16,2.33,26.4
31.48,45.72,57.51,43.31,7.16,97.49
33.69,71.29,29.99,87.25,7.22,100.0
21.22,47.4,12.04,66.44,1.53,16.84
23.06,78.14,47.42,40.17,2.02,20.53
26.63,77.39,72.49,88.87,5.99,85.42
33.4,67.88,16.49,39.41,4.26,42.42
28.78,96.63,84.9,11.96,3.28,37.88
34.68,49.54,70.21,43.71,8.93,100.0
37.35,52.08,76.62,11.65,3.5,40.0
35.17,56.95,12.48,27.9,0.93,7.75
39.84,98.79,61.74,36.19,4.68,55.79
35.09,63.15,93.22,18.31,8.16,100.0
37.04,78.92,28.27,60.18,3.33,36.29
36.65,49.14,6.9,85.76,7.37,93.3
34.61,78.48,17.09,93.49,3.75,42.2
36.04,55.16,89.75,89.43,5.12,70.5
38.69,76.8,28.15,88.21,4.52,53.21
29.5,45.32,49.13,34.81,7.87,100.0
32.77,71.5,53.46,50.54,5.11,60.82
30.3,93.13,88.46,92.86,8.4,100.0
37.02,80.9,30.15,92.23,6.9,99.43
28.63,84.86,52.14,9.28,0.45,5.72
36.39,90.89,95.81,55.43,2.45,32.12
35.99,99.54,20.13,24.69,2.58,26.66
39.24,67.56,59.79,85.04,5.12,67.38
24.98,80.24,6.36,33.92,7.51,93.05
34.19,74.28,52.47,83.35,5.6,73.35
35.14,94.31,6.92,92.8,4.12,43.02
38.73,76.94,33.02,17.2,0.59,6.36
38.14,65.28,20.64,75.43,8.73,100.0
31.47,41.65,12.1,14.95,0.23,1.72
31.58,85.48,46.34,40.33,1.17,13.35
23.35,90.01,40.5,27.44,7.5,99.39
39.5,88.47,69.23,61.67,8.01,100.0
25.1,70.64,94.72,34.32,2.69,31.58
34.49,62.27,30.15,74.06,4.94,56.64
35.92,96.73,6.68,77.85,7.05,92.0
28.82,78.05,10.98,39.51,0.2,3.35
24.22,72.62,85.72,0.47,8.88,100.0
23.78,75.9,84.59,6.61,2.92,33.26
37.13,77.79,47.54,27.38,4.32,46.85
30.22,82.78,14.76,95.39,0.46,9.61
21.8,73.19,52.65,39.38,0.42,4.36
34.34,92.52,66.84,74.42,1.0,19.55
25.0,91.58,33.22,93.61,2.89,35.82
37.53,66.54,8.25,34.17,8.29,100.0
26.19,50.11,32.19,56.13,4.64,48.91
24.01,74.6,69.06,85.23,2.93,38.37
21.7,46.4,8.33,29.35,0.93,8.59
30.23,71.4,19.01,11.22,2.39,20.34
29.01,93.43,91.46,76.96,5.62,82.74
35.03,49.04,13.0,29.2,1.06,9.92
29.29,57.25,66.32,76.88,3.41,40.62
26.88,91.95,86.37,75.25,6.18,94.03
25.23,96.36,55.75,75.57,3.53,44.49
25.56,65.56,6.15,61.25,7.26,89.98
38.56,64.94,50.61,26.68,3.55,35.57
23.3,65.22,80.29,91.08,1.82,27.1
39.76,67.37,55.29,12.89,1.47,14.6
26.54,71.17,32.91,82.73,2.3,26.75
21.77,56.46,58.33,35.94,8.26,100.0
24.97,58.76,26.86,67.38,7.41,100.0
21.17,79.34,24.1,80.51,8.75,100.0
35.8,77.31,82.84,79.86,6.7,100.0
30.25,79.73,40.01,16.11,8.23,100.0
26.74,62.64,27.4,61.09,3.2,31.1
33.24,60.19,40.92,21.46,5.58,61.33
32.61,61.09,92.06,11.21,3.52,37.91
38.8,83.01,58.24,58.46,3.92,47.07
39.23,63.71,18.52,98.75,8.97,100.0
33.61,76.37,35.38,98.17,6.71,93.73
36.36,76.71,68.07,70.75,7.33,100.0
35.85,92.57,7.49,77.22,7.93,100.0
29.83,62.15,1.1,24.97,0.86,6.31
34.09,66.05,14.62,22.44,4.34,42.98
21.57,90.57,64.04,70.65,6.59,96.69
35.16,49.66,19.64,78.6,5.45,63.31
39.24,75.66,37.78,74.18,4.86,58.75
21.7,63.99,70.56,10.45,3.47,37.3
36.72,99.15,3.18,35.63,1.98,18.11
38.66,83.28,20.91,4.42,8.3,100.0
24.52,40.63,99.59,78.62,6.61,100.0
30.5,90.37,59.7,31.17,5.52,66.9
38.56,82.19,66.0,42.97,0.77,11.97
39.2,73.66,51.6,57.89,1.01,14.28
22.56,54.17,96.59,0.06,3.89,44.68
26.98,48.96,14.43,35.41,1.13,11.55
33.96,77.7,6.74,72.73,1.34,9.75
24.43,92.99,96.46,93.47,7.65,100.0
26.5,88.83,85.06,76.1,7.52,100.0
20.47,90.62,56.61,78.57,5.34,71.96
23.07,78.25,0.14,11.82,6.59,72.4
31.25,54.93,34.82,26.82,5.39,60.79
33.06,78.18,65.09,68.4,4.57,57.58
32.98,42.9,54.73,59.84,8.88,100.0
35.57,63.5,55.99,97.8,4.34,56.27
28.31,50.36,15.73,3.46,7.83,94.56
25.47,76.36,29.47,87.8,1.7,21.79
20.31,61.73,21.5,41.69,3.73,33.8
24.13,43.06,2.47,27.9,1.41,11.18
26.25,69.04,36.96,54.96,3.9,40.69
23.56,73.37,51.71,41.22,8.17,100.0
20.4,75.62,34.4,17.93,4.04,39.32
23.15,41.33,33.48,21.94,7.6,95.81
33.32,42.16,79.89,28.81,2.1,26.18
32.59,58.49,38.2,55.22,5.33,63.93
38.71,76.54,7.99,8.31,1.46,12.98
35.96,97.76,96.2,8.88,5.18,65.1
31.36,76.93,39.45,48.5,3.71,38.57
22.75,59.16,21.96,24.97,0.02,0.92
31.28,81.56,1.39,97.83,3.86,38.59
21.23,80.17,36.44,1.2,5.03,49.97
28.62,84.55,95.12,66.48,6.2,93.66
27.81,98.01,2.98,68.6,4.56,49.23
28.56,70.11,73.41,90.1,2.85,39.69
25.6,90.3,26.06,53.63,1.3,11.58
33.72,55.75,54.12,46.29,4.5,51.09
36.82,88.38,79.23,78.52,1.25,19.67
35.37,99.79,59.11,55.11,3.85,42.68
32.56,94.61,45.56,89.74,2.91,37.03
30.77,58.24,33.61,89.31,4.89,58.66
20.62,90.77,4.51,53.05,4.35,43.02
34.46,45.72,91.3,57.38,1.21,18.57
30.9,80.66,59.19,45.63,2.51,29.29
25.41,60.53,63.15,68.94,5.01,62.9
26.56,79.52,44.05,68.24,7.51,100.0
38.71,61.62,7.06,1.83,1.31,8.62
32.49,40.54,4.67,6.23,0.82,4.36
29.52,53.88,16.9,96.36,7.17,98.99
32.42,42.54,42.55,33.56,3.06,32.91
28.27,65.64,24.17,24.62,2.31,19.86
29.4,90.4,4.44,21.1,2.07,16.22
25.81,84.28,54.6,6.93,8.74,100.0
28.8,87.33,46.41,45.7,4.6,50.22
33.71,88.43,42.14,4.16,1.45,17.28
20.8,62.32,78.42,16.09,3.65,39.81
35.9,70.36,59.95,0.53,2.35,24.84
25.66,70.51,0.14,17.47,1.52,11.37
33.65,46.79,76.19,99.52,8.81,100.0
32.85,58.99,10.44,9.16,0.91,6.91
33.05,83.21,51.68,6.71,6.22,75.35
32.16,76.66,88.96,56.41,8.09,100.0
39.18,82.93,79.88,91.31,7.56,100.0
30.17,47.13,59.94,54.77,1.15,17.33
34.65,85.68,28.22,33.6,2.34,22.3
34.11,52.49,3.67,65.72,6.41,75.16
24.73,92.61,43.74,14.26,3.44,32.77
25.67,54.7,28.36,21.96,4.4,42.95
28.48,69.52,0.15,99.47,0.18,4.97
25.55,92.79,86.3,94.71,8.19,100.0
27.33,56.13,31.11,14.78,3.66,34.93
27.82,61.7,43.41,21.7,1.35,15.06
32.08,81.59,91.1,95.87,8.47,100.0
24.4,55.49,5.54,27.55,0.29,0.1
36.09,94.78,47.04,35.4,8.33,100.0
28.75,59.0,46.6,32.84,4.19,44.42
34.12,70.48,71.69,22.8,2.58,28.34
21.63,91.71,99.13,47.68,4.35,59.58
29.4,80.06,91.51,82.09,7.23,100.0
20.56,62.55,0.48,13.45,0.6,4.47
33.52,66.78,85.67,3.26,6.04,77.95
26.87,66.41,62.57,97.03,2.58,34.15
38.99,47.74,8.04,18.03,1.03,7.03
26.48,81.51,29.78,53.19,2.6,26.99
31.28,92.8,89.18,97.8,7.77,100.0
25.15,70.45,49.9,43.27,2.66,30.95
32.4,48.12,27.53,73.17,7.78,100.0
29.34,94.61,58.38,36.5,8.91,100.0
27.41,61.53,52.24,14.84,2.88,30.24
24.07,65.52,76.26,53.59,4.96,58.18
22.23,93.67,99.37,27.64,2.14,27.9
22.4,93.78,20.68,9.68,7.2,90.34
39.98,83.2,26.99,64.73,3.0,31.87
28.25,56.61,86.68,75.1,8.85,100.0
20.04,98.96,95.52,69.34,6.54,100.0
39.06,56.29,81.72,4.08,2.45,24.86
20.4,86.84,62.04,12.04,1.08,14.82
28.37,59.48,99.32,59.63,5.58,79.9
34.35,81.67,35.79,52.22,2.86,30.68
38.29,51.71,11.63,67.49,2.28,23.59
34.26,68.71,13.26,57.18,4.91,50.62
29.27,76.0,29.81,58.27,2.2,21.71
39.49,70.22,80.49,47.51,4.84,60.97
20.79,77.79,70.58,92.27,7.34,100.0
39.74,99.46,61.14,86.23,1.4,21.2
36.99,55.67,59.89,48.69,2.78,32.03
38.58,81.75,71.48,65.35,6.48,93.09
25.1,49.22,15.31,2.04,4.21,40.76
22.85,95.14,52.01,2.1,4.22,42.68
33.27,65.95,36.03,31.45,2.71,27.43
30.32,93.2,46.86,75.48,8.26,100.0
30.46,68.74,43.05,92.55,0.58,11.57
38.49,50.24,60.46,68.3,7.18,100.0
32.4,83.21,99.8,92.65,7.76,100.0
26.22,63.31,97.57,3.21,6.5,86.8
28.0,58.4,59.64,37.54,3.78,41.24
22.67,63.45,29.41,8.68,1.31,10.51
23.85,73.54,12.12,94.69,8.45,100.0
22.87,60.01,6.48,14.17,5.02,46.58
36.21,81.4,19.8,3.34,3.15,29.26
34.1,53.2,9.26,0.79,0.62,4.64
30.61,70.53,88.87,11.36,2.61,30.7
27.49,43.24,92.48,2.88,0.58,8.31
33.37,96.19,23.05,66.78,3.55,37.97
36.26,64.7,75.87,73.83,6.37,93.45
37.62,66.97,83.58,29.29,5.96,79.97
30.94,67.36,37.75,53.35,4.26,44.66
36.4,61.9,87.16,58.6,4.59,61.5
30.23,70.65,58.55,59.21,5.48,71.68
29.49,48.49,2.18,8.12,1.49,12.55
37.31,92.41,74.19,63.7,0.75,15.73
27.73,46.15,37.17,88.57,1.42,17.33
27.92,99.98,22.7,41.89,6.52,79.54
26.1,77.68,99.29,69.93,7.29,100.0
30.37,43.97,27.62,50.17,3.56,36.52
30.9,73.75,43.84,70.71,2.96,33.15
33.21,59.88,26.41,78.9,5.47,65.84
28.61,97.18,49.61,53.06,0.2,8.76
24.36,85.33,11.04,6.11,5.13,51.76
37.34,70.42,80.91,87.54,4.22,57.08
26.92,65.79,50.51,60.1,3.98,42.18
38.46,99.75,41.95,60.06,0.01,2.61
24.15,80.04,36.31,50.95,8.49,100.0
31.2,70.84,57.98,17.4,1.56,18.22
30.73,63.88,77.99,48.62,1.02,13.55
36.57,59.47,90.26,53.68,3.47,44.37
22.78,43.36,12.61,2.92,0.25,3.61
38.2,75.27,44.55,14.91,6.88,86.27
30.63,90.89,83.4,76.22,4.61,61.35
31.72,94.93,74.16,57.54,4.84,59.61
30.2,74.94,63.82,70.07,4.1,51.91
20.72,68.64,67.46,4.7,0.23,5.14
29.94,85.76,39.97,50.44,2.5,29.77
25.27,64.9,48.61,7.38,3.5,35.22
26.85,91.12,69.26,73.35,4.99,65.54
32.98,83.54,37.73,27.46,3.95,42.47
29.95,81.56,74.69,45.14,8.89,100.0
21.86,93.58,35.41,97.28,4.57,56.54
21.46,86.14,58.55,32.6,6.05,76.09
23.71,60.56,83.76,42.29,8.65,100.0
23.82,82.38,2.32,73.75,2.51,23.1
32.17,52.42,24.03,52.51,4.08,41.32
23.56,43.49,56.12,65.85,6.49,91.03
37.63,87.48,10.61,97.63,5.09,56.92
24.2,88.48,20.56,69.57,8.04,100.0
21.82,41.38,74.91,15.07,5.09,57.39
37.51,96.87,2.58,20.93,8.3,100.0
25.91,66.75,61.0,86.99,1.34,20.75
28.51,94.32,3.42,4.8,7.23,83.07
39.18,87.29,11.59,50.92,1.92,17.86
38.89,94.04,39.03,90.6,0.44,11.18
34.3,73.48,42.82,63.51,3.04,33.79
21.38,98.44,54.58,11.57,5.23,59.7
31.87,77.75,31.22,74.05,2.62,28.99
39.78,53.64,41.13,38.21,1.3,14.27
38.94,63.37,56.88,90.13,5.66,74.6
22.12,85.11,61.94,57.28,4.39,54.6
27.92,86.59,88.74,78.9,7.54,100.0
26.31,59.95,40.42,52.23,2.93,32.71
22.59,54.85,18.56,3.3,1.36,11.34
33.9,92.56,64.49,41.28,6.52,90.8
25.48,68.62,55.65,59.85,2.66,31.4
26.9,90.44,59.28,52.0,7.4,100.0
21.81,97.5,69.24,85.25,7.76,100.0
29.96,65.33,48.4,3.44,3.39,32.16
23.16,81.8,56.67,32.29,1.35,18.91
28.64,56.91,9.14,18.89,0.41,5.31
22.87,88.05,23.63,65.88,5.75,72.18
39.08,89.2,93.41,50.24,8.43,100.0
22.9,57.71,34.53,39.89,0.35,5.79
30.44,41.45,60.47,7.16,4.48,49.48
23.94,65.87,56.1,69.62,1.75,19.43
21.53,50.2,85.33,90.37,4.78,66.49
24.05,89.11,11.36,80.88,7.71,100.0
21.1,58.39,30.19,32.89,3.77,40.0
22.79,96.45,65.56,86.2,7.07,100.0
29.87,98.31,14.45,77.2,4.36,47.41
33.04,90.98,61.11,67.9,6.71,95.52
21.75,75.98,25.71,0.69,8.09,100.0
28.82,81.95,27.1,63.21,2.57,27.1
31.62,88.44,46.36,86.81,8.68,100.0
24.68,82.1,93.43,85.08,2.21,31.82
27.44,98.63,78.21,71.0,1.21,17.55
21.44,62.64,33.5,30.91,1.34,13.16
24.4,43.53,81.34,79.79,7.67,100.0
29.34,99.9,22.58,23.16,0.48,7.39
39.81,90.3,61.56,22.41,7.29,100.0
39.93,53.29,75.16,53.57,4.18,49.98
39.59,83.54,70.32,57.13,6.22,84.69
28.46,40.04,65.67,35.13,6.71,90.97
21.61,73.47,83.0,60.38,3.82,46.79
26.47,61.77,55.62,70.91,1.31,17.84
24.75,93.67,51.03,85.65,4.64,57.46
20.28,54.67,14.48,28.86,8.61,100.0
21.9,56.49,35.57,69.98,0.23,4.0
29.06,90.27,97.54,90.51,6.91,100.0
26.79,54.89,30.81,88.44,7.87,100.0
23.61,84.87,43.42,37.97,3.61,40.58
34.32,74.64,77.29,56.97,0.09,6.04
27.14,82.67,53.86,80.02,7.9,100.0
37.04,80.63,18.76,23.73,6.91,82.99
24.82,54.52,17.48,64.32,2.28,22.82
30.77,88.53,66.6,93.41,6.91,100.0
23.68,89.96,30.3,66.27,6.41,82.63
29.91,92.34,13.67,3.21,1.07,9.93
23.05,98.73,83.47,31.3,4.14,48.05
23.23,97.58,28.26,30.73,7.79,100.0
32.24,78.03,80.22,41.87,6.01,82.95
25.28,93.66,97.35,11.45,5.27,65.88
23.45,66.88,33.2,43.66,3.75,40.15
38.6,87.24,97.02,54.15,2.23,29.74
20.86,97.32,19.12,2.67,5.52,57.3
31.3,87.78,64.75,30.09,1.38,17.01
30.97,64.95,99.12,17.73,7.29,100.0
25.01,62.67,80.84,97.22,1.89,29.51
29.06,57.49,22.97,13.02,1.09,11.52
21.75,62.02,25.73,62.74,0.65,9.91
34.43,89.23,26.24,40.19,7.33,92.1
24.43,82.09,94.3,28.73,4.21,51.53
23.87,54.99,24.54,85.41,3.59,40.47
26.3,82.69,50.96,66.41,4.69,56.23
38.05,62.76,34.99,62.03,5.29,61.22
35.93,73.47,36.13,9.37,7.93,100.0
38.94,92.88,56.26,73.66,5.08,65.96
33.04,71.3,34.5,27.65,1.68,17.82
33.26,83.79,59.99,43.44,7.82,100.0
29.6,57.05,31.5,61.43,2.47,24.42
38.1,85.19,44.1,40.37,5.22,61.04
30.22,63.46,50.6,32.8,1.42,13.07
27.1,92.57,99.82,90.69,8.8,100.0
32.81,54.32,75.46,38.5,8.45,100.0
30.92,47.79,15.07,29.56,0.05,1.28
22.48,99.69,63.07,87.69,5.12,67.87
27.85,81.19,20.98,96.78,0.24,8.58
26.27,94.72,3.08,55.61,2.72,24.01
36.94,58.29,80.93,20.89,4.43,48.17
27.58,90.72,85.55,29.92,3.9,45.79
36.43,58.67,24.12,57.11,5.12,56.49
28.85,73.11,36.0,1.93,2.32,23.74
35.07,89.69,35.8,89.96,1.89,24.98
22.71,65.15,38.03,52.6,2.6,27.11
38.49,90.27,85.16,80.82,8.61,100.0
29.61,88.89,97.87,71.62,8.52,100.0
25.2,56.58,6.19,20.03,5.14,50.24
24.83,99.58,97.38,2.16,0.63,8.5
25.3,96.22,6.88,61.52,5.36,58.74
27.33,81.27,81.9,81.91,4.8,66.35
34.35,42.83,25.07,1.22,7.56,92.83
38.99,58.21,25.96,92.89,2.73,31.05
33.38,92.71,81.39,85.55,8.45,100.0
30.94,97.05,45.84,11.42,4.14,44.88
28.97,89.9,11.95,89.64,0.89,10.69
36.56,64.54,56.93,58.88,3.14,34.53
36.99,43.39,24.27,80.3,8.26,100.0
25.86,71.05,7.25,41.45,5.88,67.53
39.07,62.58,2.42,51.82,7.05,84.14
27.9,82.19,70.01,73.4,4.65,61.75
36.0,46.35,91.83,9.88,1.51,19.1
39.34,49.18,1.7,90.78,1.35,11.91
34.07,43.88,14.26,8.72,1.26,10.25
23.23,85.23,26.04,94.16,3.86,43.67
31.72,62.22,6.92,3.99,0.64,5.61
22.38,66.22,70.38,17.2,1.61,19.32
35.78,75.9,74.79,5.76,3.26,34.34
25.63,97.61,55.9,39.78,1.19,13.35
33.9,85.39,20.23,59.09,1.84,18.41
38.2,78.74,0.63,62.51,8.0,100.0
23.62,84.63,73.73,82.85,6.45,95.05
27.86,96.02,81.25,66.78,4.03,54.06
32.94,98.55,54.58,82.29,4.48,57.57
28.39,69.78,21.36,32.61,5.31,55.85
23.5,74.01,76.19,65.11,2.74,33.82
20.58,67.69,7.09,90.85,4.43,48.3
28.13,83.36,66.66,86.02,6.65,99.73
32.98,61.62,24.13,63.44,2.41,24.12
31.48,61.31,22.33,34.33,7.22,90.76
23.12,65.71,48.33,22.74,4.57,51.49
29.01,74.76,52.02,56.67,3.4,40.88
27.39,69.99,59.13,10.56,1.55,17.04
25.48,46.48,90.12,83.48,0.68,10.08
34.59,40.58,18.87,2.97,1.0,7.89
26.19,62.57,6.73,17.39,8.44,100.0
30.8,82.42,34.5,6.86,0.62,6.69
38.46,59.97,62.83,38.13,8.54,100.0
30.79,40.48,33.31,75.76,4.76,53.06
32.34,45.06,76.79,91.01,3.97,53.94
21.46,69.82,18.99,43.43,1.11,11.01
23.56,51.31,14.3,23.51,0.64,5.85
22.02,82.52,29.8,26.67,2.4,24.16
35.3,74.45,87.61,68.81,5.39,73.15
36.72,76.34,39.3,41.49,3.37,35.25
23.73,79.33,52.0,44.34,2.59,26.89
24.39,41.86,30.03,56.53,0.12,5.74
26.46,62.84,91.86,6.2,2.4,27.92
31.82,87.61,88.88,25.0,6.43,92.26
32.44,91.94,58.28,55.06,4.78,55.51
33.74,95.5,75.27,4.18,1.42,18.41
38.1,71.74,91.36,30.16,7.14,100.0
25.9,45.55,31.34,22.66,1.34,11.48
33.18,54.5,32.87,13.02,7.16,84.08
31.19,94.38,54.58,92.44,4.61,59.57
26.12,99.49,40.84,12.59,6.45,79.27
38.15,91.78,76.15,48.94,0.75,12.76
21.91,59.24,53.69,83.95,6.67,91.73
34.24,45.74,22.36,14.54,1.08,8.92
34.56,98.05,79.54,92.21,7.24,100.0
38.31,63.07,67.12,34.19,1.24,14.62
30.37,82.02,42.42,51.59,3.38,37.23
26.43,98.13,34.22,18.27,3.75,39.75
36.55,66.35,1.61,59.12,5.83,63.54
35.42,69.75,82.09,17.06,0.08,4.79
30.01,53.21,11.72,63.88,1.65,16.14
35.36,64.19,7.72,91.55,6.71,88.02
25.36,56.05,11.56,23.13,1.04,9.85
31.79,91.52,8.95,21.23,0.72,4.36
37.3,41.4,68.43,1.14,1.58,18.85
26.36,81.01,37.99,1.47,7.49,93.67
29.67,56.39,82.17,39.66,3.12,37.03
39.02,68.57,18.29,48.9,4.77,47.92
35.96,56.89,8.44,18.28,5.2,51.14
37.74,64.0,22.84,32.3,3.35,29.5
27.7,72.81,93.21,14.03,0.84,11.77
39.93,78.45,82.91,68.12,2.31,32.2
23.05,96.42,28.58,39.29,1.42,15.21
30.38,59.93,20.61,73.43,8.19,100.0
29.59,85.82,64.0,73.85,6.26,88.74
35.97,84.68,62.37,72.6,4.44,56.82
38.17,57.41,20.5,62.64,7.31,96.03
34.62,91.9,88.82,0.72,0.02,6.77
32.54,75.22,38.68,57.94,3.86,41.05
28.55,90.85,88.01,37.1,4.34,53.19
30.21,74.19,4.14,51.36,6.97,87.35
30.19,83.33,82.68,52.34,8.64,100.0
20.41,87.83,75.98,75.68,8.94,100.0
30.06,75.84,7.72,70.24,5.44,60.88
37.12,98.47,79.9,11.06,2.74,31.63
34.19,55.07,25.64,48.9,8.04,100.0
35.91,87.55,87.8,8.32,2.29,22.99
27.81,70.37,75.23,23.42,3.16,35.38
30.58,63.66,51.3,45.36,3.96,44.16
20.67,89.46,84.69,84.01,8.32,100.0
27.66,90.47,95.34,65.3,6.11,92.09
29.49,74.13,40.92,83.09,5.23,65.17
25.1,90.25,69.66,52.18,5.21,67.85
20.62,61.95,31.61,74.47,1.08,12.03
33.81,94.83,54.65,88.91,0.36,10.39
28.7,78.9,23.76,13.35,3.75,36.67
28.31,44.16,13.55,26.55,0.3,6.06
25.0,56.38,34.21,32.79,8.48,100.0
30.76,66.77,5.52,27.81,6.8,79.72
28.76,94.58,96.78,96.3,5.39,82.16
29.48,43.05,84.39,20.65,1.89,21.86
31.62,64.24,30.37,91.46,8.11,100.0
20.13,86.82,12.96,82.37,1.74,16.84
38.15,84.63,73.52,87.86,8.53,100.0
21.42,91.1,22.07,58.6,8.51,100.0
29.02,62.22,19.84,21.77,1.13,9.93
24.15,96.83,77.91,40.26,2.55,29.09
30.48,63.24,22.39,4.47,0.3,3.53
25.6,42.31,14.22,16.71,0.01,0.59
37.2,90.86,6.16,38.78,3.81,34.31
27.93,82.1,31.98,48.67,3.5,36.2
32.78,46.12,59.75,99.64,5.01,66.07
24.98,62.02,15.58,35.43,6.21,70.61
20.39,89.89,81.96,95.29,8.1,100.0
28.08,85.28,72.24,27.72,3.02,32.36
30.73,72.61,20.39,2.51,5.49,56.17
29.19,86.65,53.06,59.34,0.64,13.34
39.24,90.26,39.14,47.93,6.3,80.52
34.14,55.91,38.24,78.67,7.19,99.91
39.91,76.97,56.0,0.42,7.92,100.0
25.9,73.43,10.82,7.06,6.78,78.47
35.78,53.64,21.53,85.97,4.56,52.59
31.11,69.39,14.97,48.08,7.86,100.0
32.24,72.91,17.4,50.64,4.42,43.26
39.72,99.98,72.53,73.6,6.48,97.92
33.08,67.66,99.62,92.59,0.57,14.79
37.98,44.85,65.11,91.44,6.38,91.57
34.52,69.24,98.47,51.67,0.76,13.6
22.55,90.28,57.7,21.78,0.25,7.19
33.99,74.28,28.33,98.28,4.52,54.66
29.69,59.13,87.23,89.25,1.08,18.34
38.38,95.26,6.72,52.14,2.93,29.22
36.14,60.35,44.06,38.41,3.81,42.32
22.08,59.61,94.76,43.97,4.95,63.78
22.68,44.16,1.89,6.91,0.23,1.82
21.39,84.28,92.9,68.15,7.05,100.0
29.86,90.14,13.29,66.91,4.32,45.02
21.62,43.51,76.83,54.73,8.87,100.0
34.47,75.42,60.97,72.03,6.08,85.56
31.05,83.23,34.34,45.18,0.76,10.11
36.72,93.68,89.9,86.09,2.87,40.21
25.6,61.23,49.89,52.45,2.8,31.9
30.38,83.23,46.48,56.91,5.86,73.31
22.35,51.41,88.73,20.51,4.2,50.8
37.69,58.83,87.09,16.01,5.14,62.97
23.5,96.18,0.89,60.34,7.27,92.58
22.05,75.89,15.82,9.31,7.61,92.04
24.1,72.33,91.86,16.79,2.15,25.81
36.12,94.94,56.24,72.9,2.47,28.1
22.12,92.45,48.02,30.82,6.16,76.01
32.29,83.65,6.53,80.01,7.74,100.0
34.92,83.45,81.54,93.06,7.63,100.0
35.02,72.7,49.45,62.38,4.82,60.64
23.8,85.45,47.39,38.63,2.14,22.76
21.23,97.94,78.64,48.04,1.63,20.78
28.98,42.94,22.0,41.04,3.04,29.54
24.05,53.38,23.71,38.68,7.15,89.78
33.99,87.64,56.03,32.84,6.68,90.84
27.13,78.65,26.59,60.92,2.93,30.49
28.99,45.2,28.86,61.66,6.43,78.6
22.27,56.08,32.88,47.35,3.65,37.11
31.35,59.44,55.06,37.33,1.89,23.07
23.71,59.26,4.0,21.14,7.59,92.65
33.58,92.66,37.88,89.14,0.48,8.88
21.42,61.66,51.52,48.62,3.69,41.0
39.52,84.1,0.48,92.09,7.1,94.07
33.69,40.81,63.8,21.73,6.51,83.44
23.63,65.65,5.1,97.14,5.12,55.85
20.28,59.07,72.0,41.98,7.29,100.0
26.69,91.12,80.17,53.27,0.25,8.2
23.06,91.21,49.97,54.6,4.86,58.81
24.37,65.4,67.34,93.92,2.35,29.42
37.46,98.38,56.16,28.26,5.75,71.46
32.06,40.86,30.76,73.02,6.07,74.52
23.53,59.54,42.46,2.05,1.93,16.97
31.13,86.5,8.71,55.87,1.39,12.96
25.12,61.61,70.71,74.16,5.29,70.95
39.52,95.26,2.47,47.09,8.47,100.0
20.66,53.11,41.34,64.33,5.97,76.53
34.65,87.74,50.62,76.81,4.36,52.05
35.46,91.94,82.96,73.29,4.1,52.27
21.34,51.83,34.32,21.81,7.37,93.06
23.44,66.74,44.28,39.68,6.6,84.39
27.69,96.7,58.74,73.08,3.94,48.23
37.36,75.13,92.32,27.11,4.42,51.01
30.74,78.1,67.2,63.2,2.38,31.14
33.11,40.58,25.44,14.83,7.35,84.08
35.66,43.4,84.73,93.03,2.56,36.84
36.56,44.02,5.51,60.3,6.33,73.69
29.53,89.18,27.23,46.83,7.87,100.0
30.18,54.21,10.82,81.15,4.97,53.25
34.36,59.73,44.7,79.72,1.41,14.74
25.27,76.6,63.69,9.73,0.22,3.61
37.09,75.04,53.1,30.71,6.06,74.04
20.42,64.63,81.13,45.86,2.02,28.58
23.92,40.26,56.75,34.05,0.35,8.87
36.0,66.98,23.27,31.73,3.09,29.4
26.81,84.33,53.64,35.22,5.24,60.78
23.0,54.11,73.55,14.2,4.96,56.07
23.74,82.5,50.3,11.94,1.51,17.16
30.62,84.18,87.01,92.14,7.75,100.0
36.92,98.89,63.71,98.59,6.79,100.0
21.41,97.0,54.81,51.02,4.3,52.91
20.61,61.01,52.08,62.22,2.31,27.59
29.3,67.47,85.42,6.76,0.71,10.48
39.12,64.83,20.77,83.71,4.75,53.57
25.58,90.51,3.28,58.75,1.56,16.7
39.18,72.44,74.15,89.84,1.64,24.92
37.75,76.68,84.23,98.34,5.49,81.6
25.66,92.95,76.05,94.36,8.66,100.0
36.34,65.28,4.09,20.27,0.24,1.62
33.72,81.54,97.52,15.95,8.31,100.0
30.24,56.57,7.85,17.57,1.18,8.9
28.46,89.94,40.59,54.96,1.79,21.72
36.31,90.68,59.11,67.64,5.72,77.9
35.86,77.86,43.04,10.47,5.58,62.78
35.14,72.3,55.53,93.58,5.82,79.13
39.97,94.84,96.66,41.75,3.86,52.54
29.57,82.42,97.66,76.61,8.35,100.0
36.14,92.95,14.86,99.06,4.17,46.53
37.25,99.75,42.36,87.33,7.1,100.0
24.23,64.21,50.4,31.17,4.33,48.76
20.84,83.02,71.32,40.2,7.09,100.0
28.09,81.28,95.52,64.87,3.56,50.5
37.13,50.45,68.87,53.8,0.01,7.54
25.78,78.19,98.72,41.03,4.5,56.55
34.0,65.69,24.63,65.34,4.93,53.9
20.15,67.04,20.89,90.95,1.04,12.44
27.11,50.81,30.65,30.95,5.99,70.62
32.31,84.68,78.71,12.83,7.68,100.0
22.6,81.88,18.65,67.57,7.82,100.0
37.93,71.94,19.62,58.96,3.39,35.53
23.13,49.4,41.17,90.56,3.69,43.13
38.2,73.41,31.75,74.27,7.73,100.0
24.33,46.01,64.65,39.71,8.98,100.0
39.89,60.36,89.02,63.33,0.47,11.85
32.09,62.34,13.87,86.24,0.56,4.98
21.69,84.62,97.09,86.61,7.53,100.0
21.31,64.93,8.84,1.38,4.16,37.3
21.5,75.91,22.15,62.63,7.06,91.93
31.8,92.49,30.91,2.59,0.84,8.42
36.19,65.55,57.91,93.75,6.2,88.06
28.06,93.02,55.49,16.82,1.54,15.45
28.9,48.19,64.31,37.43,0.3,6.77
31.79,61.89,81.89,94.63,5.36,75.19
30.66,45.68,18.72,7.99,5.34,54.06
33.76,71.41,43.18,44.52,2.95,30.12
29.44,97.44,66.7,10.36,2.9,30.75
34.28,79.42,7.97,98.6,3.19,33.96
39.95,77.56,34.47,97.17,8.36,100.0
27.01,56.69,2.77,38.46,7.8,95.45
20.24,95.87,9.02,74.29,4.75,51.54
22.51,68.29,28.38,73.59,8.67,100.0
31.07,56.02,24.31,9.98,5.24,53.45
26.89,99.26,90.02,23.51,0.91,13.43
38.8,78.33,82.35,80.5,4.97,65.71
32.55,62.29,57.79,16.57,8.05,100.0
30.41,69.72,45.59,55.94,3.91,44.35
35.96,70.26,59.19,73.13,4.4,53.76
25.17,88.55,41.02,55.76,4.78,53.42
36.39,87.03,76.97,88.38,8.09,100.0
20.06,83.39,57.22,89.33,4.16,51.79
32.39,45.03,92.06,4.68,7.4,100.0
38.7,76.96,79.7,99.02,8.92,100.0
35.76,61.66,21.98,6.93,0.47,6.18
37.07,77.27,71.3,41.56,5.65,73.72
27.94,71.79,25.19,41.76,2.31,25.49
36.48,74.7,25.49,30.36,7.69,98.25
31.02,81.37,54.72,79.4,5.27,67.56
32.37,91.8,69.63,33.77,1.58,21.37
21.18,60.18,15.92,62.55,3.79,37.04
24.03,67.58,31.45,54.3,1.64,19.45
31.02,78.15,71.61,86.4,4.12,54.32
21.18,58.85,15.2,81.95,0.7,8.16
34.83,50.73,84.97,21.79,8.69,100.0
36.8,97.97,45.6,75.01,5.37,69.14
38.41,95.08,78.57,75.12,8.63,100.0
22.04,53.96,8.04,91.92,1.56,17.1
38.79,77.12,95.45,96.32,3.46,50.7
21.35,99.54,85.35,83.51,6.93,100.0
29.48,85.68,75.75,96.48,6.64,100.0
36.81,43.84,66.31,29.3,0.63,12.05
21.41,47.4,79.31,86.47,7.95,100.0
20.36,65.75,12.2,91.56,1.7,17.96
20.5,89.76,57.75,9.76,2.36,23.79
30.23,60.52,85.05,55.43,6.59,96.04
36.23,88.86,65.35,86.39,5.09,67.06
22.55,76.02,92.38,25.16,5.95,80.19
22.49,58.13,4.78,38.32,0.05,2.51
31.37,65.95,91.92,31.12,2.24,25.28
24.69,89.68,84.25,89.19,8.83,100.0
34.6,60.51,15.59,7.9,3.6,33.37
38.99,63.3,43.1,61.38,0.67,9.12
35.32,40.67,62.08,58.14,6.08,82.4
37.54,93.18,89.32,78.72,8.02,100.0
30.39,98.64,15.95,9.67,8.91,100.0
36.65,47.43,16.11,17.46,1.33,10.16
23.66,40.34,79.79,69.71,1.82,25.32
21.37,85.05,41.0,71.17,4.6,53.58
33.12,56.14,50.8,47.35,3.62,39.71
21.04,81.16,94.65,83.87,8.46,100.0
37.85,50.13,2.9,23.62,1.05,8.97
33.83,86.57,14.15,32.62,2.38,22.15
39.04,48.72,94.84,15.01,5.49,69.16
26.28,97.84,56.42,95.28,8.56,100.0
29.72,47.57,90.42,80.96,4.34,57.62
34.83,67.28,11.79,23.71,5.08,50.73
24.86,49.54,64.15,85.73,5.76,79.28
30.84,49.01,84.01,25.23,7.66,100.0
33.19,98.07,78.69,82.74,2.58,37.46
39.58,74.33,0.99,62.86,5.64,60.21
34.89,55.55,45.22,48.26,8.33,100.0
22.36,86.58,11.53,92.81,8.45,100.0
29.51,92.51,15.28,80.94,3.44,38.02
31.78,95.06,70.63,12.99,1.01,10.23
22.93,95.98,95.66,70.56,8.32,100.0
28.64,94.33,63.41,78.95,8.29,100.0
25.68,78.34,10.24,54.11,0.88,8.68
22.38,56.57,29.41,50.92,3.4,34.87
30.24,95.53,37.89,23.45,1.67,17.59
23.31,47.35,12.54,97.41,5.82,66.24
31.81,66.45,21.02,12.76,1.32,12.17
23.39,58.84,27.29,44.22,2.32,21.53
34.47,57.02,12.96,59.82,7.2,92.25
23.9,76.94,72.57,10.06,2.19,24.08
37.93,66.6,28.85,61.91,2.14,23.12
20.52,69.46,41.03,19.81,3.95,38.57
30.44,68.9,21.97,48.12,2.94,30.4
26.4,65.39,8.02,89.85,8.49,100.0
24.5,82.45,55.58,14.8,1.08,10.44
29.43,46.04,48.02,22.66,1.03,10.99
36.84,95.8,92.63,78.83,7.6,100.0
38.31,78.48,21.91,89.62,5.28,62.93
26.06,72.09,35.66,4.9,4.57,46.76
23.08,64.44,65.97,21.6,8.59,100.0
34.4,60.04,3.56,71.74,8.94,100.0
31.64,43.11,11.58,51.92,0.37,7.23
24.02,80.83,28.36,59.45,1.49,13.82
35.21,65.29,10.64,1.7,4.98,47.72
30.38,89.09,61.19,79.0,7.16,100.0
33.07,93.61,98.74,57.87,2.52,35.62
27.19,61.97,18.93,10.17,1.35,11.44
28.78,53.17,53.37,96.37,2.08,24.87
23.61,79.43,25.49,73.22,8.71,100.0
35.13,90.54,91.35,81.91,8.83,100.0
23.14,51.64,75.07,71.15,5.08,66.84
35.57,82.85,72.38,56.35,0.21,9.78
35.96,47.55,97.25,10.35,5.42,65.94
34.93,56.81,2.11,27.04,3.53,29.68
20.39,93.88,13.7,16.88,5.09,48.39
25.46,84.3,71.21,92.48,0.72,15.54
29.37,95.77,33.01,79.53,0.82,12.67
31.91,92.91,6.38,70.09,0.83,6.24
38.38,58.75,30.1,76.33,7.52,100.0
27.51,77.94,8.77,60.12,6.52,79.95
37.5,62.72,83.76,85.53,1.16,15.48
23.27,81.83,87.69,22.86,2.84,32.34
27.43,60.91,63.69,25.05,3.93,46.91
21.05,40.08,38.56,59.17,0.89,11.66
34.85,45.64,76.88,81.01,7.56,100.0
23.01,86.26,63.16,83.58,3.27,42.09
25.14,74.56,46.53,63.73,3.97,47.49
35.5,96.41,83.07,88.74,8.24,100.0
30.69,91.47,95.83,23.27,8.23,100.0
20.28,84.47,29.0,23.07,6.68,78.85
20.04,64.81,60.42,44.56,0.31,8.69
30.21,52.52,80.81,65.02,1.4,19.19
26.1,95.35,89.39,51.3,4.0,50.46
23.61,73.98,94.67,6.75,0.84,10.77
32.27,64.33,39.5,48.19,3.53,37.8
24.57,96.52,69.93,81.71,8.8,100.0
31.84,60.47,52.57,64.44,3.85,44.48
27.59,66.54,64.94,63.5,6.34,87.52
23.73,46.52,18.42,26.97,2.34,23.2
22.76,73.37,59.44,43.74,3.06,32.37
24.74,63.92,92.02,70.1,0.89,19.47
20.6,81.98,81.09,20.72,0.94,11.76
26.16,60.33,49.65,73.95,2.69,31.49
38.04,79.21,29.7,52.98,2.25,24.14
36.63,88.31,39.86,31.28,5.59,66.73
27.44,92.97,69.44,81.18,7.5,100.0
31.52,48.65,14.79,2.72,0.63,5.51
31.35,86.42,90.65,52.11,8.74,100.0
36.57,48.83,49.14,8.27,1.54,16.94
24.73,81.9,8.94,44.06,2.43,21.73
25.93,62.3,71.67,32.99,7.58,100.0
26.04,95.47,93.54,81.92,7.83,100.0
20.82,52.83,39.62,64.36,2.04,22.75
26.29,78.7,23.03,92.17,5.98,78.87
37.56,47.53,16.46,14.66,3.34,31.17
38.24,50.18,53.35,74.16,5.23,63.52
22.19,76.87,71.97,62.17,0.87,16.11
29.16,60.21,48.72,66.7,7.92,100.0
27.63,82.23,82.08,84.52,5.36,76.93
29.79,81.11,91.74,37.55,0.04,6.33
31.09,77.3,80.72,57.96,5.03,64.45
20.41,83.83,95.65,27.68,3.26,41.18
36.84,87.64,92.9,28.42,8.15,100.0
39.47,94.69,83.25,51.33,1.25,15.7
33.07,86.42,94.21,76.7,7.7,100.0
33.21,74.29,17.43,24.81,6.88,80.87
30.56,84.93,72.7,15.16,2.03,23.49
26.69,53.02,84.55,11.99,2.82,29.05
22.98,70.26,30.46,49.28,2.81,30.34
31.68,56.02,64.36,10.44,6.41,80.53
20.9,74.34,82.99,15.43,3.24,35.69
36.49,61.97,70.72,66.87,4.21,53.01
28.42,79.97,66.54,65.13,4.97,62.62
28.3,76.61,4.66,94.5,7.99,100.0
26.54,79.43,46.05,92.03,5.95,79.01
39.39,55.14,3.38,87.39,5.33,56.76
23.5,86.04,9.24,69.1,7.3,94.03
23.03,79.84,54.1,26.66,2.74,29.34
23.31,47.84,4.75,17.82,4.0,37.92
33.17,52.01,91.32,94.94,6.18,95.84
39.84,58.06,45.03,95.96,3.63,45.35
24.71,96.16,70.0,50.44,4.31,51.81
38.11,59.58,14.78,54.84,1.44,13.46
25.57,41.19,84.76,0.54,5.49,62.87
32.96,48.5,47.81,14.86,5.76,65.09
20.81,41.93,55.88,54.6,7.71,100.0
29.91,64.17,64.85,18.18,0.77,10.33
33.09,87.83,53.99,47.87,8.1,100.0
30.73,67.03,56.32,79.49,0.77,14.13
24.76,90.34,74.45,80.08,6.71,100.0
36.57,42.85,80.65,86.17,5.3,71.53
39.4,68.18,30.62,23.57,3.65,35.59
29.18,87.22,92.2,43.19,8.31,100.0
32.72,80.48,35.39,62.68,4.11,47.35
35.81,91.17,27.23,58.11,0.22,8.39
24.83,56.43,31.14,99.91,4.69,53.36
37.29,93.5,97.16,86.47,7.7,100.0
25.6,73.61,81.92,59.87,4.4,55.82
35.52,50.11,84.38,38.79,3.22,38.13
22.24,88.95,56.12,51.8,0.67,8.77
25.77,58.69,96.76,38.72,3.15,41.37
30.67,73.61,81.19,80.43,5.01,65.23
30.5,76.59,43.62,52.92,3.38,38.73
37.01,90.2,88.32,67.39,6.52,98.65
39.92,93.02,45.89,68.92,2.43,27.39
22.14,93.52,38.27,14.89,5.12,54.03
25.43,56.71,68.08,86.55,8.78,100.0
27.15,78.48,74.54,64.11,2.82,35.36
29.58,83.86,24.92,53.93,3.67,38.58
29.88,54.63,19.37,2.35,8.95,100.0
37.12,68.37,41.95,5.14,1.3,9.76
35.41,94.61,24.2,9.04,5.16,50.8
20.38,46.18,67.66,64.35,3.33,41.38
29.1,95.69,51.77,94.09,0.42,12.58
32.36,69.29,82.7,13.33,6.85,92.3
29.21,93.58,98.13,28.43,1.79,25.35
22.61,77.28,37.81,86.59,8.03,100.0
27.95,80.29,91.2,50.57,3.76,50.11
28.23,86.38,77.72,42.71,1.3,20.11
23.75,44.03,14.91,47.32,2.21,18.74
35.13,77.67,83.59,10.11,7.5,100.0
26.43,95.44,48.15,21.96,3.36,36.96
31.78,97.37,70.92,96.2,2.31,33.79
30.31,98.1,70.26,64.34,2.24,30.32
37.55,78.75,88.6,28.63,5.25,66.22
22.44,42.67,12.47,12.7,0.5,5.64
22.29,88.1,58.73,79.2,4.53,55.08
26.01,76.45,32.09,14.09,0.44,3.72
28.62,75.17,53.27,47.73,2.33,28.8
25.97,42.54,66.16,66.59,3.86,48.15
35.26,45.33,77.37,75.28,1.87,28.12
24.91,77.16,85.89,2.25,7.01,94.47
21.7,58.85,12.38,28.31,8.25,100.0
28.28,90.76,97.13,86.23,7.55,100.0
35.47,51.61,83.59,15.55,7.69,100.0
37.01,88.06,92.2,87.35,7.21,100.0
34.67,86.68,82.06,73.05,6.32,94.03
31.16,77.67,48.23,37.85,0.7,11.91
34.48,96.73,25.11,88.67,5.66,71.35
33.63,93.03,52.5,92.27,8.84,100.0
24.69,53.08,39.73,86.69,7.49,100.0
31.02,49.21,88.56,40.75,5.55,71.63
35.41,77.09,38.7,27.64,3.61,37.95
26.34,45.77,39.21,30.61,7.02,84.82
33.08,74.97,49.85,13.0,6.15,71.02
29.63,56.96,93.36,90.21,8.4,100.0
30.06,94.78,61.33,98.12,6.38,97.56
21.8,76.8,22.9,5.86,0.93,8.25
33.32,63.89,45.54,25.99,2.09,21.5
37.31,99.08,46.57,94.92,3.63,45.82
22.83,97.19,31.04,60.79,3.79,41.34
27.32,86.72,73.63,4.71,5.7,66.48
20.97,87.5,26.83,1.49,8.1,100.0
20.59,98.64,49.25,50.41,6.84,94.45
39.79,76.03,44.1,93.99,0.2,8.39
29.87,92.8,46.69,27.89,1.32,13.35
27.11,43.89,56.68,35.03,3.27,37.49
25.5,83.71,95.86,92.57,6.13,96.39
39.6,70.15,14.3,80.17,5.71,69.53
25.05,42.26,28.83,94.36,4.53,48.6
34.51,45.22,77.28,83.87,3.87,49.68
25.68,41.31,90.77,59.39,7.11,100.0
21.41,57.64,4.47,93.88,0.86,10.12
33.67,43.21,7.34,61.44,5.36,52.98
20.03,55.41,8.66,10.86,0.99,6.42
33.51,88.76,14.79,1.55,2.45,21.35
25.01,76.83,97.93,45.55,1.82,27.72
34.92,80.43,82.82,4.3,6.06,76.2
35.4,41.89,12.07,89.88,1.58,18.52
34.48,90.37,10.25,1.05,4.39,41.54
20.49,48.77,97.73,30.7,8.31,100.0
34.07,66.85,18.22,27.1,0.12,4.15
39.8,71.01,53.87,79.51,8.18,100.0
24.85,95.8,23.62,75.77,1.71,18.92
25.48,99.89,60.07,71.29,4.34,53.43
36.27,86.96,84.0,5.12,1.19,13.05
23.21,83.76,65.69,28.82,6.39,84.79
33.21,90.61,62.09,68.39,6.31,88.07
35.1,63.82,46.55,39.1,3.38,36.97
20.74,61.88,23.05,10.21,0.04,2.55
31.08,56.15,20.09,25.94,6.57,76.77
31.52,99.08,76.21,23.59,8.69,100.0
26.07,98.78,62.69,54.81,6.05,80.13
37.53,59.38,0.95,29.15,6.14,66.49
23.25,54.46,95.06,2.13,8.49,100.0
27.28,53.77,44.56,39.07,6.55,86.21
36.97,69.09,23.24,55.37,7.63,100.0
23.81,53.43,8.62,63.42,2.56,22.86
36.43,78.91,37.44,34.3,1.52,14.45
21.58,44.49,30.78,31.39,5.76,64.33
29.78,46.22,29.8,28.39,2.27,22.74
21.51,56.62,79.32,62.33,3.87,49.92
33.56,86.65,64.59,28.36,7.7,100.0
35.81,97.36,61.91,74.89,4.71,60.73
37.0,68.25,70.81,28.17,8.49,100.0
39.63,79.4,72.35,79.09,3.19,41.9
33.44,87.31,51.43,31.97,2.53,24.32
35.38,90.63,74.9,53.65,5.35,69.76
30.12,83.86,28.35,69.9,8.79,100.0
38.25,57.16,5.85,17.44,3.87,35.21
32.88,78.67,2.88,38.0,8.28,100.0
37.67,67.05,32.05,12.76,3.1,28.3
24.71,59.88,2.27,1.76,0.33,1.3
29.93,98.93,7.82,90.94,6.94,91.82
34.6,86.45,56.58,59.62,5.56,72.24
24.05,94.93,90.09,70.17,4.72,65.55
24.23,48.19,79.69,28.31,3.96,44.89
39.56,79.27,67.25,46.82,4.2,50.09
28.69,51.9,66.17,74.08,7.51,100.0
23.64,56.62,73.03,13.13,1.38,14.87
26.63,71.37,49.42,12.17,0.46,4.09
27.95,84.52,40.18,22.44,0.05,2.79
32.46,83.29,30.67,23.68,4.46,47.93
38.46,99.84,74.3,84.92,8.87,100.0
39.73,73.56,56.22,15.86,6.04,74.04
33.03,95.58,47.25,10.52,8.91,100.0
34.0,81.85,81.24,81.62,6.81,100.0
26.44,90.94,26.83,20.29,4.58,47.3
37.14,53.77,78.72,36.87,5.23,60.78
24.36,71.89,25.56,19.72,7.94,100.0
22.13,84.17,42.57,8.78,0.13,3.65
39.47,98.57,16.13,13.66,4.2,40.46
37.28,40.7,16.98,78.97,3.7,40.56
26.07,59.63,75.63,52.01,8.58,100.0
33.5,60.54,6.67,74.59,1.69,20.51
29.34,57.31,28.5,17.67,0.23,2.8
26.46,89.05,98.08,30.52,5.69,78.62
25.74,42.7,47.59,98.23,5.63,73.49
22.72,61.57,60.62,8.57,2.87,29.7
30.99,82.7,64.08,43.87,4.86,56.87
28.93,64.4,19.61,29.58,5.37,55.91
30.24,48.64,36.93,0.73,3.18,31.13
24.31,97.36,59.37,75.86,4.71,60.62
38.77,71.36,23.07,55.0,1.28,14.4
32.77,98.91,23.4,32.05,6.94,84.69
37.99,84.91,60.79,47.23,3.5,38.45
22.19,99.17,10.85,39.19,5.81,64.1
32.46,51.18,12.91,46.42,3.84,36.56
36.99,85.7,57.33,84.8,1.46,20.43
26.62,73.1,44.93,71.4,6.31,84.85
23.9,82.75,61.19,28.02,3.76,43.5
25.3,96.12,98.14,87.54,7.78,100.0
25.46,52.74,70.49,72.52,8.4,100.0
28.94,89.9,83.81,51.41,4.78,60.27
26.52,90.3,52.41,90.76,6.54,96.24
25.43,88.89,84.08,83.28,5.18,73.08
32.97,49.75,39.97,25.25,5.63,63.92
21.06,78.71,7.89,80.15,3.24,35.03
26.81,84.26,37.75,19.13,2.37,22.84
33.8,73.46,44.64,2.49,5.33,59.5
23.52,59.03,86.55,96.11,6.66,100.0
24.42,92.86,33.47,76.14,4.46,53.01
24.01,78.55,31.51,48.9,8.06,100.0
20.02,83.21,88.8,84.32,3.5,48.79
29.48,79.13,25.1,7.58,3.39,32.09
20.78,83.28,64.24,73.97,3.83,47.54
25.46,48.7,32.66,95.63,6.34,83.22
39.9,95.36,95.15,81.86,0.25,10.09
38.37,57.15,18.96,43.17,3.18,31.19
24.3,90.19,72.39,34.63,6.69,93.79
26.2,93.6,55.01,89.24,4.99,67.25
29.27,79.07,97.87,29.15,2.79,34.57
36.89,75.9,99.41,93.74,5.91,90.35
36.05,46.54,79.37,31.98,8.11,100.0
22.52,66.17,10.35,12.5,4.55,40.08
22.49,76.7,46.9,23.59,6.65,86.49
28.33,93.24,87.26,71.46,7.43,100.0
37.4,84.61,25.72,53.9,3.22,32.08
37.64,99.61,87.9,38.0,2.62,30.91
22.15,59.93,79.94,90.59,8.94,100.0
31.49,60.98,31.3,9.39,1.97,18.72
23.11,85.09,86.06,95.52,6.69,100.0
33.72,78.76,32.26,40.38,3.68,39.49
38.33,76.94,71.77,78.95,4.45,59.27
29.1,94.33,87.04,97.81,7.47,100.0
21.66,94.63,97.05,87.81,7.69,100.0
31.59,61.18,44.13,33.01,3.17,34.81
28.17,68.96,4.47,50.84,3.38,32.82
36.22,43.31,40.93,13.01,6.71,80.9
26.81,89.61,46.23,49.03,6.31,81.39
37.5,88.62,71.38,89.69,7.7,100.0
25.47,88.22,91.75,88.41,8.62,100.0
23.15,67.6,74.78,42.74,6.83,95.82
26.13,51.71,84.94,78.34,1.75,26.98
20.7,72.35,69.79,41.85,4.6,54.33
25.62,55.69,14.74,14.38,1.48,12.0
33.2,97.15,25.75,5.9,8.42,100.0
22.85,45.3,16.07,71.0,4.56,47.23
22.23,74.6,6.73,95.74,4.23,49.1
22.65,42.19,8.78,8.22,0.04,0.56
21.55,47.66,16.21,0.98,4.04,37.92
37.49,78.19,93.82,60.36,1.0,16.86
38.88,91.85,59.84,14.52,6.16,75.21
20.93,95.19,89.89,67.09,6.54,99.22
35.2,96.11,43.47,3.25,0.9,10.88
34.74,96.31,77.7,91.31,6.22,91.69
39.94,63.64,44.37,87.45,2.64,34.09
26.96,81.01,69.48,70.39,6.33,91.52
25.71,53.52,77.36,49.83,2.0,24.81
29.06,75.02,23.82,25.39,1.18,10.35
37.13,85.94,88.45,26.1,0.87,13.29
34.57,92.34,71.63,64.33,2.75,36.75
29.43,94.99,74.65,74.83,5.67,77.47
24.89,45.1,23.82,87.33,6.11,76.17
34.54,83.56,9.01,27.82,2.55,24.49
37.09,52.25,7.29,7.08,3.97,31.76
28.0,86.75,64.7,44.23,5.66,71.69
33.37,94.52,80.78,67.97,6.8,100.0
28.0,50.88,99.92,73.96,8.81,100.0
29.57,89.97,96.1,75.61,6.23,96.77
30.5,98.28,93.14,81.29,7.87,100.0
35.51,72.63,72.51,3.12,4.48,48.45
39.55,98.28,26.08,98.1,4.43,50.33
28.89,79.4,34.09,96.68,2.63,29.85
26.85,75.31,24.03,3.55,0.7,7.23
27.47,41.01,83.05,31.33,7.54,100.0
22.68,51.95,89.38,76.55,8.15,100.0
25.94,41.59,4.04,47.85,8.77,100.0
21.73,60.0,27.0,0.46,3.64,34.42
28.56,60.67,44.87,35.47,8.52,100.0
23.35,71.82,52.18,57.89,6.32,82.57
26.93,81.39,8.76,87.96,3.8,40.73
35.87,50.76,83.0,82.93,8.27,100.0
24.92,76.1,93.4,94.63,8.72,100.0
32.24,95.02,40.29,46.79,4.81,54.89
38.02,53.12,10.29,24.34,0.34,2.21
31.34,79.55,67.64,10.07,6.99,91.78
23.88,42.74,59.17,51.85,5.48,68.72
26.9,71.87,81.91,91.66,3.8,55.7
31.81,84.49,47.3,83.88,1.21,14.46
30.13,42.04,54.77,65.56,8.98,100.0
22.97,54.81,3.92,15.23,0.29,4.39
28.94,92.68,71.22,18.21,1.21,13.63
30.86,53.53,15.91,67.87,3.37,33.93
25.35,83.37,24.32,32.56,3.59,38.51
32.25,76.73,47.99,32.94,2.4,24.59
21.4,87.46,47.42,84.47,4.4,53.8
26.73,84.5,23.96,2.05,8.09,100.0
36.09,71.92,19.19,39.25,4.62,48.41
25.19,46.72,86.09,23.82,8.73,100.0
32.1,96.96,59.09,2.71,7.9,100.0
28.2,78.57,65.34,72.15,7.17,100.0
26.33,84.7,84.58,18.42,3.49,40.26
38.32,53.06,82.52,50.45,2.3,31.85
26.87,66.12,6.52,10.45,0.49,4.73
24.73,84.48,56.73,47.17,5.45,67.92
38.19,83.82,51.94,59.33,4.38,52.28
34.92,96.8,59.34,55.81,5.27,66.52
33.64,84.78,71.8,63.9,2.02,28.48
20.99,70.3,0.85,64.75,8.32,100.0
22.62,60.92,51.36,51.69,7.15,96.63
32.77,64.64,24.85,34.35,3.49,35.75
24.19,77.01,53.4,90.32,8.54,100.0
24.51,70.44,10.98,43.82,5.31,56.86
35.58,86.39,81.76,57.11,3.54,42.2
25.72,67.22,20.57,24.54,0.34,4.59
21.43,85.7,76.11,79.15,5.52,77.18
20.73,89.08,76.97,53.46,6.97,100.0
28.86,61.49,3.78,45.69,1.86,18.1
32.34,67.9,59.28,46.01,3.35,35.71
37.38,97.44,50.18,77.99,0.5,14.88
22.22,65.5,34.34,52.0,2.46,24.16
23.93,51.47,24.97,93.49,5.4,65.33
30.6,56.46,7.71,84.66,7.63,100.0
27.28,61.87,73.24,13.83,0.24,8.67
29.65,92.79,70.58,31.72,1.08,17.47
38.48,95.65,8.93,90.56,0.28,5.4
30.9,88.14,10.92,27.84,8.5,100.0
28.3,56.54,88.03,31.77,4.62,55.17
39.79,93.22,20.08,21.75,2.21,19.1
21.3,41.97,30.37,5.44,0.17,3.31
38.64,65.37,68.43,47.85,0.87,13.46
30.03,62.66,6.07,75.49,6.48,78.46
30.08,72.11,94.77,66.0,4.32,57.45
38.44,73.64,2.3,2.76,6.61,72.02
30.15,53.52,84.91,52.34,2.39,31.67
28.77,52.27,36.09,33.03,3.96,38.68
25.45,88.21,15.0,64.18,5.61,66.01
33.18,44.57,37.75,40.52,1.91,22.02
31.39,56.19,18.17,3.98,1.37,9.35
24.29,53.86,21.59,16.48,0.73,7.39
34.19,59.17,5.93,70.04,6.41,76.86
32.88,56.64,94.15,51.57,5.24,70.62
27.95,70.38,62.04,89.67,4.8,63.38
20.09,67.36,5.47,44.21,5.11,53.71
28.93,57.97,4.54,79.47,1.53,15.54
20.12,89.88,82.63,90.82,7.32,100.0
21.5,45.15,15.3,99.91,6.8,88.41
28.61,85.98,17.9,59.88,1.64,19.18
21.64,95.25,81.28,64.23,4.68,60.26
25.51,95.08,61.16,39.99,3.55,41.83
33.11,40.33,28.54,0.85,4.17,39.88
26.17,73.4,58.65,70.32,4.78,59.96
39.95,77.34,24.31,93.4,7.14,100.0
38.33,66.56,23.85,12.4,0.4,4.71
31.71,88.9,33.46,87.86,2.39,27.86
39.34,46.73,62.26,40.21,8.43,100.0
37.36,64.93,75.88,71.36,8.44,100.0
26.38,82.88,83.11,91.25,7.76,100.0
34.99,76.58,84.78,70.22,6.61,100.0
22.74,69.9,35.57,15.16,5.35,56.9
33.69,81.69,74.46,67.48,5.48,74.5
29.82,85.83,78.71,29.86,0.73,12.06
20.34,86.78,78.56,70.36,0.68,15.48
25.48,93.28,97.46,94.49,7.71,100.0
39.11,90.63,82.48,72.77,0.81,16.5
26.32,64.87,96.86,25.95,2.44,30.28
23.63,78.99,62.68,46.52,1.36,13.91
23.75,68.99,22.93,56.49,5.18,59.19
29.58,47.08,60.82,72.62,6.84,97.51
36.85,89.3,19.78,14.78,2.39,23.11
35.16,76.11,8.53,52.56,7.04,86.52
28.74,43.48,30.13,86.01,1.57,20.9
24.17,80.61,36.28,2.76,3.21,29.78
20.92,56.99,70.89,72.76,2.19,28.34
29.25,44.16,36.31,88.04,4.09,46.95
36.3,76.4,0.31,79.58,8.83,100.0
34.59,83.93,91.69,93.18,6.63,100.0
28.17,71.04,58.94,78.27,1.85,25.44
31.89,40.34,21.08,51.8,8.7,100.0
28.72,74.61,25.23,47.69,6.13,77.05
31.58,40.4,12.41,3.18,4.09,34.64
30.35,95.58,90.65,1.86,8.25,100.0
33.62,56.04,23.02,63.95,6.87,85.94
30.15,92.26,94.06,27.54,6.56,93.72
38.81,94.91,91.87,80.62,8.49,100.0
28.56,45.83,79.93,80.71,1.15,19.09
20.32,67.08,1.05,11.13,7.79,91.44
24.73,85.52,48.33,28.38,6.12,78.07
30.01,96.55,36.92,68.5,7.36,100.0
30.81,71.27,33.46,3.06,6.89,80.03
31.05,61.33,99.22,51.98,8.13,100.0
34.29,92.13,75.84,97.78,6.99,100.0
25.49,75.02,25.58,76.17,3.15,34.62
33.3,56.18,53.18,32.23,3.51,40.02
34.08,94.55,12.96,60.86,0.95,10.43
28.23,68.8,92.59,22.13,4.35,52.58
28.04,85.93,42.64,72.47,4.48,51.68
23.58,90.89,19.07,30.17,1.03,9.23
28.28,45.9,27.28,57.08,5.43,60.58
35.74,58.3,37.46,46.21,2.87,30.99
38.18,93.62,93.06,9.61,4.11,47.52
31.87,65.47,30.59,19.4,4.59,46.34
25.99,73.91,14.29,21.6,2.79,24.84
33.65,92.39,81.29,12.64,6.17,80.4
34.8,53.96,21.33,11.82,4.59,42.89
26.64,93.67,9.42,87.9,3.97,42.65
36.53,63.82,66.84,55.46,3.69,42.3
21.47,75.58,0.74,62.22,0.21,3.75
20.22,59.68,83.24,28.78,6.94,97.2
22.46,71.63,56.27,5.55,8.7,100.0
23.12,42.96,24.68,96.83,1.18,15.71
37.58,43.92,47.36,5.4,2.6,27.5
28.5,64.88,26.24,82.26,7.62,100.0
25.5,60.1,53.29,66.51,6.38,85.64
28.58,76.95,57.16,40.75,2.81,30.27
27.9,42.27,77.17,74.66,5.85,81.65
26.03,50.06,46.61,76.47,8.26,100.0
22.76,52.58,78.66,87.83,1.98,26.25
33.12,66.43,6.92,54.49,6.12,70.37
22.73,54.81,92.13,21.37,7.31,100.0
35.51,48.26,18.55,57.26,0.86,10.37
24.03,75.85,83.66,9.93,8.41,100.0
34.63,69.45,34.02,44.52,3.26,34.91
36.11,76.6,99.05,88.6,6.93,100.0
22.51,56.57,35.98,25.19,4.64,49.39
21.73,91.27,91.83,86.51,5.44,80.73
38.99,76.71,83.47,97.61,5.84,87.76
29.26,76.88,72.23,7.59,1.39,14.46
32.6,52.77,37.98,20.59,2.65,25.7
20.47,54.53,58.88,47.3,0.91,11.37
25.57,68.49,23.21,3.79,3.33,28.56
30.11,54.27,64.78,9.29,6.71,84.22
37.72,81.28,26.09,90.06,7.97,100.0
25.43,58.51,82.9,4.55,3.34,34.7
35.5,49.11,70.45,24.75,5.54,66.5
33.24,49.1,38.61,42.36,5.35,60.04
22.31,47.63,65.95,2.05,4.25,43.47
25.87,66.39,32.51,81.06,6.25,80.99
24.76,40.18,15.57,83.0,1.36,15.82
28.85,72.54,23.52,39.47,0.67,7.43
32.71,57.9,27.17,20.18,3.13,30.35
28.67,73.15,22.66,89.24,8.72,100.0
24.89,96.13,67.84,67.86,8.58,100.0
33.92,92.14,73.97,52.39,5.7,77.9
31.69,74.59,45.71,39.24,5.21,59.62
30.39,65.08,98.78,53.93,5.7,79.26
31.09,70.95,79.56,68.36,4.67,61.34
24.44,95.39,8.71,44.96,2.6,23.83
33.61,69.37,46.05,68.59,0.05,3.42
27.75,45.96,90.85,41.14,0.17,9.75
27.27,85.97,22.03,68.5,8.75,100.0
22.99,40.63,37.84,73.87,6.7,85.72
31.94,85.88,94.69,75.37,6.21,95.21
32.05,45.09,77.61,56.92,7.6,100.0
26.81,46.4,83.23,18.44,5.46,65.33
37.2,88.31,61.29,76.06,6.67,96.9
36.91,81.37,17.12,81.93,7.11,95.99
22.18,73.71,69.93,9.43,1.13,13.23
33.9,89.24,80.28,89.6,1.69,25.6
27.88,91.08,22.65,94.13,5.0,60.32
39.99,67.45,4.34,66.82,0.87,10.29
24.5,88.17,78.76,77.65,4.44,59.51
25.61,61.45,74.14,65.37,7.49,100.0
28.84,50.29,69.43,35.61,7.54,100.0
25.37,90.76,89.17,30.36,2.91,35.22
33.84,64.93,31.7,3.68,1.82,17.12
29.62,90.94,72.81,57.11,5.17,64.59
24.42,43.67,2.68,56.67,8.21,100.0
30.13,46.66,93.51,45.08,2.82,34.3
37.78,42.42,55.45,38.87,8.05,100.0
35.85,81.82,95.58,80.39,6.68,100.0
29.98,89.91,28.38,45.31,3.04,32.08
25.77,98.48,69.68,80.14,4.21,55.84
23.6,45.44,6.28,9.77,8.39,100.0
37.57,78.65,37.82,44.27,2.14,20.95
34.2,60.88,15.19,6.4,5.56,58.49
31.44,78.61,82.4,77.59,8.58,100.0
37.59,79.13,26.53,52.22,7.78,100.0
22.43,46.18,54.13,79.95,0.67,6.91
33.65,63.18,48.94,28.13,2.61,28.77
24.33,78.55,5.01,15.31,8.06,96.8
22.41,88.61,90.68,93.52,8.09,100.0
29.31,64.42,36.71,23.39,0.65,6.94
27.75,76.82,43.51,43.99,7.73,100.0
38.82,64.17,60.16,78.89,7.0,100.0
26.48,41.85,31.37,11.66,1.5,13.74
36.3,53.36,56.38,40.01,1.63,16.36
34.98,86.56,65.78,9.18,7.49,100.0
33.36,54.91,8.95,39.15,1.88,16.69
38.41,89.06,35.01,58.25,1.3,16.47
28.16,68.01,8.99,6.9,8.17,99.56
27.79,68.38,0.69,6.66,7.25,82.44
23.22,86.23,5.12,73.05,3.63,36.36
25.52,63.0,59.22,40.75,5.63,70.17
37.6,54.31,8.43,35.14,3.87,36.75
29.49,46.3,86.85,68.63,2.47,34.23
26.83,81.23,85.39,77.33,7.52,100.0
24.32,68.2,0.88,85.97,4.91,51.75
29.7,88.56,57.32,77.54,5.74,78.15
34.33,67.46,1.03,38.96,3.67,36.49
25.73,64.89,10.92,46.87,4.51,48.13
35.15,57.93,98.82,39.77,2.59,31.24
32.6,51.97,45.7,78.52,3.86,44.09
35.75,89.83,2.72,2.9,5.65,53.45
25.02,45.71,85.03,67.14,7.31,100.0
32.62,77.14,84.41,87.2,7.14,100.0
23.07,41.61,54.84,77.95,0.1,7.97
27.28,74.82,38.03,39.02,3.23,33.35
34.49,43.5,78.01,27.9,3.36,38.08
32.63,86.78,73.47,44.59,5.46,72.29
23.76,52.69,49.45,54.76,7.94,100.0
37.17,73.96,83.27,55.1,6.98,100.0
21.07,94.99,52.73,15.66,2.98,30.96
31.9,78.96,25.95,58.32,6.65,85.03
39.68,50.7,0.41,72.39,0.91,10.22
30.63,87.8,35.86,94.4,1.15,16.06
36.01,89.94,97.57,98.48,8.23,100.0
31.9,40.79,6.33,60.33,3.6,33.71
35.66,69.21,46.92,23.33,4.6,49.6
33.11,88.75,94.37,9.79,3.58,43.07
33.82,65.8,10.55,63.43,5.65,65.07
24.56,85.51,27.37,62.52,1.12,12.86
34.84,83.41,98.19,96.7,6.61,100.0
24.76,67.41,40.18,44.61,2.45,24.62
39.61,59.4,75.88,17.2,3.28,38.11
24.56,83.59,54.23,22.47,4.58,50.0
24.73,62.14,60.39,47.64,1.19,14.63
37.17,50.21,16.11,31.21,3.49,32.84
24.86,90.26,68.31,76.75,6.03,88.42
27.22,92.61,62.18,10.79,2.5,25.36
34.29,57.0,2.68,41.24,6.88,80.94
23.17,54.1,18.83,33.75,2.08,18.43
23.18,48.01,38.65,96.53,6.79,94.99
29.73,43.31,67.46,85.64,1.75,25.28
24.87,98.6,50.96,18.35,8.56,100.0
24.71,93.6,71.31,87.62,8.8,100.0
20.18,75.68,70.04,73.58,4.97,65.27
27.41,86.38,3.11,92.61,2.06,21.67
26.37,68.16,7.72,29.03,0.71,7.23
20.62,87.93,82.42,20.4,2.75,34.05
32.42,97.69,27.11,19.6,0.74,7.01
32.53,84.51,48.45,96.73,0.22,9.67
21.42,82.7,30.81,91.83,1.33,17.25
26.34,74.76,84.42,83.52,4.1,57.43
37.46,90.48,38.28,56.39,5.22,62.32
31.64,45.33,39.61,54.71,4.31,46.73
28.24,91.29,87.68,76.42,8.6,100.0
29.3,61.72,60.07,47.45,0.86,11.88
24.17,73.96,13.79,12.26,6.09,65.56
36.24,93.58,62.6,32.43,7.07,96.98
38.28,76.3,79.44,56.83,2.08,26.38
38.21,52.49,12.91,22.45,1.14,5.84
24.48,83.36,52.7,81.35,2.25,27.49
26.21,95.74,62.68,94.79,4.0,52.57
23.21,56.2,9.47,1.4,1.27,10.84
26.14,91.69,99.91,88.91,6.18,97.53
26.66,83.1,70.6,73.36,5.18,67.7
32.66,91.68,64.34,58.7,3.33,40.26
23.79,60.65,79.36,13.04,5.07,59.75
38.39,56.76,0.92,17.82,1.09,8.69
22.06,90.88,4.39,99.54,8.74,100.0
20.14,94.62,97.3,64.84,7.44,100.0
37.1,77.83,67.5,73.77,6.39,92.84
34.08,78.49,84.33,83.31,6.45,98.15
27.11,60.81,1.77,32.09,5.29,55.28
31.91,86.22,16.64,48.82,6.35,73.61
24.47,92.5,0.97,64.17,1.6,16.65
23.37,74.81,39.65,85.71,7.48,100.0
29.42,46.8,55.49,45.81,5.67,71.19
27.06,86.19,62.8,55.91,5.21,65.07
32.3,91.42,63.99,28.13,0.53,8.67
24.36,60.85,95.42,13.78,6.18,79.94
33.26,46.17,99.05,14.55,6.8,92.25
35.34,58.12,83.32,30.53,2.79,32.74
23.33,88.4,44.39,76.66,1.46,17.58
20.88,69.61,54.74,41.32,1.98,21.45
28.79,50.29,50.33,85.96,3.53,40.68
35.48,58.76,15.57,94.92,5.69,69.87
33.02,59.06,51.37,57.94,3.87,43.12
34.04,65.92,67.58,71.08,7.12,100.0
28.06,66.5,63.79,8.53,2.24,23.36
24.7,49.18,22.03,7.17,7.29,86.5
30.64,58.27,15.32,27.58,8.32,100.0
24.09,88.88,87.3,10.16,1.48,19.93
34.52,87.17,17.94,66.3,8.26,100.0
23.94,75.69,52.81,53.25,4.37,52.66
25.83,93.62,62.56,63.93,7.98,100.0
30.13,62.82,70.43,57.54,3.12,36.61
29.73,91.86,11.96,78.12,7.77,100.0
32.02,41.89,20.69,77.26,4.29,45.94
28.75,60.83,78.88,87.03,1.71,25.97
38.39,91.3,92.96,69.32,8.97,100.0
36.8,94.08,47.65,35.59,8.53,100.0
37.58,85.39,79.2,52.47,1.12,16.97
32.59,80.19,31.94,49.06,4.11,43.81
32.7,88.93,70.32,10.79,8.88,100.0
32.18,82.45,55.72,81.17,4.94,64.62
28.7,55.25,84.32,91.29,4.47,62.18
26.44,67.97,77.59,98.44,1.76,28.1
31.84,79.64,28.41,24.8,3.78,38.23
20.51,75.27,14.95,9.56,4.48,45.32
20.15,93.11,80.77,11.1,6.43,86.49
37.03,95.58,89.19,81.84,7.54,100.0
20.93,50.68,67.9,63.17,5.71,76.4
30.5,56.42,0.32,16.65,0.96,7.77
32.3,96.84,92.06,89.58,6.04,95.24
23.96,40.52,68.86,22.63,0.03,3.12
37.91,92.15,48.29,36.41,5.78,68.9
23.8,43.34,86.01,79.24,7.44,100.0
37.69,63.5,20.86,25.94,6.9,80.07
35.26,88.01,0.23,50.6,1.33,13.19
24.81,64.46,13.05,44.35,7.6,96.79
23.01,89.34,26.96,59.53,0.71,12.53
26.32,46.02,65.22,98.82,0.6,13.68
27.96,70.69,36.26,10.37,7.4,94.2
24.92,74.95,11.82,48.46,1.64,16.55
39.98,96.81,96.47,87.68,7.07,100.0
24.59,45.62,10.82,34.79,8.43,100.0
36.61,60.32,35.51,74.06,1.88,21.46
23.18,79.56,87.66,92.93,7.03,100.0
39.6,98.8,65.26,24.06,5.26,64.87
24.51,90.9,31.98,8.14,3.65,37.37
28.43,90.79,97.03,7.57,4.13,50.28
31.17,71.03,50.11,7.3,3.69,37.59
22.41,51.16,16.29,15.29,0.24,3.02
36.34,91.51,0.62,12.62,7.33,84.08
25.49,92.18,94.1,40.5,3.36,41.03
30.99,88.14,28.12,75.41,6.28,80.45
30.99,89.11,81.21,29.82,4.79,58.59
32.05,92.78,4.36,47.94,6.73,81.51
21.11,46.83,14.69,12.74,0.45,3.66
23.37,57.56,85.68,69.83,3.02,37.76
23.22,98.57,99.41,31.77,3.02,37.66
26.04,72.69,5.19,13.52,5.37,53.25
22.9,50.59,16.76,95.47,1.87,18.16
38.44,70.18,72.29,76.96,4.79,62.39
30.26,93.1,75.52,94.23,8.82,100.0
32.47,89.69,40.6,72.3,0.39,7.24
27.15,88.73,19.45,42.55,4.53,50.52
25.52,60.4,7.6,16.23,0.99,7.02
30.06,67.21,17.23,50.0,5.24,56.26
25.89,41.23,26.52,82.53,2.17,24.3
26.87,93.29,32.43,96.38,8.12,100.0
29.06,61.68,6.15,13.11,0.48,1.59
30.11,77.49,53.62,37.64,8.62,100.0
39.69,98.69,76.92,71.61,4.72,62.63
24.47,77.53,60.78,69.71,7.49,100.0
29.76,73.8,36.79,24.75,2.36,23.48
22.99,82.94,11.64,43.55,1.81,17.74
27.0,78.33,21.6,62.87,2.23,21.85
34.35,45.42,50.97,40.23,2.74,30.1
23.49,48.27,1.69,19.33,1.39,9.86
31.63,98.66,64.36,92.04,7.21,100.0
28.33,98.29,82.91,83.0,8.11,100.0
21.03,97.39,59.37,54.08,4.72,55.96
38.66,79.77,75.25,74.84,7.1,100.0
28.27,89.72,78.77,74.14,5.83,84.24
35.68,94.65,73.84,80.23,8.61,100.0
28.33,86.16,97.17,82.55,6.91,100.0
38.75,79.61,53.16,78.59,4.16,50.41
25.81,71.68,26.68,81.72,5.31,62.63
28.24,59.23,51.23,15.49,0.06,2.76
35.18,78.24,0.52,61.46,7.94,100.0
26.87,52.76,44.24,36.74,7.48,99.05
27.29,80.54,52.36,64.4,3.77,43.55
39.9,74.42,74.9,58.01,7.9,100.0
31.11,97.44,75.78,5.42,1.66,20.19
33.79,82.71,61.57,53.35,2.54,30.65
32.87,76.44,42.17,74.43,1.41,17.03
36.56,89.75,31.02,26.28,5.82,66.78
37.24,53.18,82.75,65.45,3.95,50.65
31.27,77.96,50.71,84.09,0.92,13.44
25.89,97.63,98.83,77.26,8.48,100.0
20.46,95.58,94.03,92.76,8.81,100.0
32.29,41.47,21.84,88.76,4.41,48.32
36.51,65.66,36.05,12.64,2.35,22.66
29.01,79.1,69.89,26.92,1.45,18.23
23.29,78.93,60.87,75.58,6.33,87.35
25.76,87.01,72.16,90.66,7.86,100.0
30.2,96.87,89.35,77.03,7.13,100.0
36.73,90.98,45.32,62.91,3.44,39.4
23.44,77.53,59.36,53.53,3.59,40.45
32.24,62.03,32.12,45.19,1.68,18.09
35.07,99.42,54.05,7.82,2.58,27.55
38.72,94.77,67.7,59.11,7.13,100.0
22.33,42.04,23.62,15.66,2.66,25.16
38.53,71.82,27.96,99.58,4.32,51.41
32.03,43.92,35.62,7.85,6.86,81.51
35.33,68.06,8.28,0.06,0.3,1.75
21.08,66.49,27.04,78.73,8.61,100.0
30.12,90.33,80.83,86.95,8.13,100.0
32.45,56.38,14.95,40.51,6.84,79.7
26.14,74.13,80.93,92.75,8.29,100.0
28.63,48.7,88.6,78.79,7.89,100.0
31.09,98.71,91.47,79.77,8.57,100.0
31.05,69.47,82.16,25.1,5.0,59.58
20.84,94.23,86.12,72.19,6.21,93.93
28.79,90.45,9.78,48.64,4.79,50.09
24.28,71.56,54.42,39.91,2.39,26.6
38.33,81.79,65.26,94.49,7.2,100.0
39.53,65.25,73.28,80.29,4.29,56.91
25.99,87.17,22.29,34.48,5.47,62.45
23.5,43.51,93.09,79.9,2.44,33.73
24.39,75.82,81.44,94.96,7.17,100.0
29.56,70.05,57.78,59.94,1.34,17.35
37.49,75.29,86.59,81.01,6.12,90.09
30.0,73.86,52.34,32.64,1.29,12.74
21.11,43.37,75.36,60.86,6.98,100.0
20.8,54.99,74.9,12.45,1.75,21.09
24.55,85.32,79.0,85.65,5.82,85.67
36.86,64.74,81.1,74.34,5.23,72.21
32.43,73.63,39.25,28.7,3.83,38.58
31.26,96.69,36.36,58.02,5.81,73.85
26.38,42.78,80.35,90.22,7.62,100.0
38.59,48.43,2.62,1.11,1.48,9.97
26.62,61.68,60.77,36.33,6.09,74.0
36.7,46.39,41.19,79.89,3.69,40.02
37.92,97.05,20.16,0.12,6.07,69.25
29.67,87.01,68.51,80.55,5.34,74.97
37.89,58.69,96.96,21.58,5.88,75.26
25.54,96.8,29.09,69.42,1.44,13.9
33.17,83.34,32.27,26.53,2.53,26.92
21.76,98.85,13.08,2.03,4.95,48.23
29.48,96.54,99.5,88.92,6.12,96.43
24.35,87.9,93.47,97.55,7.9,100.0
21.26,75.97,68.71,31.36,6.42,83.48
20.07,87.9,13.51,70.34,6.86,90.19
26.5,59.16,24.73,49.59,1.08,12.17
31.79,61.23,6.19,3.49,6.35,64.57
29.1,77.74,4.15,65.03,3.3,31.17
26.04,58.33,20.97,35.02,3.16,32.54
39.82,47.09,90.59,22.2,4.72,56.28
38.79,54.99,76.39,86.29,5.15,67.42
22.51,54.11,14.76,1.3,1.25,8.97
28.3,77.15,98.56,80.74,6.91,100.0
32.98,53.88,15.9,0.47,0.12,3.2
34.67,51.73,46.6,44.15,3.66,39.36
27.33,51.65,76.86,79.37,2.4,34.06
34.93,79.03,61.58,63.57,0.44,10.35
22.48,46.5,34.99,0.28,3.05,24.18
26.64,80.07,26.48,12.63,6.46,76.0
34.33,64.04,11.81,35.24,4.71,46.42
32.51,91.07,84.69,81.79,8.32,100.0
36.74,62.9,49.41,93.21,4.27,53.3
20.94,90.76,98.31,82.2,2.81,40.47
23.49,70.29,80.58,59.82,4.92,63.47
20.97,93.6,59.01,53.96,5.31,66.09
23.84,56.12,52.5,9.29,7.34,93.41
20.09,42.55,2.29,74.58,7.1,89.09
30.08,73.74,32.97,8.65,2.1,19.65
30.57,53.46,42.29,9.14,3.91,39.15
33.16,67.55,49.43,25.51,4.97,53.73
27.7,88.14,23.35,92.26,7.22,100.0
20.06,87.49,3.41,74.99,1.77,17.92
33.48,76.02,29.38,7.67,1.19,10.65
21.09,98.67,83.64,91.89,8.38,100.0
37.32,67.83,80.79,78.34,1.31,20.15
20.45,42.36,18.08,60.36,8.9,100.0
30.61,89.17,64.63,12.7,5.39,61.58
37.9,53.28,92.36,32.01,4.49,53.74
31.45,50.57,17.21,30.07,1.7,16.47
32.17,57.96,6.43,21.55,1.13,9.25
33.63,59.67,2.21,58.79,1.55,14.4
22.45,59.57,17.24,27.72,3.61,33.89
33.5,58.17,81.4,31.11,0.43,9.72
37.61,66.36,26.45,36.42,3.01,28.79
39.48,85.09,54.05,84.54,6.57,93.95
28.86,72.38,26.85,60.05,3.73,39.2
26.89,45.64,80.68,72.57,5.41,72.5
35.07,49.02,19.5,99.57,6.51,85.4
30.86,52.83,4.46,16.12,0.63,5.79
25.15,45.89,8.92,44.16,5.91,66.41
23.44,92.34,96.47,81.78,7.05,100.0
23.4,77.47,71.48,86.07,7.36,100.0
29.18,86.83,62.46,76.85,1.86,23.78
23.4,53.06,72.75,1.28,5.32,61.26
20.39,45.71,0.78,18.93,1.06,9.05
21.04,78.75,38.48,10.71,7.14,90.88
38.6,91.58,81.41,3.18,0.46,8.91
21.46,82.38,56.81,51.31,3.9,45.14
21.46,85.01,51.31,26.74,7.67,100.0
29.02,85.12,12.21,72.2,7.66,100.0
24.9,54.35,97.85,66.61,5.73,82.05
39.25,77.27,39.5,52.36,0.98,15.4
38.22,80.51,31.9,5.97,3.64,34.49
28.09,56.47,12.0,30.53,8.65,100.0
28.97,67.11,1.26,2.71,0.96,6.52
27.5,91.69,80.04,72.19,4.23,58.26
20.76,86.41,61.24,30.86,3.76,40.67
25.86,40.04,23.42,9.49,6.7,76.88
22.45,70.06,16.2,0.25,0.49,3.79
22.05,51.06,52.8,61.15,0.09,5.29
31.22,78.81,43.54,62.1,2.71,28.11
21.98,80.82,30.37,99.49,7.83,100.0
22.06,70.07,21.82,28.86,6.12,71.05
29.61,72.52,85.93,4.65,5.51,64.6
28.85,89.59,86.52,81.28,8.01,100.0
22.75,83.21,77.73,60.4,4.91,62.3
20.09,86.58,74.77,68.04,6.5,96.21
23.86,47.9,86.55,90.77,0.99,18.15
24.72,86.29,2.69,57.54,1.54,13.14
36.0,66.37,48.44,30.79,3.55,37.57
38.31,93.07,49.91,95.06,8.64,100.0
28.12,55.61,55.67,26.53,6.33,79.96
28.1,70.37,53.99,2.15,1.01,8.56
34.25,78.14,23.4,34.09,3.07,28.42
32.54,94.75,78.22,4.41,6.89,92.31
23.68,80.52,73.23,40.77,6.63,92.63
22.15,77.37,9.58,83.11,4.96,56.29
28.75,83.96,56.28,97.52,3.54,45.5
31.3,57.06,95.7,70.03,0.99,18.86
22.77,76.23,87.12,92.61,5.58,79.18
25.87,88.06,62.59,40.85,1.15,14.85
26.12,45.42,19.87,30.27,5.31,56.1
25.23,97.53,34.72,15.42,4.86,54.19
29.22,93.51,15.04,50.09,5.37,57.63
33.06,97.78,82.19,32.69,7.44,100.0
30.19,88.5,77.87,10.75,3.7,39.07
24.03,57.66,91.04,93.19,3.93,54.53
22.06,96.6,68.22,96.55,6.6,100.0
36.44,47.21,96.47,73.97,2.59,37.35
29.59,85.25,96.64,6.81,0.73,12.34
21.24,49.22,67.44,52.71,1.28,16.92
25.16,92.01,88.17,67.48,3.84,55.28
36.08,54.43,43.84,23.45,3.66,37.02
35.03,49.62,31.34,7.56,8.42,100.0
37.52,97.74,99.43,81.38,8.66,100.0
32.04,97.57,91.49,75.62,6.68,100.0
28.46,51.17,4.2,31.2,6.76,77.23
28.53,51.86,69.16,37.62,0.2,8.28
23.88,50.18,33.66,4.56,5.86,64.34
33.02,58.35,5.41,29.58,6.73,77.72
31.7,96.47,11.22,88.26,5.66,67.26
23.1,69.2,66.53,17.13,2.59,27.86
37.71,55.65,93.87,46.81,0.93,17.73
27.37,87.87,67.06,52.18,5.92,78.66
20.99,64.88,34.88,43.31,3.18,32.05
26.56,61.9,97.36,8.11,6.58,90.17
37.4,46.6,70.83,59.18,1.68,20.78
38.34,41.62,72.3,62.73,3.88,45.47
29.81,46.18,61.59,19.74,6.39,78.01
39.13,59.11,97.77,3.08,0.91,17.75
37.5,85.05,29.98,84.44,8.62,100.0
36.5,44.02,78.3,44.01,8.6,100.0
37.19,96.62,72.03,88.65,7.89,100.0
27.64,77.23,15.54,57.8,1.77,18.53
35.13,84.11,46.05,64.18,5.23,66.37
31.55,51.04,82.94,8.02,4.06,45.43
34.39,87.66,86.36,28.71,3.97,46.37
23.56,91.89,92.19,32.68,6.19,87.5
34.63,98.59,74.49,57.49,4.23,53.41
39.15,88.51,52.76,40.33,1.66,19.62
26.05,47.43,93.87,10.7,2.35,25.85
39.72,96.83,20.96,63.53,3.7,38.5
27.57,88.9,7.73,72.88,4.67,49.21
23.99,59.16,7.19,13.12,0.85,5.68
22.25,49.91,58.22,6.34,0.87,10.34
35.7,96.18,68.0,10.32,7.24,97.51
31.1,49.34,81.54,94.46,2.8,40.99
26.14,86.63,2.68,18.94,6.54,73.99
32.17,64.32,80.2,30.75,2.32,28.88
26.64,83.43,60.01,68.75,3.47,42.13
28.97,45.51,95.29,79.18,3.99,51.17
37.25,83.5,34.79,91.1,6.76,95.78
33.36,70.71,61.7,39.52,1.5,18.2
35.25,94.02,76.65,99.23,3.12,44.21
31.67,94.96,70.59,99.74,7.3,100.0
39.83,46.56,15.59,82.65,5.92,67.11
24.83,51.77,4.98,27.21,0.68,5.4
25.25,44.71,11.14,93.71,0.85,9.47
21.85,98.81,49.49,86.92,6.47,92.97
31.08,47.37,63.96,76.23,3.3,41.08
32.27,52.05,57.05,60.37,1.49,22.14
34.52,88.58,71.29,21.45,2.37,27.77
26.71,54.81,3.9,46.19,5.38,54.79
20.25,53.34,13.63,3.48,8.58,100.0
32.64,80.34,76.11,70.94,6.59,98.64
39.97,63.93,78.12,11.59,7.17,98.76
25.89,90.13,70.23,25.83,5.48,65.84
23.68,78.3,74.54,24.5,3.34,37.82
25.64,57.29,96.34,78.79,8.66,100.0
28.51,75.88,94.42,40.06,0.73,11.52
25.02,91.99,64.45,53.45,7.28,100.0
26.94,61.87,31.93,20.86,2.32,22.4
32.76,84.19,1.41,33.41,5.47,56.56
26.9,64.95,63.16,51.19,8.84,100.0
27.92,72.58,43.13,19.42,7.58,100.0
20.8,84.02,14.7,68.98,7.65,100.0
38.36,43.63,21.53,44.93,7.41,94.77
28.14,67.3,93.65,98.37,4.08,56.72
26.56,45.71,6.62,24.65,3.54,35.49
21.73,83.5,78.75,39.61,4.67,55.65
32.68,76.47,90.2,92.47,2.57,37.88
37.28,59.62,68.83,88.6,4.3,55.49
20.82,44.58,6.13,48.42,1.14,10.35
22.91,95.55,84.59,12.36,8.03,100.0
22.93,58.9,65.33,40.88,6.62,89.92
32.05,56.52,27.7,58.73,0.56,10.23
38.42,51.9,0.9,20.03,0.12,0.55
28.76,74.64,13.65,19.11,6.83,80.23
26.88,81.62,27.57,57.04,2.41,26.27
35.32,90.57,90.3,17.6,2.96,38.81
34.85,61.29,13.15,13.37,0.46,5.23
24.94,40.23,95.21,7.42,2.48,26.64
23.22,57.17,19.04,27.91,1.26,13.76
27.16,53.91,85.76,53.79,7.88,100.0
35.51,89.59,66.79,80.9,5.45,73.13
33.9,77.16,8.84,75.15,2.57,27.79
33.32,94.76,71.6,81.3,8.47,100.0
36.59,93.98,91.04,22.74,3.59,43.14
25.54,74.4,35.14,10.69,0.05,5.46
26.79,52.55,79.34,72.91,7.05,100.0
20.85,98.75,22.46,16.87,3.88,37.4
37.37,72.79,3.04,71.46,4.81,50.74
31.65,49.93,20.79,85.95,6.68,83.13
25.96,71.03,48.4,41.17,6.41,82.59
21.39,97.56,5.78,66.1,2.83,28.24
34.47,65.45,16.0,89.52,7.04,92.44
34.97,65.52,95.04,75.31,5.77,84.68
33.32,67.67,49.38,13.08,1.96,20.28
24.08,56.81,82.31,29.25,0.26,8.3
38.26,49.71,20.66,53.56,6.81,85.33
35.06,74.74,8.85,26.43,1.49,13.32
33.16,93.65,78.05,50.59,1.01,15.79
33.02,84.14,34.88,95.28,3.78,46.06
38.09,45.77,45.98,45.32,8.3,100.0
38.57,64.05,99.21,26.17,6.46,95.13
31.91,40.32,31.65,14.66,7.18,88.33
28.33,58.48,47.31,90.11,2.43,28.89
27.27,78.83,66.66,87.42,6.5,93.97
36.38,57.41,8.91,19.36,3.74,32.65
32.89,89.63,48.71,55.47,5.62,67.63
21.55,68.64,45.17,46.17,5.13,59.98
22.84,80.15,17.5,38.57,5.46,59.22
38.0,93.03,43.05,57.87,8.24,100.0
37.69,80.97,46.07,56.94,8.54,100.0
39.04,93.84,64.07,6.84,0.16,4.94
28.56,88.48,93.71,41.49,2.09,28.59
35.68,74.02,76.51,72.1,5.53,75.5
36.56,57.83,38.25,38.17,0.03,4.14
26.31,67.37,45.65,41.18,2.69,30.76
22.91,92.52,79.08,23.54,1.77,23.24
39.94,43.23,2.8,49.64,4.71,47.82
20.6,84.4,99.32,92.18,8.24,100.0
31.95,59.62,21.8,54.79,1.7,14.57
33.0,84.33,8.35,3.91,4.83,44.79
33.64,59.8,48.54,51.37,3.57,37.19
25.11,97.2,34.07,96.64,8.92,100.0
34.43,42.19,97.29,40.67,0.59,12.67
24.33,61.2,47.27,11.62,7.57,100.0
36.58,92.05,21.22,2.13,9.0,100.0
24.38,56.44,97.07,41.23,4.87,61.77
33.93,56.54,51.39,18.53,6.13,75.95
35.67,93.93,7.31,83.47,1.15,14.35
23.78,89.83,8.09,95.23,3.16,33.81
24.76,46.35,67.53,94.05,1.63,24.1
35.58,74.81,49.48,37.45,5.25,63.19
21.72,53.4,62.42,45.48,8.48,100.0
23.82,52.91,84.97,31.51,0.27,7.65
29.11,76.92,68.14,12.91,4.45,47.71
38.6,47.43,86.18,55.9,6.51,93.38
31.24,68.19,74.27,18.62,3.88,42.5
27.75,89.72,80.47,85.6,7.92,100.0
39.57,91.24,13.47,84.94,4.08,43.78
29.27,73.27,48.28,79.85,5.38,67.83
28.67,52.91,43.31,92.63,0.62,13.15
28.23,98.0,60.99,80.55,6.09,89.12
26.24,89.37,39.11,87.07,4.61,54.65
26.51,88.04,64.33,70.05,6.61,95.19
33.76,97.66,39.25,7.28,4.81,50.2
20.82,56.06,55.76,45.78,4.17,47.6
33.64,57.56,39.49,55.38,5.34,62.78
24.02,63.16,90.18,43.21,5.07,63.88
27.68,49.89,37.34,78.54,3.64,41.76
22.93,81.22,73.09,35.18,7.03,98.8
31.06,73.44,61.37,92.11,3.22,40.79
34.59,93.67,38.55,7.42,4.27,42.29
27.09,54.45,80.76,72.04,3.84,50.97
23.27,53.48,10.11,16.6,1.32,12.17
24.53,61.52,76.05,55.32,7.2,100.0
36.36,48.77,94.86,87.87,6.39,100.0
25.35,96.77,43.63,69.18,0.38,10.12
35.49,82.63,70.59,91.87,7.34,100.0
26.62,80.56,90.5,96.03,8.92,100.0
23.77,84.88,76.24,65.66,6.56,96.05
34.55,99.67,86.51,99.74,6.07,93.23
29.37,48.44,73.01,40.92,5.57,68.82
20.63,80.1,84.63,70.97,4.32,60.57
39.2,89.74,55.24,29.3,0.65,9.48
22.96,63.18,13.97,17.69,0.94,10.69
27.07,40.57,66.43,94.03,4.73,61.88
27.7,79.6,32.48,68.49,7.93,100.0
29.79,52.0,73.97,36.69,4.62,52.89
35.71,72.57,50.51,39.65,8.86,100.0
20.12,40.89,35.32,3.82,3.32,30.33
38.65,70.53,14.72,33.83,0.0,1.97
32.92,63.62,25.55,78.44,5.66,69.13
39.01,71.89,80.33,56.15,5.89,80.25
36.35,83.31,36.98,47.67,2.19,22.59
38.56,42.16,3.32,9.11,0.16,2.84
32.02,87.37,32.97,91.9,4.78,60.36
27.15,87.47,36.64,28.31,2.23,22.76
28.86,79.8,23.43,38.29,8.95,100.0
33.16,95.76,28.63,33.07,7.52,99.11
28.54,88.2,70.49,32.87,6.49,88.0
34.63,53.13,74.63,59.93,3.19,38.8
21.84,62.89,95.89,62.7,0.64,13.78
36.6,61.0,11.81,59.86,6.02,70.39
24.08,70.29,31.17,6.85,0.2,4.54
38.88,97.22,7.7,96.95,3.97,43.17
23.11,76.94,61.33,71.4,0.47,9.74
22.58,58.78,1.64,88.27,5.04,52.82
36.24,84.81,49.53,62.95,4.71,57.13
36.37,82.02,58.7,93.21,4.78,60.84
34.78,67.73,21.95,56.21,3.78,37.57
39.21,94.39,54.44,50.07,2.05,24.74
25.41,70.05,34.06,27.53,3.68,37.07
36.53,70.97,83.89,25.32,3.75,43.78
27.04,68.75,39.29,83.87,6.32,86.29
30.75,40.44,9.11,8.5,1.28,9.79
28.91,94.72,78.91,87.89,8.98,100.0
20.12,95.11,89.87,87.99,7.79,100.0
31.49,79.61,4.19,77.56,1.15,11.22
34.95,93.2,45.22,38.24,5.39,65.19
23.49,92.76,96.33,76.47,8.33,100.0
38.63,52.59,0.72,29.22,3.68,31.03
30.61,96.88,67.94,83.61,0.55,12.67
23.56,86.64,81.62,42.47,4.18,50.62
32.92,60.76,14.79,23.42,2.73,25.94
23.84,80.84,22.58,42.51,3.67,37.13
21.27,68.17,98.4,79.96,3.48,49.58
33.71,80.43,26.88,61.49,6.93,90.18
22.21,73.66,73.08,13.67,6.87,91.32
22.12,86.57,16.21,12.4,3.24,30.31
34.8,43.25,93.21,68.72,8.77,100.0
21.1,89.14,0.04,23.95,1.13,7.93
36.2,43.48,29.47,20.87,7.69,98.06
35.92,92.86,97.64,74.95,8.81,100.0
22.83,42.6,67.07,32.27,5.16,58.4
30.37,79.56,36.72,39.77,2.94,30.07
21.93,50.81,79.14,42.48,8.29,100.0
32.65,77.05,52.86,65.64,5.3,65.44
21.26,64.11,48.73,60.15,1.55,18.14
38.89,79.33,15.6,5.85,8.02,99.47
24.15,80.03,84.16,86.68,6.63,100.0
33.66,71.47,94.31,35.96,4.49,55.66
22.57,71.95,16.11,44.89,5.14,55.89
24.19,59.16,31.19,4.17,8.16,100.0
29.02,86.89,55.53,82.5,5.16,65.0
31.46,60.68,7.03,26.37,0.18,4.2
39.98,58.07,52.2,12.59,1.53,19.37
20.52,45.82,39.67,95.92,5.55,70.24
20.01,81.22,33.68,46.84,3.41,36.89
27.01,75.2,14.52,36.04,2.93,29.06
27.32,47.56,3.77,68.1,1.91,17.27
37.68,46.04,2.46,63.53,0.63,8.38
38.25,89.55,17.85,16.72,2.36,21.01
37.61,47.1,74.36,38.82,6.13,81.84
22.86,76.48,1.48,98.06,2.5,27.92
28.24,61.12,30.45,12.77,6.55,78.29
34.92,93.78,56.48,57.52,7.88,100.0
26.25,83.99,55.18,76.34,5.22,67.76
33.26,43.57,67.79,16.75,7.25,95.69
24.74,93.73,98.84,53.52,5.16,69.01
26.47,64.83,27.56,91.75,8.52,100.0
37.21,57.89,0.01,11.57,6.87,76.67
25.01,80.37,3.82,18.97,2.9,24.72
39.29,86.45,84.31,98.72,7.16,100.0
26.13,58.2,97.52,75.1,6.05,90.89
20.47,61.1,57.0,57.73,6.76,91.69
25.1,49.38,79.94,50.35,2.87,34.72
23.42,75.61,98.51,79.21,4.59,63.36
30.14,97.41,84.43,97.83,7.92,100.0
22.25,76.46,36.17,40.15,2.82,30.05
32.52,75.86,82.4,86.42,7.19,100.0
37.5,50.58,43.38,37.01,4.38,47.96
27.25,87.77,11.4,14.6,2.98,25.43
23.37,95.69,54.81,25.65,6.46,81.87
28.0,81.28,91.57,39.93,0.35,8.37
35.72,46.56,78.45,89.92,8.58,100.0
31.83,59.59,40.19,47.84,4.94,53.42
22.02,45.14,85.49,61.43,2.44,32.58
30.74,93.65,78.08,81.02,8.92,100.0
29.36,99.89,68.46,6.4,5.05,56.3
26.54,62.49,33.31,93.83,5.28,61.63
22.2,49.78,19.47,83.83,6.26,77.25
39.62,81.46,33.36,51.86,3.12,33.94
23.52,74.25,87.52,20.04,4.64,56.52
23.85,86.28,74.99,80.83,6.18,91.55
22.91,53.79,26.39,97.53,1.75,19.04
31.4,85.04,16.54,0.57,2.26,20.24
28.87,45.28,7.11,23.76,3.37,30.13
24.99,75.14,53.9,53.38,4.97,60.04
28.59,65.54,52.8,93.79,1.06,15.12
33.47,47.63,55.61,11.71,5.79,67.48
25.63,78.06,4.52,77.39,0.34,6.93
38.3,80.38,8.11,33.18,0.39,2.45
26.13,66.4,91.46,67.97,2.46,32.84
23.96,87.88,57.67,9.66,3.21,31.45
39.09,70.56,21.92,86.48,1.71,18.12
36.21,57.15,20.75,70.72,7.98,100.0
26.86,86.35,62.87,53.32,4.39,50.91
36.83,96.64,6.38,50.24,4.22,44.23
30.38,64.3,59.4,52.37,3.24,39.08
26.94,96.76,72.0,54.04,2.29,28.83
36.79,85.59,96.3,88.54,8.02,100.0
35.04,95.51,68.22,87.43,7.31,100.0
25.96,71.16,53.74,81.42,2.44,32.4
32.13,42.1,32.01,41.22,0.52,8.26
27.39,75.33,47.88,60.0,7.12,96.91
20.02,92.92,62.95,52.4,4.95,57.45
39.24,91.43,52.29,71.28,5.0,60.51
30.99,79.54,74.93,82.17,7.05,100.0
31.97,53.65,26.39,61.99,0.35,4.0
32.0,72.46,18.69,52.08,7.66,100.0
31.01,88.15,7.27,61.4,7.77,100.0
25.8,52.92,68.42,44.42,7.84,100.0
39.43,92.24,77.53,96.41,8.12,100.0
32.43,61.28,77.04,81.05,8.79,100.0
33.42,84.87,13.27,51.71,5.95,68.87
29.1,82.12,60.34,14.66,5.34,61.18
25.76,81.93,1.3,37.35,6.5,76.2
21.29,62.67,23.38,83.99,6.8,91.01
27.0,75.96,60.96,91.67,3.75,48.09
23.52,79.07,5.6,26.71,5.26,52.78
33.24,80.85,37.72,94.11,5.27,68.84
37.58,74.52,56.17,27.67,0.07,3.98
26.06,97.0,97.56,80.79,8.65,100.0
26.66,54.93,70.57,93.54,4.24,55.28
33.41,43.35,14.82,50.48,5.03,51.11
22.99,97.75,7.52,95.06,6.36,82.95
38.59,43.64,37.64,54.93,6.77,87.59
27.28,83.09,50.63,89.17,5.18,68.18
22.02,76.74,30.57,81.02,2.56,24.95
23.49,95.12,34.25,10.85,5.57,61.46
38.65,73.9,39.72,21.67,2.34,25.5
24.94,86.5,97.95,86.46,8.4,100.0
33.25,83.28,0.93,62.21,3.81,37.04
23.12,71.51,29.8,70.89,8.05,100.0
23.88,95.09,89.79,94.74,7.66,100.0
37.58,40.17,23.62,89.99,6.35,82.02
22.96,83.43,42.43,29.19,2.96,29.91
20.38,97.11,25.13,68.2,1.15,13.69
30.02,79.23,53.01,58.46,5.72,74.19
37.25,85.11,85.18,27.55,1.91,22.39
26.52,70.51,38.29,72.53,2.63,28.54
22.56,88.82,87.27,80.27,7.7,100.0
39.64,72.8,54.91,62.87,2.88,32.73
33.53,42.82,65.72,22.61,3.5,37.83
37.01,74.92,94.53,10.27,3.57,43.07
35.04,82.51,66.23,92.76,6.8,100.0
33.96,44.59,69.43,46.62,3.31,38.73
27.69,52.85,16.1,90.67,3.54,40.06
26.49,61.12,22.95,6.6,1.29,14.67
34.34,46.5,11.88,69.97,4.33,44.56
34.33,82.92,77.59,84.29,6.4,96.13
39.01,77.5,91.68,95.07,5.29,79.0
31.37,46.05,0.38,3.49,0.32,1.0
25.89,57.21,87.6,69.74,3.0,41.62
29.79,48.23,53.93,95.04,5.58,73.42
32.27,87.86,15.12,78.81,5.62,66.07
28.53,71.98,85.59,82.76,1.62,23.29
35.82,40.17,53.69,29.92,3.05,30.66
31.69,72.57,44.82,45.18,4.12,47.31
20.19,66.36,55.76,62.04,3.22,38.18
31.4,78.58,14.74,37.64,6.17,70.98
32.67,42.09,11.27,0.84,6.66,74.9
38.31,42.13,66.16,77.88,0.37,10.31
28.27,60.96,88.04,95.3,6.71,100.0
31.49,81.31,69.45,70.08,7.91,100.0
29.5,79.99,84.08,81.03,8.23,100.0
30.63,56.7,84.48,51.35,0.5,10.15
21.35,77.51,56.86,87.4,4.61,57.55
37.95,80.99,77.1,72.08,1.47,21.08
38.21,41.63,77.21,29.93,3.05,34.17
30.96,73.41,35.0,45.95,3.43,37.29
31.13,65.45,40.98,90.07,2.69,31.91
21.15,89.52,84.19,72.44,5.1,72.15
31.96,71.22,98.66,28.94,1.52,22.2
28.58,53.03,98.78,3.17,5.93,74.03
34.18,77.95,56.43,79.43,4.98,63.41
20.94,48.94,78.96,21.52,5.52,67.44
34.22,64.34,46.61,63.94,4.69,56.8
25.74,70.63,86.6,36.66,1.99,26.67
33.03,41.9,64.97,78.77,5.28,68.16
32.54,76.64,93.66,88.99,5.88,92.54
24.54,85.02,99.72,23.57,0.47,11.99
28.81,97.36,33.02,79.23,8.89,100.0
36.71,52.19,97.93,15.28,5.22,66.03
32.11,52.52,69.25,14.09,5.74,69.99
21.37,58.29,23.81,42.84,5.13,54.97
28.86,93.45,0.31,32.45,6.22,69.16
26.24,78.67,66.25,95.66,6.58,96.52
32.83,58.11,22.24,80.4,7.19,93.72
32.29,84.47,23.14,89.02,1.45,17.19
20.21,42.28,55.22,13.6,1.47,14.77
32.15,72.93,3.09,71.4,1.98,19.1
34.7,67.01,41.64,60.43,8.67,100.0
35.37,77.49,79.94,9.92,3.21,34.7
21.18,83.87,2.73,79.37,2.85,26.0
26.07,59.5,62.39,85.38,2.06,25.19
28.43,63.97,27.08,27.65,3.67,34.59
23.6,71.46,86.28,93.98,8.15,100.0
28.41,48.04,39.07,10.78,6.07,68.61
21.42,92.9,81.21,88.22,1.69,28.13
22.26,85.28,72.38,94.54,7.54,100.0
33.37,66.66,46.97,41.8,3.75,41.9
25.25,92.12,95.68,84.66,8.25,100.0
34.23,54.69,48.61,40.08,5.34,60.04
20.96,65.83,3.74,9.01,6.05,66.29
31.25,63.21,53.38,0.42,6.62,79.62
27.83,42.15,52.2,92.01,7.73,100.0
35.94,64.63,60.64,97.23,5.93,80.58
35.68,60.73,13.1,91.93,4.78,52.55
27.51,40.24,54.0,25.4,1.64,17.44
32.45,90.83,45.4,62.11,3.37,38.37
24.55,48.63,59.6,49.97,0.76,9.73
31.61,70.06,66.06,49.6,6.56,90.66
21.63,87.08,36.14,42.83,8.93,100.0
28.69,76.27,50.41,94.12,0.86,17.57
23.65,50.16,39.51,79.09,3.96,47.72
37.67,77.09,76.55,84.69,6.3,96.08
28.9,85.46,79.64,3.46,0.27,9.8
31.82,91.29,29.29,41.2,3.96,44.48
27.21,63.94,45.18,63.56,3.99,44.13
25.77,42.04,67.83,65.87,2.64,32.59
24.06,76.48,77.4,89.49,5.94,85.53
38.24,53.55,1.09,16.7,5.47,54.4
35.99,86.85,42.74,9.0,6.3,74.83
22.67,92.78,71.39,81.96,6.88,100.0
34.93,86.39,76.65,50.66,1.52,20.44
28.37,98.05,14.35,53.92,0.15,0.25
20.31,75.07,77.82,89.0,4.32,55.41
30.57,94.26,66.14,74.98,1.68,24.58
22.6,78.51,84.29,73.08,5.86,83.7
24.2,50.9,99.02,18.6,4.94,61.15
33.92,87.96,47.66,62.14,7.5,100.0
25.14,81.62,69.94,45.01,7.22,100.0
37.84,62.64,53.78,42.28,2.29,23.35
33.14,54.61,84.46,57.57,2.67,33.08
36.65,59.99,51.81,2.63,0.74,7.46
32.3,81.47,31.49,54.08,2.68,28.27
37.38,43.77,97.94,45.78,4.47,56.99
27.23,77.99,5.68,50.02,3.03,29.07
30.98,72.13,96.24,9.95,6.33,85.03
30.32,50.13,25.54,89.85,2.47,28.5
38.08,49.91,49.25,33.43,4.3,47.82
23.3,88.61,95.07,48.94,3.92,49.73
31.56,40.93,67.67,66.37,2.43,27.13
35.09,84.81,58.56,71.91,7.11,100.0
27.4,83.96,32.59,37.8,6.37,78.62
37.35,95.53,83.71,95.46,8.41,100.0
27.46,64.57,3.28,20.73,6.22,67.88
23.47,41.7,58.63,16.51,0.8,8.42
31.68,88.11,43.01,24.41,3.87,43.22
28.41,47.54,22.43,60.36,5.4,61.5
20.3,69.84,22.54,9.83,1.28,10.78
21.4,96.81,94.09,16.86,6.43,87.84
23.91,93.19,62.21,67.52,4.76,59.61
35.39,55.31,43.04,6.37,3.45,35.07
37.84,98.4,98.0,90.96,3.74,53.86
30.91,45.16,46.21,56.62,6.45,82.57
22.11,49.64,34.91,59.04,0.59,8.94
30.69,78.97,68.52,82.56,6.14,86.66
37.11,87.26,87.46,51.16,0.52,13.64
34.99,93.06,26.78,42.63,1.19,13.9
25.82,85.34,22.21,95.07,7.29,100.0
22.48,98.57,96.05,7.62,3.37,41.91
38.01,41.01,73.43,45.87,4.13,47.47
37.08,77.17,76.38,79.15,3.35,44.11
21.07,46.98,74.03,54.46,0.84,13.73
36.47,94.62,68.29,56.52,5.48,74.44
21.94,96.12,9.12,91.12,6.2,77.29
21.27,58.18,75.37,37.57,1.71,18.69
35.17,89.66,24.89,0.21,6.77,78.33
30.73,77.82,13.24,92.57,0.9,12.82
28.29,46.03,98.3,3.31,6.97,95.47
38.08,76.17,2.79,79.74,6.31,75.76
36.79,98.56,3.16,13.96,8.21,100.0
21.15,89.36,77.19,88.74,7.39,100.0
32.32,40.07,84.42,35.47,7.6,100.0
35.45,98.61,97.79,86.41,8.62,100.0
31.01,64.84,11.85,3.69,7.6,89.36
39.66,65.86,39.54,26.27,7.17,91.87
33.72,82.76,73.43,27.9,1.77,20.65
22.08,76.26,64.55,9.48,6.8,89.35
23.97,58.12,23.34,9.26,5.69,59.91
36.52,46.0,32.92,90.82,8.65,100.0
39.94,89.64,59.44,69.53,6.48,95.34
21.97,69.0,3.54,31.11,2.34,19.01
22.01,80.35,75.82,23.83,1.48,17.23
35.27,91.63,27.54,4.29,2.53,21.38
21.29,41.06,82.83,35.88,4.32,50.12
21.37,91.56,68.37,30.11,5.87,76.61
37.78,85.11,64.54,91.71,1.94,24.53
36.01,42.46,24.68,24.19,1.17,11.38
37.63,86.42,92.45,87.49,8.13,100.0
33.01,59.35,26.0,68.2,7.27,95.86
26.45,79.69,52.17,32.12,3.29,33.1
38.13,95.55,77.72,78.18,0.71,14.39
25.97,99.56,84.91,72.63,4.91,64.22
25.51,65.0,38.21,3.55,0.05,2.48
37.73,83.07,75.15,86.55,7.59,100.0
33.62,50.23,22.03,36.39,7.58,92.8
37.91,79.89,45.05,88.23,4.99,62.95
23.12,64.03,3.32,26.92,0.75,3.53
39.05,70.78,24.99,55.66,3.45,38.56
32.25,79.13,78.66,94.05,6.83,100.0
33.36,46.95,11.53,23.11,0.95,7.04
38.28,47.22,74.33,89.55,2.05,28.68
27.62,69.64,1.01,66.94,1.85,16.05
34.39,73.28,11.83,53.39,3.01,25.61
32.81,72.19,9.96,50.41,8.17,100.0
35.76,85.47,12.17,60.84,2.02,19.54
37.94,76.58,45.35,65.3,8.34,100.0
33.6,44.63,28.07,6.88,4.95,48.06
21.35,50.79,78.57,33.41,4.65,53.67
23.66,88.73,83.48,89.8,7.58,100.0
39.08,95.9,67.52,74.69,4.89,64.74
39.37,70.85,19.61,74.28,8.62,100.0
39.35,61.33,50.29,60.55,0.02,5.48
20.74,43.07,4.87,58.65,3.58,35.41
27.65,87.15,23.99,36.78,1.61,15.96
35.19,69.83,61.51,83.47,1.37,21.41
35.06,72.33,42.24,91.64,1.32,20.17
21.72,68.14,69.07,84.63,6.39,95.3
32.19,55.92,83.92,87.19,0.46,13.37
22.86,56.58,5.95,90.88,7.53,98.4
29.86,43.81,93.86,20.21,6.77,93.98
24.79,51.14,1.56,13.96,0.77,5.09
21.06,56.31,98.17,53.45,3.83,50.79
21.6,57.91,63.76,48.54,6.11,82.54
38.22,81.2,98.74,96.6,8.81,100.0
34.89,63.15,39.36,32.5,3.48,34.19
38.64,81.53,97.93,82.69,8.81,100.0
29.4,63.19,79.86,27.43,1.63,20.35
28.27,57.41,22.55,14.31,4.96,51.29
27.17,40.35,82.62,40.48,2.21,27.2
32.33,91.29,31.23,11.68,3.38,32.76
27.03,68.39,98.91,8.76,6.46,87.28
34.93,83.19,27.04,45.1,5.59,64.9
36.03,97.52,68.5,60.11,2.97,34.08
37.52,58.52,58.25,45.7,3.22,35.09
24.86,80.5,21.65,9.23,0.24,5.04
30.54,47.12,7.58,97.16,4.39,45.64
24.47,81.34,86.37,86.82,8.08,100.0
20.75,90.81,67.71,66.05,7.17,100.0
34.16,44.29,81.73,88.86,0.74,14.27
30.98,99.38,27.28,88.48,7.65,100.0
34.48,74.85,87.23,51.21,1.91,24.37
21.75,63.7,91.58,27.75,3.16,35.71
39.91,72.48,42.17,25.84,3.95,41.58
39.89,84.93,79.8,98.21,6.33,100.0
29.3,69.69,8.72,79.1,4.63,50.42
37.32,52.92,99.77,40.0,0.73,15.38
24.87,69.43,73.39,91.34,5.31,75.14
34.75,81.46,68.47,85.08,4.62,60.94
37.58,99.97,90.14,73.73,2.36,33.69
36.29,59.93,3.96,94.26,1.65,15.85
36.24,68.81,75.74,45.35,4.47,55.58
29.26,87.09,65.47,19.45,6.74,89.92
36.4,82.77,84.82,65.59,4.54,58.88
33.81,93.31,77.79,65.34,2.16,28.55
22.65,96.48,48.49,49.13,7.82,100.0
22.28,51.35,7.1,26.06,7.85,96.64
35.44,63.42,90.94,62.43,5.92,87.09
32.51,82.95,40.23,42.57,3.8,39.46
30.39,42.7,35.64,75.33,2.09,24.95
38.15,83.02,98.39,90.68,5.57,86.51
33.19,40.29,31.11,16.66,7.03,82.55
27.92,94.85,37.06,82.03,4.27,47.61
28.28,81.25,91.65,99.76,6.7,100.0
32.1,73.93,66.81,50.04,7.96,100.0
35.21,65.73,87.92,92.92,3.43,47.53
31.29,99.28,88.78,8.27,8.25,100.0
30.18,61.72,59.17,51.31,2.06,23.78
34.54,88.44,26.7,95.87,5.53,73.12
34.11,89.52,84.74,15.88,1.12,13.31
36.61,41.31,50.19,34.2,2.41,23.95
21.25,43.28,56.44,45.9,8.77,100.0
35.1,51.9,54.14,0.67,6.47,76.53
30.28,79.31,0.96,18.81,4.29,41.73
21.49,77.44,4.59,82.84,4.69,48.28
33.58,59.51,61.64,51.89,0.79,11.07
34.33,98.38,79.44,39.39,7.05,100.0
30.47,45.59,45.7,68.2,0.64,10.44
35.88,62.99,50.25,59.32,2.51,28.97
26.0,68.85,40.66,43.85,3.7,39.06
24.04,65.13,76.83,99.37,5.43,75.63
27.01,41.53,10.86,77.43,3.74,37.65
28.2,83.67,56.02,55.4,8.65,100.0
33.92,86.29,70.22,52.67,7.18,100.0
36.91,59.14,41.58,84.43,8.63,100.0
34.42,58.24,1.46,2.44,0.41,2.99
23.48,76.39,88.35,33.93,2.72,34.26
27.32,62.06,21.28,41.78,8.83,100.0
23.17,76.93,13.51,18.34,0.73,9.1
33.73,51.98,6.64,25.28,1.24,10.69
24.96,92.68,72.62,65.22,0.86,13.15
30.51,83.11,90.05,39.86,7.26,100.0
35.84,46.63,69.04,35.99,7.02,97.16
33.42,87.98,97.65,90.7,5.94,90.77
25.97,60.25,70.81,36.03,7.04,99.25
26.66,96.13,28.85,75.64,0.79,10.34
33.07,76.2,25.56,83.54,3.36,35.44
30.99,41.65,66.67,90.98,3.03,39.54
21.93,84.06,67.58,37.31,8.83,100.0
37.48,47.84,52.38,76.53,4.25,51.32
30.25,85.62,81.4,54.85,5.49,74.38
29.47,96.9,41.66,94.4,2.33,26.23
23.97,81.72,34.99,1.12,7.6,97.72
27.54,71.97,63.41,57.02,8.02,100.0
26.66,76.12,74.75,51.0,8.35,100.0
25.41,65.73,81.34,87.76,1.3,22.58
31.35,45.01,30.78,21.63,6.19,69.44
29.25,95.73,85.77,8.73,3.62,43.43
37.78,59.75,30.27,84.64,6.62,89.28
38.83,58.77,30.49,35.01,7.42,92.47
24.39,51.48,80.6,32.49,2.35,26.49
22.0,99.54,96.94,10.53,4.5,53.35
35.71,96.55,93.22,92.01,2.95,45.23
39.9,76.94,70.22,67.44,6.13,84.68
37.27,99.32,64.65,88.06,7.48,100.0
20.47,88.32,75.99,89.79,3.06,39.69
25.03,65.36,80.62,84.39,2.45,33.01
20.87,98.07,50.43,45.18,2.69,31.93
36.42,94.07,1.61,15.98,5.2,49.43
31.63,85.57,50.18,67.23,5.4,68.96
30.27,45.4,3.11,65.07,8.29,100.0
31.09,82.13,28.14,4.71,3.52,35.99
25.05,99.24,65.69,89.94,5.92,85.82
32.03,62.4,13.46,33.52,8.69,100.0
20.61,92.89,71.25,42.88,4.2,49.93
32.92,64.49,62.14,51.38,7.01,98.94
34.69,98.28,42.97,91.2,8.73,100.0
33.46,79.22,37.22,17.05,7.11,89.74
26.64,90.03,62.03,81.52,6.33,90.53
36.53,85.87,74.86,77.14,5.48,75.03
34.31,92.01,97.15,68.15,7.36,100.0
22.57,63.7,41.24,43.98,6.18,78.6
23.9,94.92,59.46,39.85,6.04,80.96
32.74,53.93,95.46,93.5,1.23,23.28
25.79,97.03,12.41,66.15,4.04,43.3
22.39,96.86,85.27,77.49,8.07,100.0
23.1,79.89,91.67,17.58,6.21,83.86
23.31,97.94,42.2,64.45,2.35,28.14
29.56,79.25,27.2,46.71,2.14,23.93
32.15,93.94,99.73,0.9,5.37,67.81
23.53,63.61,0.96,21.31,0.4,4.22
34.25,78.51,61.15,93.97,6.02,87.41
25.62,86.94,78.81,74.74,3.95,52.31
26.23,89.77,95.77,93.9,8.59,100.0
24.47,82.83,91.33,97.03,8.26,100.0
35.7,57.3,4.4,33.56,1.63,11.96
39.2,89.45,84.1,99.66,1.89,28.11
29.85,80.65,80.27,65.91,8.11,100.0
20.84,76.86,23.74,27.63,6.67,80.44
25.21,95.89,34.05,73.8,2.36,27.02
23.16,45.33,51.26,9.14,6.49,78.06
36.86,85.3,81.17,62.26,4.51,55.57
21.7,46.05,82.06,22.91,5.56,68.15
39.33,60.82,92.21,89.6,7.08,100.0
31.77,77.82,30.82,73.51,0.4,8.11
30.35,60.49,92.4,49.75,5.5,75.45
36.95,80.95,80.09,40.78,3.05,36.55
20.55,86.53,72.78,85.86,4.65,64.06
35.54,89.71,96.92,19.54,3.27,38.37
22.33,50.76,32.47,7.48,8.47,100.0
36.82,50.92,91.56,85.18,5.37,75.85
30.58,43.14,9.84,85.65,7.62,100.0
21.22,69.45,47.8,24.31,2.31,24.25
36.66,99.22,77.36,67.29,6.62,97.51
20.55,59.12,12.28,72.13,7.08,90.66
22.77,90.43,73.74,14.34,2.11,24.72
35.96,96.92,47.52,62.2,9.0,100.0
29.3,89.32,45.55,70.12,5.94,78.65
37.63,40.04,58.14,62.2,8.07,100.0
32.71,74.08,13.47,42.69,0.94,8.7
32.47,50.0,20.0,81.62,3.72,37.16
25.84,62.54,18.07,93.0,3.02,33.56
22.67,65.68,95.19,70.57,8.74,100.0
39.22,64.36,6.36,18.36,1.42,14.39
22.1,78.02,52.92,99.57,6.73,99.94
30.58,56.06,65.95,44.94,5.68,72.18
25.45,78.57,65.0,11.63,7.66,100.0
25.28,97.11,26.23,18.26,8.8,100.0
31.89,43.55,8.66,34.79,7.25,85.48
35.96,83.97,47.77,62.92,5.86,75.95
35.54,53.01,26.3,77.83,7.51,100.0
37.38,49.19,87.35,1.41,4.74,54.05
25.86,93.93,23.61,40.59,5.88,72.29
29.32,82.0,71.54,61.18,4.88,62.38
20.19,84.47,42.01,11.77,7.34,92.32
34.94,45.23,74.29,57.61,4.0,46.82
26.05,77.08,95.07,93.38,7.28,100.0
31.23,77.25,41.16,7.16,3.85,35.86
23.39,91.77,4.44,34.97,5.55,59.64
36.39,89.36,66.14,3.77,0.93,10.63
36.35,81.11,12.92,68.22,0.83,13.87
37.55,62.83,10.45,41.75,8.58,100.0
20.92,49.98,66.16,94.73,6.53,95.75
39.85,97.06,87.43,90.54,8.97,100.0
24.96,82.95,63.63,51.58,4.62,55.46
26.19,44.68,43.91,91.03,7.03,99.06
24.99,97.33,45.23,12.97,5.39,59.43
25.35,75.61,58.68,75.1,5.29,67.33
31.05,40.13,27.61,72.98,7.52,100.0
24.8,94.1,40.09,67.33,0.46,8.76
27.88,80.44,97.36,86.25,7.38,100.0
33.11,77.65,96.67,88.5,7.42,100.0
36.72,49.16,34.91,81.4,5.83,76.22
33.85,64.28,63.11,63.52,2.61,31.52
31.89,78.7,62.42,77.15,1.46,21.61
22.95,55.06,30.32,87.61,8.77,100.0
36.32,82.09,11.86,54.24,7.78,100.0
20.75,54.02,68.25,95.69,8.18,100.0
25.28,52.55,26.81,10.92,6.92,78.65
21.14,40.7,31.83,0.4,0.58,6.26
33.35,56.91,57.24,32.99,5.65,65.97
27.37,54.8,16.08,21.66,3.43,30.17
33.04,85.86,24.15,55.36,3.01,31.8
26.94,74.18,44.61,28.03,2.24,19.79
29.11,50.67,87.85,68.81,1.63,25.99
29.16,74.09,77.23,94.53,1.26,20.88
20.91,53.53,31.76,76.93,1.09,13.26
28.6,40.86,18.75,14.32,0.86,6.77
32.82,90.77,75.19,83.07,7.24,100.0
30.92,83.16,65.34,77.12,3.42,41.91
21.51,79.07,68.55,81.09,0.95,18.18
33.36,56.89,5.51,20.47,1.99,17.61
26.18,47.47,10.5,68.69,6.72,81.03
20.29,85.18,29.45,7.06,3.14,29.26
23.11,79.69,79.41,61.24,5.07,67.87
29.95,77.37,91.07,1.64,1.85,22.51
26.21,98.51,19.1,70.52,6.81,89.02
33.89,60.9,71.42,2.09,5.9,69.21
24.81,88.04,87.41,44.92,2.0,26.45
35.46,73.54,87.89,64.89,8.39,100.0
25.73,54.12,45.88,30.5,4.7,51.13
32.42,56.94,8.22,28.28,0.23,2.62
35.98,83.33,87.6,67.38,7.36,100.0
27.71,77.35,60.62,65.35,6.72,97.34
20.94,59.94,1.47,29.66,0.34,4.26
30.71,82.04,20.57,74.99,2.79,28.22
39.91,67.33,53.25,27.75,7.98,100.0
39.38,72.18,10.72,7.47,6.68,75.85
24.42,55.12,17.97,1.8,0.83,5.75
35.11,68.12,94.37,92.44,1.65,26.46
26.9,92.64,50.5,22.34,0.78,9.79
23.21,94.15,81.24,90.66,8.32,100.0
33.32,98.79,90.57,77.96,5.13,71.1
30.02,82.55,75.34,95.27,6.05,90.69
30.78,91.45,63.62,70.88,6.57,93.66
36.55,82.5,88.07,86.27,5.32,75.68
26.73,96.35,90.24,89.01,8.6,100.0
33.34,55.73,20.72,92.03,6.44,82.02
27.32,49.24,92.52,36.82,3.24,40.23
20.85,83.41,50.22,44.41,7.45,100.0
27.56,74.74,90.77,7.43,2.66,30.42
39.0,43.87,39.31,36.77,4.73,50.97
29.67,67.61,33.57,17.97,2.14,19.13
22.16,52.51,76.6,3.28,8.95,100.0
33.76,98.06,63.44,25.58,8.41,100.0
39.27,46.48,43.97,49.06,7.86,100.0
38.16,75.88,87.86,24.74,3.61,44.69
31.44,68.91,51.66,10.91,6.56,81.07
27.53,74.69,1.28,45.15,2.35,25.05
31.61,97.39,69.32,14.78,3.51,40.51
36.32,60.48,6.32,8.6,7.24,84.77
37.22,84.93,48.11,96.02,0.51,10.34
36.38,66.85,19.21,47.6,0.45,5.68
29.11,79.65,24.2,80.23,5.95,74.57
22.38,61.94,97.98,17.08,6.97,97.15
31.38,53.63,11.35,46.15,3.45,32.82
23.13,45.02,75.77,8.99,6.07,74.4
21.22,46.11,63.74,41.18,8.13,100.0
29.97,97.57,19.5,82.64,0.9,13.5
33.11,87.31,93.53,89.27,7.47,100.0
37.08,54.7,20.14,51.9,5.24,56.02
35.66,95.83,63.04,69.75,6.85,100.0
37.14,82.85,79.05,73.35,0.47,9.65
35.2,61.15,76.36,63.89,3.46,40.96
34.06,87.38,88.86,93.85,6.21,98.26
20.2,83.1,83.93,47.54,4.88,61.95
32.52,53.65,96.21,49.32,1.59,22.39
22.41,92.21,83.83,80.44,7.45,100.0
21.17,84.72,38.01,62.46,3.16,33.89
23.13,40.18,36.45,5.74,3.9,39.13
36.47,81.42,35.41,57.02,0.86,13.32
34.88,82.44,46.97,49.62,8.76,100.0
38.98,99.74,19.71,42.06,2.28,21.36
39.58,50.86,68.94,32.4,7.17,98.28
37.87,84.37,16.56,62.18,0.12,3.54
22.66,96.88,0.52,48.5,2.31,20.12
37.57,78.67,43.95,10.08,3.03,29.26
36.77,70.85,52.5,52.29,4.38,50.45
37.42,91.14,79.03,80.87,6.46,96.17
23.03,88.1,52.04,37.92,2.77,32.45
22.34,99.96,13.73,53.28,7.09,90.67
38.48,77.55,24.6,39.1,7.29,92.95
23.48,69.82,2.45,34.16,4.61,41.92
27.37,95.06,59.4,28.11,4.57,53.55
29.12,89.86,29.29,38.18,4.59,47.54
22.49,81.93,75.61,83.57,5.6,80.07
20.41,58.16,62.98,99.39,7.31,100.0
39.88,55.64,37.36,55.53,6.43,81.82
37.53,91.32,2.17,63.62,7.64,97.46
38.25,53.99,32.02,18.31,7.34,91.05
25.69,83.9,37.84,41.38,3.65,38.86
24.4,41.33,9.4,3.69,0.77,6.16
28.52,44.57,95.34,41.44,8.5,100.0
29.07,97.67,16.46,71.32,5.45,64.47
20.11,69.46,27.01,30.44,7.45,97.68
35.59,51.43,83.24,93.46,7.21,100.0
39.93,56.25,92.52,16.93,2.43,31.91
30.57,87.89,46.83,83.31,5.09,65.27
27.77,78.04,54.0,96.66,6.57,95.61
27.86,67.88,5.29,49.17,0.93,10.52
21.92,59.9,80.8,87.67,4.78,67.06
25.32,94.04,59.46,7.16,0.03,5.86
30.04,86.35,47.9,62.06,2.16,23.97
28.64,78.96,31.18,50.14,2.33,24.41
30.9,66.76,44.38,36.43,2.76,30.17
36.98,83.95,33.82,31.08,3.8,39.27
24.5,82.6,8.08,59.68,5.74,65.71
20.55,65.42,50.68,61.6,2.41,28.65
20.76,97.63,3.46,27.83,0.15,0.82
22.68,96.07,71.64,90.4,8.86,100.0
31.41,84.4,21.1,24.95,4.67,47.66
36.16,86.02,90.34,63.25,6.86,100.0
37.74,65.42,47.61,10.2,5.43,58.64
32.7,70.44,45.73,42.36,0.5,8.02
28.06,51.49,36.04,97.85,4.2,50.87
23.09,40.88,2.15,21.27,0.29,3.16
28.03,62.19,33.8,51.8,8.14,100.0
26.65,60.85,35.99,24.75,6.68,81.53
37.4,85.98,81.52,68.18,7.04,100.0
29.73,96.13,84.59,55.84,5.11,65.23
24.52,89.8,81.17,4.25,4.11,46.91
25.78,56.89,24.57,98.91,3.37,37.53
22.73,41.72,82.13,32.72,6.08,80.2
38.37,68.78,57.67,45.16,3.14,32.27
21.01,65.75,66.63,51.36,8.31,100.0
20.26,57.04,14.8,11.6,0.94,8.17
23.66,92.92,70.73,59.0,4.67,59.62
36.22,80.13,83.31,20.56,7.79,100.0
30.47,69.12,36.58,71.64,3.87,43.23
32.52,81.9,72.63,96.95,8.52,100.0
27.15,60.88,32.14,71.43,7.61,100.0
21.37,46.12,42.31,13.92,1.83,18.01
37.12,81.48,96.38,75.51,6.45,100.0
23.84,52.5,23.77,83.86,2.77,30.92
20.66,84.15,29.1,47.83,2.73,29.32
31.45,81.76,47.25,53.85,5.62,72.6
21.67,87.0,84.9,72.15,6.44,97.93
21.92,85.39,93.09,63.54,3.98,53.13
36.01,72.13,29.55,10.66,5.84,64.33
29.83,58.76,12.93,27.75,7.42,90.85
24.83,40.35,19.93,55.21,2.04,17.9
26.97,96.35,84.3,79.38,8.01,100.0
34.58,57.38,52.26,33.37,8.45,100.0
21.33,81.32,76.87,84.14,7.1,100.0
22.33,98.49,85.49,1.36,4.97,55.9
32.33,50.45,87.75,51.04,0.09,8.29
32.14,41.95,31.84,99.48,6.39,83.15
39.45,96.96,77.53,40.83,7.85,100.0
27.49,58.36,59.97,27.43,0.18,5.04
21.3,63.61,84.54,25.3,7.59,100.0
30.75,44.86,27.7,51.52,1.34,12.95
32.77,64.24,61.02,45.6,7.58,100.0
22.79,98.33,7.27,86.2,4.88,55.85
31.06,81.64,0.95,63.92,3.33,32.55
23.96,68.43,87.47,39.87,8.47,100.0
36.89,96.36,67.42,76.25,4.33,55.9
36.7,61.96,44.54,54.72,0.35,8.4
28.59,79.05,81.21,68.63,6.61,98.48
39.33,55.27,87.68,42.28,1.64,22.61
39.6,49.12,38.45,28.5,8.31,100.0
22.59,81.77,17.91,51.55,1.5,13.57
27.35,92.17,60.8,54.66,4.39,54.9
32.01,94.09,20.55,84.68,4.7,53.36
21.7,90.49,26.07,25.12,5.07,53.34
27.65,58.77,24.21,3.4,1.06,9.99
25.22,87.33,95.92,53.53,3.95,49.72
39.04,91.3,94.32,76.73,8.37,100.0
28.23,41.4,12.41,61.17,1.4,12.34
35.25,64.73,31.26,82.9,7.09,100.0
27.73,52.25,79.64,66.31,0.34,12.05
22.64,99.81,27.51,1.11,7.58,93.41
37.26,70.27,55.26,51.05,4.3,50.29
20.01,88.13,47.18,93.84,7.16,100.0
21.12,57.75,88.44,45.15,2.67,31.92
27.29,97.13,35.91,82.84,7.65,100.0
33.74,41.76,93.46,86.9,6.22,95.84
26.83,51.28,40.74,33.26,8.72,100.0
21.33,77.01,72.62,85.77,0.18,10.48
26.36,87.58,19.52,37.74,7.11,89.98
24.9,93.02,53.08,2.54,5.61,62.43
20.11,91.34,99.11,93.97,8.22,100.0
30.7,63.45,1.27,82.03,3.99,41.05
22.33,67.29,43.73,45.16,2.52,26.35
25.75,41.62,17.25,17.34,7.92,98.94
32.82,97.42,91.32,87.42,8.03,100.0
34.5,60.28,80.86,73.83,6.33,91.6
25.27,51.96,73.95,65.48,2.99,36.89
26.58,64.55,45.33,35.58,8.51,100.0
24.94,82.63,25.91,36.83,4.73,47.82
39.14,92.25,32.44,54.91,2.88,27.02
23.81,52.92,20.44,19.34,7.4,92.38
23.66,50.36,55.19,84.62,0.56,13.08
28.9,96.63,81.13,10.23,0.84,14.76
23.79,73.05,18.74,48.65,7.53,99.4
23.13,61.95,0.45,85.94,2.91,27.96
21.92,51.96,12.56,52.94,1.59,14.91
32.8,99.71,46.09,76.09,5.28,66.14
32.24,83.15,1.86,23.96,2.29,20.21
33.0,53.07,40.33,44.55,8.88,100.0
35.47,94.49,70.49,77.67,7.69,100.0
26.53,51.96,10.78,88.83,8.0,100.0
38.37,54.86,71.26,64.3,7.5,100.0
34.66,81.26,92.08,87.21,6.7,100.0
36.09,51.07,14.05,24.27,1.39,10.37
34.42,84.87,75.51,88.72,7.24,100.0
27.17,84.88,70.09,78.61,7.53,100.0
25.66,69.17,78.51,18.39,6.17,78.61
28.45,67.32,50.59,48.57,8.97,100.0
21.94,89.75,57.07,12.63,7.79,100.0
29.03,55.24,54.65,10.52,0.64,8.75
20.86,58.79,35.28,33.53,2.65,24.96
20.08,94.49,3.49,54.46,2.48,27.62
38.63,48.74,17.25,9.62,0.77,6.03
33.79,50.86,38.21,88.13,8.44,100.0
31.24,54.75,48.8,99.89,5.1,63.9
26.82,77.43,11.39,88.42,0.52,6.6
31.41,75.58,81.48,51.27,5.13,66.15
37.83,45.14,67.79,96.21,1.7,23.62
33.05,93.41,45.51,85.44,4.37,53.84
32.05,76.37,94.08,87.77,8.86,100.0
29.2,88.28,51.25,35.87,3.09,34.14
26.91,55.53,85.3,3.22,6.61,84.52
33.97,96.01,73.68,3.24,7.48,100.0
39.62,87.52,36.05,18.78,7.47,97.5
28.5,44.65,65.73,77.95,1.35,19.1
27.84,54.74,11.84,26.13,0.69,6.56
28.56,44.08,76.4,12.8,2.01,21.81
28.51,94.91,70.94,84.54,2.68,36.1
39.81,84.57,22.19,75.55,0.42,9.72
34.14,95.31,89.23,85.25,7.85,100.0
27.18,80.96,38.97,73.14,6.67,91.08
27.43,88.25,83.97,84.28,8.97,100.0
28.62,96.01,67.77,26.26,5.76,69.17
20.73,91.1,79.91,95.33,7.8,100.0
30.56,84.37,16.56,90.93,0.89,13.33
36.23,68.14,69.75,10.54,2.16,24.14
33.21,42.83,24.72,34.83,2.17,23.93
23.97,41.7,26.54,57.69,4.4,45.69
34.56,54.46,14.38,21.57,0.8,6.07
34.39,75.75,61.99,91.54,2.71,37.09
25.25,87.89,11.74,46.89,1.14,13.28
32.46,96.91,34.52,84.09,2.42,30.12
32.22,50.52,88.95,61.7,0.36,9.41
36.8,47.15,8.49,10.47,1.2,8.35
22.72,43.25,89.45,57.96,6.29,87.66
23.9,99.34,49.27,31.38,6.04,78.61
29.72,55.28,13.1,13.8,0.41,2.7
20.88,68.84,75.89,28.45,2.68,29.2
28.31,74.53,35.34,26.28,1.04,11.16
35.76,42.53,4.98,28.95,0.84,7.38
22.97,55.26,26.21,90.87,6.59,88.22
29.2,51.12,82.21,45.17,7.3,100.0
39.8,78.68,95.65,65.52,7.04,100.0
30.12,54.83,84.21,98.21,5.93,88.52
29.97,73.45,18.3,8.86,7.42,88.59
31.18,58.49,63.37,60.62,6.86,99.17
23.72,83.74,11.32,25.35,8.5,100.0
22.94,74.08,80.55,80.0,0.05,9.4
33.55,71.94,23.57,10.14,1.32,11.53
27.92,97.08,42.76,78.88,5.22,62.64
25.8,59.34,65.6,20.06,3.61,41.65
20.63,78.12,47.82,45.6,3.06,34.65
36.92,40.0,77.89,81.38,6.71,100.0
20.65,84.22,68.82,6.75,4.82,50.66
35.0,70.15,13.04,92.82,4.74,52.38
27.64,52.5,77.35,21.73,0.45,11.52
31.97,40.09,42.35,50.07,4.15,46.76
24.95,83.1,82.59,97.56,8.88,100.0
23.11,79.76,21.66,12.35,2.52,24.59
30.67,79.92,42.31,60.87,2.15,26.87
33.91,66.25,81.72,51.56,4.96,62.34
23.91,86.99,75.67,89.04,4.04,56.44
28.73,74.28,93.87,66.25,1.05,20.34
28.89,54.33,70.01,42.06,2.78,33.57
24.32,71.13,7.89,29.88,0.52,6.69
31.3,98.01,51.81,53.83,5.66,71.0
22.92,89.42,19.31,93.91,6.25,82.52
30.19,66.01,69.76,40.14,2.87,33.19
22.27,66.17,16.14,28.22,3.59,32.52
29.71,99.06,97.76,5.25,8.42,100.0
26.23,93.67,19.45,75.12,3.12,33.4
29.04,91.17,45.41,63.83,4.0,47.03
28.67,94.62,84.35,19.1,8.4,100.0
38.16,48.28,20.23,89.34,4.58,48.23
29.8,91.2,2.4,93.38,1.53,15.89
36.37,51.0,54.81,88.07,1.29,19.51
24.51,85.52,61.73,91.52,6.61,98.75
27.04,99.04,26.75,37.33,7.97,100.0
21.5,96.13,71.26,77.94,8.5,100.0
28.41,90.39,23.72,37.72,5.61,65.36
33.37,69.68,55.8,61.22,1.5,16.71
36.76,46.66,32.28,22.66,2.08,19.48
31.32,97.15,59.14,46.4,8.29,100.0
32.8,55.37,23.06,10.54,0.28,6.41
23.55,92.84,92.89,73.14,1.88,29.89
20.74,92.15,67.0,9.14,4.72,50.84
35.83,40.88,68.26,86.7,7.66,100.0
23.34,55.89,48.65,45.61,7.5,100.0
21.82,60.22,30.31,58.19,5.96,69.64
38.75,72.09,31.4,94.03,7.32,100.0
39.27,44.31,50.4,16.8,7.02,90.4
32.33,63.34,19.19,88.45,8.67,100.0
27.57,88.88,13.24,80.44,5.9,70.22
36.66,50.39,37.24,99.4,5.38,69.85
24.09,93.7,79.37,87.37,8.17,100.0
28.59,67.62,23.08,12.68,3.25,29.61
27.14,44.24,53.5,1.42,4.44,45.27
38.25,50.64,79.01,79.26,7.73,100.0
38.4,48.46,22.48,13.66,8.81,100.0
33.02,77.18,79.17,30.6,3.79,42.98
22.21,45.24,1.55,98.73,5.31,56.41
29.64,89.38,99.7,44.21,7.54,100.0
24.91,88.4,51.69,23.12,4.67,56.03
37.7,44.8,47.59,75.32,3.64,39.93
22.77,93.29,65.06,27.16,0.58,11.12
21.09,97.55,47.52,53.1,1.91,22.48
34.09,89.26,64.53,85.11,7.34,100.0
29.07,97.02,37.1,46.08,3.61,41.09
36.77,56.77,97.78,10.86,6.99,96.16
21.49,79.89,86.15,77.31,1.5,22.9
36.02,84.21,47.55,33.03,3.6,37.87
20.75,89.05,83.65,31.88,5.29,69.35
20.56,90.51,14.91,99.38,0.07,7.0
29.23,83.53,50.76,41.51,2.81,29.45
24.43,99.55,45.02,55.39,2.3,27.01
31.87,44.55,32.49,94.42,7.5,100.0
20.52,79.48,91.84,21.14,3.42,38.4
20.71,58.1,4.64,27.62,1.05,10.94
34.54,47.53,90.71,92.91,4.51,62.45
24.2,48.93,63.52,56.97,8.67,100.0
33.13,96.19,37.62,30.8,4.22,47.38
35.0,81.02,75.68,81.17,6.43,98.0
21.19,43.03,10.86,13.88,0.57,3.0
35.4,99.05,85.31,15.2,4.0,48.28
25.37,88.47,2.88,73.11,2.44,24.94
27.79,58.55,81.82,6.93,7.14,92.96
21.73,68.25,70.39,5.06,4.79,53.59
36.77,58.26,2.2,17.32,1.27,9.23
31.21,80.56,14.7,39.79,2.28,23.23
30.09,67.78,45.24,46.97,1.05,11.95
39.37,70.74,29.99,74.07,6.13,77.93
26.69,62.97,24.46,24.18,1.22,10.93
37.82,70.04,19.28,71.35,3.75,38.77
34.39,93.41,84.97,67.4,7.38,100.0
38.57,57.1,26.05,31.57,1.06,12.47
38.16,84.05,65.23,86.68,4.86,65.56
39.82,78.94,25.97,42.78,0.54,7.44
22.63,81.73,52.04,68.1,5.09,63.28
35.92,65.55,71.55,99.21,5.04,67.36
36.09,49.55,91.42,41.13,6.54,94.38
32.89,97.71,40.53,47.88,6.76,90.33
25.58,53.44,24.04,22.38,1.19,11.31
39.3,64.37,2.63,65.64,2.47,25.45
24.09,51.41,49.52,20.72,2.27,21.11
29.99,82.19,3.97,60.99,5.47,56.97
30.43,66.17,0.43,75.74,2.33,22.86
23.24,94.86,85.9,90.04,8.7,100.0
34.45,92.51,16.48,9.04,3.98,35.98
21.78,85.57,55.98,7.98,5.27,59.5
33.86,71.19,57.35,84.24,3.16,39.86
36.97,68.12,72.38,90.46,8.32,100.0
26.99,97.59,38.31,13.57,8.69,100.0
34.19,72.8,56.95,60.85,4.91,58.68
23.14,82.29,36.6,65.41,8.23,100.0
36.92,85.61,9.78,83.55,7.14,95.91
39.04,93.95,31.0,90.9,2.04,25.65
23.05,97.86,0.76,69.87,5.07,53.37
33.84,89.53,58.54,89.54,5.24,70.53
30.12,99.84,74.03,76.84,7.21,100.0
30.63,82.18,78.47,85.9,8.05,100.0
34.13,83.87,39.05,53.39,3.54,38.5
29.77,64.79,10.56,49.42,5.67,61.41
32.01,60.18,18.54,16.64,6.49,74.65
24.62,88.25,98.37,30.45,4.46,57.68
27.57,79.27,31.21,86.98,4.24,48.58
37.3,49.62,16.76,18.37,1.22,10.9
22.2,76.59,7.56,76.24,7.37,95.79
31.95,48.47,78.93,9.76,5.83,69.45
23.69,69.81,44.85,29.26,1.3,12.79
36.93,75.01,8.74,58.24,1.26,15.21
31.58,78.14,47.29,0.33,3.74,36.18
28.06,48.72,71.33,67.54,5.93,81.81
25.0,45.74,47.3,31.62,3.52,37.19
28.74,55.52,96.86,74.86,3.44,45.11
39.15,82.62,82.0,89.67,7.53,100.0
30.18,67.94,54.51,62.9,3.03,35.81
29.39,81.18,80.22,72.59,6.76,100.0
34.93,53.81,5.14,25.4,0.91,7.01
27.58,59.81,36.83,27.46,4.07,41.65
28.55,46.7,77.14,14.86,5.43,64.84
26.74,93.68,64.25,85.72,4.98,64.34
23.02,70.05,53.91,23.25,4.48,51.0
34.28,46.03,52.06,60.53,5.78,73.82
37.46,72.1,80.37,25.4,3.98,42.81
38.11,80.52,91.86,71.25,6.83,100.0
37.62,59.19,31.95,64.87,2.41,29.01
29.04,40.55,64.19,50.92,0.12,7.33
25.68,77.3,62.84,55.5,8.23,100.0
32.76,42.41,88.75,22.72,3.25,38.48
39.09,42.19,10.77,10.89,0.38,0.38
34.54,89.49,19.02,80.07,4.28,47.96
29.9,80.51,55.9,56.68,2.19,25.39
33.78,62.22,5.13,77.79,6.6,80.68
35.45,41.21,10.07,70.79,2.76,24.78
38.39,90.47,45.3,52.84,4.58,52.33
35.26,43.67,7.75,18.87,1.26,6.26
28.66,93.57,87.11,69.16,3.26,42.87
25.47,79.51,28.26,39.27,3.4,34.8
30.0,64.26,36.85,42.37,0.03,5.74
26.56,79.98,74.66,95.54,7.18,100.0
38.86,87.74,68.29,79.58,4.04,51.04
30.16,94.25,60.29,89.71,5.64,79.29
29.44,95.37,82.24,36.34,6.84,98.28
26.96,46.72,4.12,18.09,1.48,11.2
32.79,58.78,47.78,97.18,3.72,45.69
30.4,93.14,32.22,92.34,4.65,55.62
22.58,67.71,42.32,82.77,5.51,72.69
37.38,59.07,58.07,85.3,0.85,13.94
27.18,42.24,34.96,39.39,4.23,42.02
28.65,65.14,46.41,73.16,8.63,100.0
24.11,70.04,49.62,66.7,1.87,21.01
31.07,64.38,2.45,98.29,0.76,8.99
34.04,56.65,16.36,57.49,2.53,26.26
37.62,62.15,54.14,42.98,4.93,56.22
21.03,78.55,0.27,83.73,7.82,100.0
39.47,95.52,69.58,76.76,5.27,70.8
34.08,78.98,90.55,12.49,3.1,36.46
25.69,78.77,75.46,59.63,3.09,37.73
24.09,95.37,71.47,67.09,4.71,61.97
25.92,49.91,44.98,63.16,4.22,45.8
37.51,58.07,65.07,94.15,2.98,37.53
25.83,43.04,68.04,60.2,1.59,20.94
29.26,60.98,97.75,87.0,1.13,22.0
34.11,99.93,49.3,35.84,8.77,100.0
37.44,59.76,24.95,5.74,4.38,42.49
33.17,91.59,36.22,37.52,0.65,6.97
35.06,45.15,92.24,53.27,8.16,100.0
23.47,97.98,98.18,81.22,8.89,100.0
37.55,61.09,86.43,63.18,2.13,29.01
25.51,52.09,72.41,44.22,2.84,31.8
22.57,87.13,94.7,97.9,6.72,100.0
39.52,76.8,87.86,68.03,6.05,88.37
24.03,69.42,94.99,14.13,2.92,35.49
22.73,88.78,71.34,93.99,8.74,100.0
32.52,94.3,84.31,62.53,6.93,100.0
26.38,68.91,93.91,70.14,3.31,44.83
22.67,87.03,83.79,87.5,8.15,100.0
32.02,44.32,74.28,3.21,6.56,82.14
35.18,56.58,55.53,52.2,7.64,100.0
35.86,65.0,77.63,14.44,0.84,12.82
23.11,74.96,76.38,5.6,1.28,12.61
31.14,72.76,75.84,34.48,5.94,77.28
36.27,74.08,42.84,13.57,2.83,28.13
23.22,93.78,79.63,43.9,6.02,83.09
24.15,56.65,87.65,76.17,1.57,24.22
20.05,67.32,23.38,12.68,1.26,11.62
30.49,73.48,45.47,49.99,2.89,33.71
23.89,82.97,62.1,69.56,4.42,57.0
34.48,57.96,77.85,0.18,1.61,17.78
39.24,58.24,46.96,73.83,1.9,22.14
24.18,63.31,57.99,8.97,5.39,60.81
32.98,85.81,68.58,93.21,5.23,73.24
24.24,68.6,68.83,63.94,7.42,100.0
20.36,49.23,31.1,28.78,5.67,61.27
35.17,85.59,29.27,92.53,3.85,46.19
28.68,79.8,88.73,40.05,7.23,100.0
38.94,93.18,93.3,67.71,6.93,100.0
30.69,71.76,40.21,38.45,6.32,77.39
23.15,79.27,91.34,61.16,4.89,65.48
29.0,99.76,76.66,56.79,5.72,79.46
24.06,80.85,16.72,66.18,5.74,67.08
37.56,66.17,73.29,92.12,8.88,100.0
33.82,48.27,4.59,95.62,3.12,32.0
26.82,79.5,44.73,52.2,2.65,28.78
30.56,86.87,69.14,94.63,7.44,100.0
33.39,76.52,51.76,10.67,3.53,36.4
35.66,68.89,26.64,95.69,2.76,29.78
21.6,82.69,48.04,25.93,2.06,21.2
20.45,47.61,57.82,26.58,2.12,22.14
22.29,59.57,63.89,42.15,6.97,96.18
27.9,50.02,4.11,19.52,1.3,11.02
29.33,47.56,38.74,82.77,4.77,56.1
22.73,78.91,54.83,52.7,2.13,26.34
28.22,85.35,62.67,43.93,1.91,23.33
28.83,53.64,92.14,90.72,5.28,78.84
22.18,46.33,19.81,18.27,0.12,3.28
38.33,94.27,87.47,60.72,4.55,58.23
31.98,50.11,99.32,99.46,6.24,99.06
27.77,82.53,33.9,2.25,5.73,67.62
30.14,67.62,2.73,31.98,1.8,13.2
26.28,65.07,50.67,40.62,2.85,31.72
37.09,69.07,90.36,18.46,2.43,32.31
31.5,62.73,5.34,21.6,3.88,33.29
29.9,57.67,19.71,62.69,1.87,21.48
38.22,94.22,67.62,27.21,4.34,52.79
36.76,53.57,80.97,66.42,0.33,10.01
36.26,59.2,12.17,8.32,0.54,1.95
24.51,51.65,36.37,40.19,3.16,33.22
23.06,78.6,23.87,53.63,8.63,100.0
33.8,67.06,96.49,13.21,7.89,100.0
29.37,46.28,68.25,75.26,8.56,100.0
33.67,47.56,47.56,41.91,5.93,72.09
35.21,87.15,74.29,93.15,8.17,100.0
25.91,86.0,53.77,52.62,1.71,20.58
25.69,83.74,91.13,69.68,4.79,65.65
29.82,86.16,74.33,60.28,5.07,66.11
25.47,49.21,10.03,1.59,1.16,10.73
33.35,45.82,42.87,43.65,1.92,17.65
34.93,82.96,20.43,63.6,5.88,72.15
29.44,70.4,21.91,37.86,3.98,39.38
34.48,93.61,53.29,80.43,4.71,59.48
30.21,93.14,28.87,5.48,2.23,21.86
34.26,60.27,77.36,90.05,0.36,10.39
24.5,55.27,52.69,92.6,0.94,14.52
34.78,93.8,50.28,24.41,7.0,93.37
34.3,60.43,20.07,24.13,1.19,10.21
25.33,43.56,99.52,57.19,1.88,27.21
31.12,58.85,65.9,6.42,7.74,100.0
37.11,85.62,85.48,22.97,3.92,48.49
24.99,81.65,75.97,50.76,7.16,100.0
34.72,99.22,50.29,61.38,7.3,100.0
39.08,61.57,0.97,19.43,6.46,71.77
37.32,56.55,66.67,93.27,8.75,100.0
28.03,90.55,83.3,91.41,8.45,100.0
32.14,86.94,96.15,15.37,1.13,17.56
39.84,52.86,24.93,16.23,3.09,29.48
31.37,96.86,36.73,92.95,8.59,100.0
22.3,70.75,55.16,87.88,5.9,77.4
20.91,86.99,50.26,3.3,3.99,40.52
35.81,89.64,65.51,72.66,7.76,100.0
28.47,68.73,78.34,7.35,5.75,71.04
24.94,99.48,87.55,83.18,7.52,100.0
26.95,61.88,90.81,7.6,2.44,27.12
35.15,88.66,46.99,82.96,7.66,100.0
29.3,89.43,53.42,42.74,7.62,100.0
37.37,73.97,87.41,55.7,8.26,100.0
34.7,53.09,28.23,3.08,7.06,84.93
39.48,98.21,24.59,90.09,1.66,22.19
37.77,96.82,0.91,98.2,3.5,36.7
25.09,77.19,73.85,23.52,2.95,33.01
33.18,99.03,68.76,65.65,2.32,27.23
20.41,70.17,27.67,67.88,7.15,93.99
39.82,62.53,12.99,96.63,1.12,13.34
25.22,67.63,4.25,48.38,4.31,41.43
33.3,42.75,48.79,23.79,7.79,100.0
36.98,72.95,19.35,36.03,7.1,88.69
23.21,79.97,79.34,63.96,2.41,34.36
36.96,46.57,95.0,47.25,0.32,9.59
20.24,55.34,77.69,7.94,3.72,39.68
28.84,83.27,85.16,80.74,5.34,75.42
29.44,87.62,99.08,86.43,7.69,100.0
27.48,99.15,74.08,47.83,4.75,62.13
31.73,55.19,56.73,52.35,2.39,27.21
38.3,90.49,81.0,49.16,6.22,89.25
26.54,43.74,10.19,28.27,1.01,12.77
31.59,47.85,43.25,10.26,7.43,96.17
37.55,83.75,3.25,43.36,0.21,3.04
35.46,66.75,64.3,44.79,3.77,43.05
20.81,87.64,89.75,99.77,3.8,53.27
38.86,56.95,69.32,4.87,5.29,59.79
20.93,52.79,40.41,31.21,3.23,30.41
31.78,72.93,61.69,49.6,3.62,45.62
31.51,46.92,81.3,84.72,6.61,99.54
35.73,56.72,76.42,46.12,1.54,20.47
22.97,49.97,49.12,29.1,2.15,22.81
23.59,59.2,36.17,53.53,0.92,9.84
35.04,85.93,39.69,29.7,2.32,25.46
22.99,47.24,90.79,54.83,4.55,58.75
29.39,76.71,16.99,68.99,1.7,17.51
34.63,70.13,47.36,82.79,5.07,63.18
33.02,72.29,19.53,60.96,8.97,100.0
24.21,69.05,98.09,3.87,4.1,47.38
26.08,84.47,55.93,52.45,3.4,38.47
39.38,91.11,73.34,96.97,6.65,100.0
28.97,49.72,72.94,49.16,1.49,20.31
20.89,88.85,77.25,80.27,4.61,60.52
24.39,43.69,78.94,54.89,5.11,64.7
26.85,68.93,3.91,70.4,1.42,11.17
39.99,70.69,27.33,30.99,1.01,12.51
26.05,51.86,22.97,96.69,2.37,24.53
20.53,89.78,78.74,97.08,9.0,100.0
30.26,44.49,68.33,15.91,2.5,25.96
21.67,42.23,29.7,4.55,2.27,20.23
25.48,61.61,57.24,57.06,3.17,36.27
39.85,49.33,31.16,61.89,2.65,29.06
34.09,88.52,34.29,64.95,6.94,94.0
21.01,93.94,39.89,17.22,0.47,6.49
28.97,49.62,18.79,3.27,0.23,2.71
23.43,49.87,1.18,16.51,6.95,79.87
22.46,64.58,90.65,75.5,3.93,52.42
31.74,92.89,69.21,27.52,2.87,36.81
30.11,63.99,58.66,42.2,2.73,33.74
34.86,46.5,23.73,36.72,2.95,26.43
37.85,99.08,78.55,36.77,1.06,17.25
24.93,69.98,87.28,72.09,5.23,70.93
38.46,60.54,50.15,99.78,5.61,75.6
30.36,93.62,29.25,52.73,3.51,35.22
25.18,95.64,38.06,40.1,8.6,100.0
36.92,69.81,41.63,29.37,8.2,100.0
20.71,90.18,88.05,88.41,8.33,100.0
31.19,71.68,32.24,48.04,2.93,31.65
34.43,53.16,34.22,77.28,1.05,13.99
25.6,84.8,26.76,43.78,3.16,31.7
37.27,53.77,46.37,41.19,6.62,86.83
24.81,77.33,62.9,95.3,3.21,41.34
36.8,85.59,94.8,1.13,3.48,39.97
21.57,98.17,44.61,68.95,5.27,66.16
23.2,90.55,17.03,41.08,2.52,26.42
27.62,45.17,54.99,12.16,5.15,55.29
37.08,52.69,49.67,9.27,7.99,100.0
22.89,54.91,10.2,24.52,0.5,2.46
37.51,55.46,86.02,14.78,1.84,21.19
24.59,40.86,71.26,85.61,5.02,67.19
29.05,85.29,97.15,31.09,5.88,79.88
27.05,61.47,26.92,34.38,4.73,49.42
22.36,43.97,23.92,66.01,0.21,4.16
38.89,96.44,94.18,90.81,8.16,100.0
28.76,74.51,61.28,77.02,4.46,55.3
33.81,80.71,23.25,44.58,3.76,39.78
31.51,49.53,8.84,52.79,3.73,35.04
30.03,70.86,97.77,44.59,7.62,100.0
32.33,94.1,31.46,45.8,7.76,100.0
37.97,75.3,43.99,34.6,2.73,29.85
33.99,78.27,35.87,84.57,7.38,100.0
30.65,83.28,15.84,36.55,1.97,18.5
32.9,82.24,3.58,79.01,6.45,78.43
32.13,49.01,30.54,6.27,6.74,76.8
28.66,94.44,33.79,48.03,7.0,94.93
32.5,59.34,81.1,37.62,7.15,100.0
28.87,43.1,43.56,46.59,1.47,17.2
35.15,44.99,73.68,9.15,2.31,25.63
39.38,92.15,90.83,91.28,7.5,100.0
39.2,42.4,78.9,29.35,1.33,20.33
36.41,86.77,91.85,27.35,1.12,17.55
32.04,91.95,49.86,38.51,8.79,100.0
34.99,40.8,10.4,45.73,8.71,100.0
23.56,88.6,3.87,22.12,3.03,26.28
29.58,98.87,18.69,61.92,0.08,3.54
25.15,41.82,82.92,37.58,3.58,44.12
20.07,83.5,57.43,6.01,0.23,6.54
39.33,99.95,14.01,24.37,1.29,13.63
37.28,87.83,13.26,56.01,2.02,16.35
30.27,70.32,89.15,60.69,7.55,100.0
25.08,93.09,52.0,79.97,3.38,43.9
33.86,92.94,83.6,96.4,8.22,100.0
28.7,57.55,89.67,56.22,5.73,79.6
36.07,93.42,70.32,79.63,8.31,100.0
39.99,70.75,47.78,84.85,8.05,100.0
26.98,62.38,46.51,73.0,2.21,25.4
24.89,59.77,67.27,13.2,2.14,24.47
25.35,50.68,33.83,95.88,3.57,40.91
21.87,90.72,99.99,35.52,0.97,20.74
27.88,68.05,20.39,24.78,0.77,8.58
20.35,59.88,64.1,28.52,8.23,100.0
22.29,54.26,68.75,46.89,7.77,100.0
25.43,47.69,99.61,55.05,8.25,100.0
23.2,85.32,66.85,86.47,6.47,96.47
34.64,77.53,2.28,71.57,0.12,4.32
22.11,46.53,78.5,10.47,8.76,100.0
37.32,97.61,20.94,16.42,6.38,75.88
24.42,56.75,68.52,29.02,3.74,42.29
22.17,88.51,78.28,97.46,8.88,100.0
20.2,58.69,14.19,7.06,0.82,8.02
34.3,62.06,23.13,48.93,6.05,69.28
25.13,60.58,77.67,53.33,7.42,100.0
30.19,47.12,17.1,21.18,8.43,100.0
22.23,79.63,15.87,41.8,7.17,88.2
39.71,61.53,44.19,98.44,8.06,100.0
22.51,89.38,11.93,79.08,5.11,60.24
28.24,77.84,64.15,69.74,3.05,37.31
37.03,68.7,29.45,25.12,2.28,22.76
24.9,91.35,98.38,93.13,6.59,100.0
25.34,86.76,60.32,96.66,0.51,11.6
36.17,92.35,97.55,88.12,6.94,100.0
25.47,91.36,62.05,89.31,6.08,85.97
20.06,81.32,87.99,16.07,3.33,39.5
28.56,79.82,82.06,96.41,6.52,100.0
20.25,49.92,11.09,1.54,1.32,11.15
38.2,81.92,12.36,3.83,1.77,14.03
32.84,55.73,17.79,8.15,7.15,81.73
31.66,72.51,25.87,57.73,1.53,15.53
24.03,46.68,8.17,83.53,5.19,56.96
34.0,92.51,79.37,84.17,6.6,100.0
33.55,40.91,18.52,94.44,8.15,100.0
21.21,49.49,22.66,57.86,2.78,30.33
37.62,41.19,88.82,98.14,7.37,100.0
31.59,47.94,95.81,14.96,7.91,100.0
35.85,95.07,85.9,89.14,7.51,100.0
25.26,64.02,29.42,3.03,3.46,33.45
22.44,98.84,80.01,77.41,6.99,100.0
34.05,88.52,97.03,91.66,0.13,9.68
35.88,67.58,35.39,35.97,2.75,27.17
27.72,65.01,44.26,93.96,3.73,48.06
20.47,65.86,67.46,54.81,4.66,58.31
36.37,81.76,26.57,34.29,2.13,21.76
24.12,91.28,73.76,96.71,7.98,100.0
26.78,80.19,43.53,76.66,3.14,35.5
32.56,85.69,84.96,81.8,5.76,82.9
22.0,79.14,64.28,65.97,4.47,54.57
21.44,82.3,15.38,4.38,4.3,40.1
20.51,57.37,75.52,26.63,6.35,83.87
38.33,90.13,66.74,88.52,1.65,25.82
26.23,97.86,26.46,58.73,0.75,13.25
33.21,57.68,34.4,40.51,4.94,55.53
39.78,87.08,31.44,94.74,0.1,4.48
33.39,88.81,99.32,36.64,1.33,19.14
30.5,69.45,18.37,32.81,6.45,74.29
30.42,45.26,82.94,77.05,8.11,100.0
27.54,80.54,88.51,89.65,6.38,100.0
32.0,64.45,88.05,44.62,3.44,42.17
39.18,52.48,98.19,72.25,6.13,91.84
35.76,77.6,96.11,43.01,7.24,100.0
28.48,66.22,85.43,32.23,2.34,29.64
26.65,45.25,41.36,1.54,7.44,93.55
37.67,99.02,27.13,86.06,8.75,100.0
22.72,54.68,31.95,52.67,0.79,9.97
36.99,70.66,65.31,85.13,2.02,27.98
25.1,80.04,34.19,61.78,6.54,85.17
34.31,88.15,78.53,89.81,8.59,100.0
36.12,84.36,7.97,36.32,2.56,23.25
29.54,78.9,77.1,41.73,7.6,100.0
23.85,69.63,11.15,73.97,6.13,75.7
36.9,71.7,33.7,54.82,5.77,69.35
27.35,97.29,59.04,63.65,5.51,75.37
26.41,94.65,53.12,75.31,4.52,56.48
30.2,46.72,89.31,27.39,6.9,97.44
28.7,90.06,78.44,79.92,8.05,100.0
33.66,71.01,78.9,45.33,7.16,100.0
22.74,95.2,30.34,66.11,4.34,51.05
28.71,88.99,13.23,21.82,7.01,84.67
37.83,63.19,74.33,23.34,6.8,91.24
20.72,93.17,15.36,73.5,4.1,44.96
29.15,62.69,83.42,35.04,3.01,37.05
33.21,56.27,94.3,87.6,3.69,52.2
37.75,76.59,28.29,66.47,4.44,49.09
31.88,61.35,76.1,66.54,1.32,18.57
36.49,77.34,43.73,38.03,1.97,21.7
24.45,64.58,29.9,90.27,0.92,12.05
27.06,87.75,43.11,94.46,0.65,9.54
38.84,51.22,19.42,13.21,0.1,1.19
37.72,56.22,98.81,51.46,6.28,90.89
31.16,70.6,30.0,90.69,5.52,67.52
29.51,83.47,70.59,10.13,6.54,85.16
29.02,49.51,33.49,29.76,3.66,34.61
21.18,99.39,54.08,79.2,4.18,50.59
37.85,74.98,63.18,48.5,6.73,95.26
36.36,48.98,76.13,95.15,6.4,97.92
29.13,92.09,71.74,38.02,6.89,98.21
25.59,65.6,94.26,52.75,2.08,30.61
26.86,99.75,86.97,79.08,7.16,100.0
22.46,51.72,54.07,45.72,6.97,95.24
34.44,87.13,29.08,91.77,0.89,12.6
31.13,96.14,81.7,69.46,2.22,32.92
24.68,62.69,6.2,94.57,4.42,47.57
32.46,44.73,17.58,32.95,3.73,33.98
39.58,82.41,97.99,98.49,8.64,100.0
22.45,79.27,35.46,70.77,6.76,90.68
29.17,62.25,68.18,13.13,0.37,5.87
29.88,65.57,99.85,41.29,4.19,55.79
23.34,94.86,65.98,86.02,7.45,100.0
30.63,68.95,17.5,7.99,1.22,9.12
32.12,78.61,97.53,92.96,4.84,69.88
23.15,72.47,74.64,95.99,0.77,15.42
23.09,49.85,19.68,1.42,8.24,100.0
37.13,69.48,80.43,13.8,3.74,40.87
26.23,67.64,51.59,27.78,1.31,14.88
32.61,72.74,78.74,84.77,0.76,16.78
32.54,46.64,59.86,61.11,7.06,100.0
36.78,49.21,22.73,56.54,5.51,61.2
34.8,75.17,80.6,81.41,5.01,68.92
36.81,56.53,0.2,95.06,4.8,52.84
32.5,54.42,24.97,17.97,0.81,6.85
28.99,62.37,81.86,12.33,4.44,51.57
27.87,53.24,97.01,60.78,3.52,46.35
27.58,79.38,3.55,96.89,2.77,28.32
28.37,63.63,43.76,71.0,1.64,19.97
22.59,49.46,16.91,89.21,8.19,100.0
28.48,88.53,37.4,89.62,1.55,17.94
27.79,65.91,35.98,21.93,0.49,6.74
20.69,94.9,59.76,68.56,1.28,17.67
25.5,51.6,43.74,86.22,1.64,20.73
35.04,92.58,96.56,10.13,3.82,45.23
31.56,81.82,63.67,78.01,6.17,86.54
36.12,46.23,41.88,27.2,1.21,15.95
30.85,94.8,71.95,75.84,7.7,100.0
37.08,79.22,27.65,22.32,3.94,40.1
35.92,75.35,62.73,71.74,5.07,65.34
21.97,98.7,77.37,72.01,7.42,100.0
39.54,96.63,71.22,55.58,8.56,100.0
20.29,84.79,67.38,56.12,4.96,62.78
31.94,97.95,81.75,22.53,6.35,85.51
35.85,90.77,99.49,88.58,5.83,90.17
26.64,89.03,5.53,98.88,0.27,5.62
31.97,83.54,49.71,69.4,6.05,81.53
27.24,78.76,81.31,0.98,6.27,80.45
21.21,93.21,0.0,74.34,5.91,66.98
20.17,76.8,54.52,64.28,1.94,23.78
21.9,44.52,65.98,41.18,2.99,32.95
21.97,74.95,19.17,22.8,4.98,49.15
32.22,46.17,40.08,16.57,1.25,11.97
30.52,96.96,78.95,8.35,1.43,15.98
29.11,78.8,6.67,63.93,6.29,72.03
33.84,58.98,12.42,9.42,1.18,9.81
20.34,51.87,81.81,51.8,0.15,9.76
25.42,71.68,32.19,46.38,3.31,34.06
35.55,60.55,59.04,60.73,0.68,13.13
38.2,80.52,41.62,59.45,2.54,29.66
28.77,76.26,10.57,51.91,6.84,82.61
21.63,69.96,81.14,15.51,7.07,96.21
35.97,55.16,24.17,2.7,0.64,4.0
37.7,71.54,91.32,57.62,5.13,68.89
28.27,67.7,77.58,42.32,0.79,14.09
24.87,94.0,96.5,88.62,7.99,100.0
20.88,93.66,63.55,43.01,7.06,99.08
31.82,85.55,92.06,11.35,8.75,100.0
38.2,59.18,87.92,17.93,2.44,29.69
33.56,99.81,78.38,88.88,7.27,100.0
26.34,95.52,17.2,51.38,3.08,31.94
32.86,72.46,79.3,84.62,5.68,81.9
36.64,80.23,53.81,56.7,4.43,54.01
29.52,81.14,58.87,81.41,4.92,61.21
36.39,65.51,26.57,37.26,7.28,91.98
27.84,48.91,90.03,61.31,6.27,89.27
26.97,82.04,77.6,76.09,8.66,100.0
31.66,95.99,29.71,46.83,3.26,36.64
29.29,98.96,25.52,77.86,8.6,100.0
39.54,48.63,28.1,11.03,7.45,89.73
30.33,69.52,46.11,7.48,4.44,43.15
27.7,93.75,23.09,10.11,4.51,45.8
27.9,80.51,51.74,99.53,8.12,100.0
30.96,66.08,19.2,92.71,5.29,64.15
27.1,77.16,70.76,70.08,5.05,67.31
34.46,98.68,64.77,83.61,6.13,87.14
27.61,66.02,13.23,8.51,1.4,11.38
27.68,91.58,40.6,82.09,1.96,25.85
32.34,40.17,40.37,18.94,1.16,10.92
21.22,49.6,72.49,27.28,6.05,78.36
33.11,71.08,48.34,84.08,3.56,39.15
30.1,73.66,69.3,25.73,0.85,12.26
29.06,60.6,3.31,84.46,2.94,28.23
34.39,41.68,43.66,78.59,1.26,18.04
35.17,84.62,8.98,83.73,5.39,61.2
36.93,54.58,46.21,67.43,3.84,45.1
27.5,78.67,61.52,35.21,8.41,100.0
26.54,73.55,79.67,65.32,5.48,73.35
34.29,82.19,20.51,56.38,2.5,26.75
31.64,75.42,37.95,74.94,3.02,35.13
32.64,81.7,26.45,86.2,6.79,89.85
31.11,74.33,95.74,98.35,6.61,100.0
35.45,73.45,19.83,69.01,8.92,100.0
23.8,66.16,4.24,92.81,5.95,71.37
31.11,65.8,12.59,27.18,8.25,100.0
23.16,69.46,99.75,97.35,7.8,100.0
28.15,95.82,94.59,70.31,6.21,96.33
33.28,66.34,32.03,4.12,5.16,51.51
29.86,52.62,0.38,59.04,2.02,17.33
27.59,99.64,56.19,65.7,4.41,53.86
37.7,47.98,30.05,81.56,8.3,100.0
35.46,94.52,2.21,12.63,8.76,100.0
30.53,77.49,45.66,52.76,8.52,100.0
39.0,42.93,42.42,50.13,3.97,44.14
28.49,94.14,76.11,96.8,8.08,100.0
35.76,61.69,65.34,99.22,4.4,60.4
23.36,95.79,72.6,53.95,6.23,86.6
25.72,76.52,40.3,56.37,3.09,34.85
26.76,58.3,13.22,15.44,0.3,4.02
22.12,84.93,32.59,36.19,2.99,30.83
30.04,95.15,88.17,28.76,2.76,30.77
23.85,78.99,18.64,27.89,3.81,36.66
32.68,92.51,39.81,93.37,6.1,80.82
23.8,49.6,10.35,88.03,1.81,18.04
22.47,94.25,22.93,60.67,6.09,75.02
39.38,79.7,48.54,31.96,0.66,12.95
33.16,89.72,50.15,53.63,5.16,63.44
38.73,99.87,65.91,57.11,2.1,25.06
29.8,70.09,60.51,80.02,5.03,64.34
20.67,94.5,78.85,25.59,7.5,100.0
31.49,85.19,75.7,67.76,6.23,90.08
31.17,73.14,25.4,90.76,6.0,76.63
20.3,82.75,80.84,64.08,6.36,92.13
37.22,75.14,77.29,57.95,4.12,52.24
32.4,85.75,12.0,98.98,7.44,100.0
34.89,79.09,66.97,41.13,4.81,58.44
29.88,56.49,63.08,73.3,0.16,9.22
32.37,81.34,66.97,17.67,7.77,100.0
25.15,47.85,3.12,93.28,4.23,43.88
39.48,89.44,2.81,7.92,8.36,100.0
28.01,91.97,29.48,95.58,8.04,100.0
23.25,69.13,8.02,72.71,3.59,35.09
21.12,70.45,36.61,22.72,8.4,100.0
32.72,64.12,87.24,18.09,0.53,7.83
39.67,76.82,84.55,98.09,7.29,100.0
37.92,92.37,39.28,3.99,6.13,72.1
34.04,58.29,26.75,11.43,7.56,93.5
39.81,64.17,42.16,67.29,4.24,49.74
34.46,78.15,84.75,70.64,5.88,85.47
26.79,78.86,60.14,95.25,6.28,93.26
32.02,88.85,42.11,57.41,4.21,49.76
21.6,62.26,29.01,48.84,2.52,27.0
24.43,55.28,19.51,37.72,3.21,32.06
28.35,46.25,97.56,2.85,5.73,73.17
24.04,49.61,31.1,96.69,4.78,59.09
39.07,77.08,25.27,62.8,2.71,28.6
39.91,86.55,42.99,68.97,0.43,11.13
27.42,72.5,8.04,67.38,8.02,100.0
34.18,68.05,28.1,60.65,2.5,25.41
28.16,77.51,93.06,33.53,4.17,54.22
22.79,87.72,7.44,18.44,4.46,42.9
26.74,82.77,78.1,65.15,7.06,100.0
24.67,47.6,2.31,8.2,0.24,0.19
26.56,91.78,62.88,73.26,6.94,100.0
24.3,41.43,95.46,4.89,1.14,13.64
22.25,88.45,84.99,99.53,7.93,100.0
24.35,88.26,91.98,11.24,5.02,59.2
38.12,93.28,85.76,52.46,7.56,100.0
21.7,45.37,62.47,55.54,3.41,38.63
26.5,46.47,55.98,12.71,5.81,65.15
30.57,92.37,50.91,96.4,8.12,100.0
27.09,83.57,79.24,91.16,8.04,100.0
30.35,63.54,70.18,22.39,4.21,47.82
20.87,66.92,31.46,40.99,2.11,16.58
32.97,43.51,44.89,77.5,5.16,61.04
31.27,78.62,67.54,84.13,8.32,100.0
33.62,96.7,15.67,9.06,6.13,68.9
31.35,80.54,55.15,25.74,8.6,100.0
28.76,67.87,51.93,64.24,5.21,63.41
27.0,97.65,53.47,41.9,0.19,6.99
24.53,81.31,51.08,34.25,4.03,43.24
30.0,43.42,75.03,42.45,8.13,100.0
20.52,80.2,75.75,50.53,0.3,9.76
26.56,43.58,32.96,18.47,5.56,59.24
33.56,58.43,35.08,38.81,3.4,38.8
22.17,76.94,1.65,6.98,3.63,30.57
21.26,52.94,11.33,0.61,5.11,47.51
33.04,42.29,26.23,97.52,3.7,41.52
27.96,77.08,76.57,5.48,8.28,100.0
36.04,57.15,79.79,4.35,2.73,30.83
38.75,71.98,24.8,89.0,6.83,89.83
39.14,57.2,48.08,61.82,3.96,47.07
28.51,81.19,37.57,84.45,3.0,34.69
25.29,93.74,79.81,13.96,1.42,13.89
32.17,45.19,46.69,63.95,1.98,22.78
32.56,87.18,71.26,69.69,5.08,64.85
32.45,49.37,35.63,77.17,3.08,35.91
26.44,75.25,75.45,65.98,6.05,85.8
21.28,61.44,25.41,39.08,7.77,100.0
24.2,52.38,69.71,27.61,6.08,78.83
23.09,44.51,91.8,65.45,8.6,100.0
22.48,86.11,62.83,34.36,7.2,100.0
38.53,87.62,76.9,50.88,5.03,65.66
20.28,99.81,1.41,62.64,4.14,42.38
32.04,96.08,76.01,86.58,8.52,100.0
38.95,66.08,83.55,92.09,3.82,54.41
27.2,48.0,41.27,69.34,4.9,56.5
30.54,40.64,49.39,15.64,3.0,28.56
33.92,71.89,5.24,88.89,2.53,28.55
26.34,91.63,17.46,20.45,7.61,93.08
29.55,93.95,77.67,80.86,7.65,100.0
36.34,54.53,8.46,15.38,1.47,10.97
34.91,66.34,79.99,68.46,6.55,98.05
36.17,93.61,10.87,14.94,7.57,92.41
39.75,76.77,73.44,68.73,4.62,58.16
27.41,83.36,83.95,8.01,6.0,78.11
34.94,67.75,57.63,61.82,3.14,38.1
32.06,79.39,22.98,26.53,2.02,18.61
33.33,64.15,20.87,10.08,1.42,12.7
34.8,73.13,48.22,39.58,3.43,35.65
34.99,85.26,95.4,84.77,8.07,100.0
37.71,65.91,44.3,41.92,7.64,100.0
26.99,56.06,15.49,44.18,2.51,21.61
33.07,48.35,20.01,57.73,3.42,31.82
25.61,40.08,68.42,70.38,8.63,100.0
31.89,46.8,98.76,77.7,3.53,49.99
35.02,81.55,46.19,27.43,3.18,34.25
35.82,80.11,71.37,89.45,6.66,100.0
28.4,85.98,47.24,66.13,5.13,66.48
30.17,84.22,84.55,90.59,3.27,43.97
26.68,83.39,11.52,53.63,6.61,81.4
23.38,99.66,58.22,47.58,3.12,35.72
25.21,97.76,58.62,19.54,4.12,47.61
38.24,56.13,0.11,46.96,2.89,25.56
26.18,48.71,94.06,49.29,2.87,36.34
39.5,85.28,92.86,76.04,8.22,100.0
24.83,49.82,20.06,11.99,0.21,2.87
34.46,46.14,72.56,48.64,3.86,46.74
31.48,91.91,64.64,93.5,7.01,100.0
33.94,71.82,11.67,85.44,8.37,100.0
32.88,76.81,8.46,94.84,3.14,36.37
34.13,61.64,9.34,8.45,0.47,4.88
38.11,87.18,55.95,21.22,8.16,100.0
31.27,74.3,67.94,94.39,0.1,10.66
21.36,71.19,84.27,74.68,4.71,61.48
25.42,45.08,72.64,46.67,1.71,20.23
34.16,91.54,15.49,41.15,7.97,100.0
29.88,75.4,21.56,8.48,4.91,48.27
30.97,53.38,23.7,20.41,2.8,24.61
31.93,44.45,19.81,20.66,0.79,7.2
27.65,96.38,75.96,55.13,0.32,7.4
35.48,90.74,83.14,51.67,5.2,67.36
34.47,94.7,40.13,54.29,6.33,83.1
34.29,62.93,60.2,7.65,3.47,37.93
34.31,86.22,97.44,87.46,8.78,100.0
37.81,50.97,47.58,46.32,7.26,97.42
31.91,92.43,94.09,19.35,7.79,100.0
39.34,99.44,75.83,61.44,4.62,61.42
22.38,98.33,97.46,87.95,6.31,100.0
32.64,90.9,4.22,35.2,7.83,99.77
34.34,77.94,34.52,54.4,3.43,35.79
29.54,48.54,65.88,62.86,1.45,19.33
25.76,49.89,77.6,8.2,3.32,36.1
31.0,68.42,59.22,74.13,0.56,7.61
27.29,86.07,86.92,13.76,0.32,8.62
38.18,98.14,96.56,98.16,6.87,100.0
27.14,94.93,61.75,35.69,7.67,100.0
23.51,81.03,34.81,56.92,5.83,68.81
31.53,58.74,36.37,68.95,7.71,100.0
27.92,75.49,85.1,71.28,6.85,100.0
21.92,75.92,65.66,52.71,6.18,85.29
31.3,97.03,95.7,91.49,7.79,100.0
30.76,63.13,39.75,69.6,8.28,100.0
23.46,63.61,17.68,47.88,2.47,22.53
31.95,40.76,0.03,58.89,8.55,100.0
31.35,72.27,46.15,44.37,8.85,100.0
35.47,85.65,83.08,41.63,2.52,32.65
27.23,98.13,76.65,70.14,5.65,81.04
24.98,93.53,99.39,52.41,1.98,27.54
39.02,45.22,66.94,86.78,3.54,47.29
31.22,98.83,23.39,74.34,5.62,68.74
20.54,66.51,9.92,4.58,0.88,5.9
36.41,42.47,82.85,21.42,5.82,69.87
23.94,53.97,20.16,29.35,0.63,6.12
35.72,94.35,48.17,20.54,1.11,12.1
34.1,80.53,90.06,89.95,8.29,100.0
39.38,89.5,2.58,11.81,8.48,100.0
39.31,52.29,26.51,66.91,0.02,3.19
25.49,49.24,15.77,32.61,3.94,36.05
35.33,87.9,85.27,77.86,7.59,100.0
26.34,62.28,40.75,36.72,3.15,30.56
32.58,75.87,56.63,65.68,4.41,52.38
31.95,46.56,7.1,33.97,2.62,22.01
21.09,67.89,77.69,90.23,5.84,84.79
20.1,53.15,18.6,26.22,0.89,9.2
21.16,83.38,53.14,88.94,6.99,100.0
22.56,64.85,37.66,66.78,1.65,20.67
25.15,59.1,43.05,80.66,8.17,100.0
38.14,79.94,65.9,38.9,3.6,43.06
30.37,63.55,16.12,10.87,0.19,4.34
35.94,56.23,18.94,22.39,0.9,9.66
36.77,41.19,90.23,20.47,4.8,55.61
34.7,96.74,65.74,94.36,8.2,100.0
27.83,85.32,73.83,54.88,4.64,56.85
37.28,52.07,8.69,7.17,4.05,37.5
34.84,76.93,69.95,74.19,4.17,54.7
34.86,75.7,52.82,46.13,2.04,24.14
38.03,47.56,36.21,84.59,6.09,75.93
31.97,51.5,39.89,89.6,1.96,24.0
30.57,97.4,29.3,11.35,7.61,98.73
37.8,70.48,16.3,6.2,7.93,97.79
29.09,51.49,3.47,12.17,1.75,13.41
36.23,87.85,26.44,67.14,1.29,14.48
21.08,68.23,49.66,53.28,6.51,85.51
20.03,78.3,66.68,73.79,5.88,81.2
30.57,57.85,73.33,59.34,5.59,75.63
21.47,43.47,59.56,9.59,4.58,47.19
39.53,85.93,73.73,78.25,6.92,100.0
20.11,98.38,43.15,33.16,6.48,78.81
34.36,77.42,66.74,70.77,1.46,19.74
24.87,89.87,74.32,59.69,4.89,63.6
39.35,69.9,50.18,48.99,2.27,27.09
27.63,98.4,82.78,79.19,7.97,100.0
20.55,69.1,79.54,93.86,7.49,100.0
20.54,79.92,85.17,22.02,4.11,49.72
31.07,61.49,66.65,34.35,4.44,49.83
39.73,77.25,41.38,3.46,8.07,100.0
39.6,42.14,93.42,29.65,5.03,59.25
26.75,42.74,90.14,19.97,7.21,98.85
29.65,87.93,82.85,21.73,7.77,100.0
22.01,47.47,89.11,57.22,6.26,89.53
30.44,40.84,91.66,78.08,1.3,20.52
31.99,91.85,92.99,78.0,6.1,91.95
25.02,55.93,20.03,82.91,3.91,43.73
32.24,74.94,53.85,73.13,0.57,10.61
37.99,90.34,61.6,97.65,2.71,36.53
20.02,84.75,77.34,1.85,1.88,19.71
24.58,77.24,72.75,55.3,4.15,49.38
24.2,73.66,51.29,40.98,3.59,41.22
22.48,72.51,99.56,47.78,2.24,30.59
23.32,61.0,45.22,57.74,0.92,12.77
32.52,72.78,23.79,62.26,2.64,27.89
22.05,97.19,87.2,79.58,8.2,100.0
34.77,99.85,50.65,82.94,5.0,65.06
37.74,48.71,24.85,76.95,8.36,100.0
38.53,84.08,62.85,87.01,1.5,21.23
33.2,67.26,95.44,14.77,6.91,95.2
23.95,87.71,31.28,26.3,3.68,37.58
21.71,48.46,37.23,60.74,4.41,47.94
24.64,42.39,46.55,36.1,5.98,71.13
39.24,81.88,68.8,29.79,7.05,97.57
39.25,99.68,39.59,38.33,0.54,7.77
27.64,45.69,42.51,70.16,3.49,42.89
26.52,91.86,70.09,19.86,6.88,90.67
30.2,63.12,98.51,6.19,4.81,56.35
25.83,41.01,31.65,0.35,3.08,25.1
39.59,70.6,58.53,52.67,0.36,8.83
24.42,85.36,79.22,82.23,8.31,100.0
27.38,81.6,21.21,56.16,3.83,39.9
28.59,57.27,81.83,88.1,4.35,57.42
22.5,68.9,35.49,29.37,2.06,22.22
27.66,52.03,11.1,18.36,7.2,81.72
37.13,89.69,2.49,0.16,6.51,68.53
22.81,95.53,3.31,98.14,1.69,16.52
31.68,77.69,45.58,32.31,3.32,35.82
28.13,66.93,67.49,80.21,7.78,100.0
23.41,98.96,79.35,85.81,8.27,100.0
20.25,48.53,75.29,99.52,8.86,100.0
25.47,81.21,60.55,65.32,4.7,54.59
21.24,74.04,93.3,29.41,8.36,100.0
27.54,92.84,87.79,56.44,1.34,20.44
36.2,82.59,86.57,78.83,8.31,100.0
34.39,57.77,77.29,63.34,0.37,10.49
38.95,86.42,80.19,76.13,7.64,100.0
28.54,41.0,48.85,90.67,1.99,25.51
34.16,50.19,12.04,61.37,5.12,56.87
33.31,92.37,99.54,92.08,7.5,100.0
24.34,87.85,81.17,78.0,8.24,100.0
26.07,93.84,72.93,99.13,8.86,100.0
30.6,56.71,77.47,24.88,6.53,86.74
35.93,64.5,91.19,63.35,3.3,42.56
29.24,72.87,20.28,98.11,0.61,7.65
24.55,44.11,96.84,91.61,2.21,32.48
39.87,87.43,51.81,20.99,4.53,49.97
22.31,89.53,74.47,84.28,2.32,33.03
39.12,52.79,31.82,2.11,6.99,80.45
36.18,87.91,32.94,58.94,8.42,100.0
36.78,61.69,35.96,93.03,1.59,19.08
35.9,65.39,34.81,95.93,0.05,5.18
24.16,71.94,30.03,33.67,3.4,31.87
32.65,93.51,30.96,63.08,7.23,97.44
35.13,62.51,64.74,38.99,0.48,8.94
34.91,69.29,90.2,72.36,6.72,100.0
25.43,57.19,4.17,24.57,3.65,32.12
23.62,70.93,1.66,3.39,3.83,31.32
26.56,78.44,79.65,76.4,5.39,74.17
29.6,45.56,69.97,6.04,2.88,28.05
31.48,95.19,60.82,66.47,7.29,100.0
36.74,56.51,9.02,15.39,0.43,6.26
35.38,45.81,22.89,4.33,6.47,71.54
33.52,92.14,48.12,15.98,8.13,100.0
25.27,84.62,91.59,10.07,1.48,17.98
29.58,58.79,61.75,21.44,4.99,56.12
26.71,71.29,57.71,63.53,5.77,75.33
24.7,91.61,93.28,57.06,1.19,20.96
20.2,98.09,33.89,43.29,4.89,53.61
26.79,56.86,15.72,84.31,2.27,23.58
25.12,79.03,12.92,75.31,6.78,84.96
31.44,58.38,21.8,15.17,0.86,9.05
21.25,87.86,60.36,84.23,6.57,95.43
25.41,44.24,23.39,69.61,6.68,83.9
20.9,70.22,45.71,22.66,6.59,80.63
32.83,92.42,58.49,25.98,1.89,21.02
31.36,40.19,13.9,29.81,0.23,4.49
26.75,66.23,84.88,74.11,2.23,31.31
22.95,75.05,41.89,43.23,7.94,100.0
39.16,71.59,86.35,95.95,3.57,48.93
31.69,83.97,76.01,4.02,1.81,20.43
33.58,58.62,17.8,19.38,0.18,4.71
30.63,87.13,71.66,15.47,3.45,36.98
36.13,76.66,70.33,88.21,4.26,57.77
37.93,89.45,31.13,47.96,4.05,45.87
27.65,65.17,25.37,62.0,2.68,26.11
33.8,42.58,82.34,59.79,2.7,37.65
24.6,68.16,32.09,47.09,2.01,20.36
33.04,86.83,73.96,78.37,5.97,83.41
27.98,60.87,31.31,82.2,6.11,76.66
20.14,56.2,72.22,60.74,1.71,22.38
39.11,75.34,71.43,28.09,8.93,100.0
37.37,99.24,33.33,72.41,0.78,10.11
25.82,57.41,27.05,70.07,6.14,74.19
39.96,96.9,43.14,91.25,6.69,94.06
26.34,59.82,73.91,11.73,2.4,28.68
29.18,82.25,19.36,90.98,0.69,10.66
37.03,62.9,87.43,88.71,6.64,100.0
26.09,45.1,25.53,29.75,5.09,50.87
29.01,96.17,83.96,71.62,8.69,100.0
33.31,49.84,15.58,26.37,6.55,73.05
22.61,96.68,73.94,23.51,8.37,100.0
28.45,67.31,0.11,7.84,1.4,11.95
26.19,59.43,7.79,21.5,0.32,2.7
33.54,95.26,97.41,9.65,8.5,100.0
22.72,79.51,5.26,66.01,7.37,93.45
24.65,51.37,14.91,95.19,0.32,7.88
34.23,75.53,7.91,3.4,5.25,50.19
23.12,50.82,51.96,2.29,1.34,15.51
28.44,75.7,56.5,68.12,4.18,49.88
34.26,42.99,5.48,0.17,6.08,65.16
35.31,79.23,30.49,60.08,2.4,27.53
21.9,43.81,43.31,47.4,8.64,100.0
37.04,81.7,94.14,69.21,3.03,41.57
34.48,96.15,38.27,41.64,4.0,45.74
26.79,89.86,98.46,99.72,3.59,53.7
35.28,62.3,55.65,47.99,1.19,16.23
34.57,54.21,99.0,93.93,1.35,26.81
32.02,47.26,63.19,64.96,5.32,67.23
31.17,72.5,50.95,41.72,2.46,23.97
34.69,44.87,80.34,49.51,8.38,100.0
39.99,77.73,48.7,87.89,2.95,37.84
31.57,62.04,30.88,33.39,2.89,28.95
36.17,99.75,47.83,66.12,1.26,15.0
34.89,70.53,87.19,61.72,3.16,40.99
37.12,80.58,94.68,75.04,8.43,100.0
39.09,95.07,17.38,50.15,8.62,100.0
23.86,98.18,83.86,17.01,1.73,19.0
23.31,88.7,88.83,77.77,7.58,100.0
31.73,87.77,8.29,45.42,1.25,13.67
28.99,78.09,14.72,15.15,5.17,48.99
31.41,65.64,6.62,70.43,1.05,11.28
35.96,90.52,87.78,75.31,8.0,100.0
38.63,83.06,25.76,4.51,6.7,78.13
28.35,82.02,9.63,33.28,7.14,84.54
34.36,47.0,36.57,58.43,2.83,30.24
23.94,53.8,86.7,82.16,5.23,70.8
30.69,83.93,62.87,31.06,6.68,89.89
20.44,48.98,48.62,29.97,0.44,6.13
30.08,81.46,73.32,73.66,5.71,80.09
30.91,83.08,7.59,21.92,2.58,22.49
34.71,61.2,88.28,89.6,3.68,48.84
32.99,77.33,58.69,73.49,5.22,67.59
27.17,62.38,2.14,89.31,6.47,78.62
20.11,61.55,36.24,35.37,4.22,44.65
22.31,76.42,5.84,16.57,6.84,78.31
39.46,95.97,72.66,80.4,5.21,72.56
38.45,91.71,73.9,19.0,4.87,57.94
26.5,80.42,84.73,75.74,7.67,100.0
25.18,83.59,0.69,40.06,3.94,34.48
28.73,58.85,64.38,46.27,5.19,62.09
33.8,90.32,70.71,32.24,6.03,75.32
27.14,82.85,95.71,99.98,8.52,100.0
21.35,73.07,15.46,24.67,5.73,63.45
28.06,60.34,37.73,40.6,2.36,23.49
25.21,74.92,54.62,63.0,3.93,47.99
26.5,87.73,91.67,87.02,8.93,100.0
23.26,46.42,26.18,74.29,8.09,100.0
33.18,48.18,45.78,71.42,1.12,15.05
30.53,78.66,19.83,91.44,6.09,79.53
25.42,70.86,71.77,95.45,2.96,41.14
31.08,55.87,70.36,14.69,3.73,39.54
29.85,87.78,71.27,86.07,4.87,64.2
35.92,49.42,25.26,78.77,1.31,15.31
39.12,96.91,89.05,98.2,8.37,100.0
22.61,74.17,47.17,7.09,2.64,25.95
37.68,69.8,20.43,50.94,2.59,24.26
34.1,63.61,95.86,85.62,3.35,45.7
33.85,94.4,20.7,89.92,0.45,7.81
27.49,93.21,62.71,20.44,5.39,64.66
26.88,44.15,77.4,50.09,6.75,93.79
20.11,79.25,31.94,44.05,5.55,65.64
39.64,49.18,30.88,36.03,7.01,86.39
32.13,52.65,89.68,22.74,7.24,100.0
28.05,91.85,9.94,13.96,0.38,4.06
30.88,93.71,15.74,87.05,0.02,3.61
20.81,44.96,41.1,53.04,2.02,17.49
23.47,92.44,79.84,60.08,2.02,26.66
32.47,83.71,45.5,26.16,5.07,56.26
30.29,86.54,27.06,93.51,2.06,24.09
35.74,71.55,48.98,30.29,2.15,23.69
33.17,70.43,44.55,67.15,4.08,46.44
32.03,71.39,41.62,61.29,3.91,44.82
36.31,52.02,86.88,23.28,8.97,100.0
21.37,70.3,32.13,59.53,6.2,78.94
33.82,59.11,70.85,83.29,2.39,33.04
34.31,58.64,9.06,8.66,0.13,2.16
25.5,44.96,76.69,6.82,0.39,9.08
23.91,66.02,57.53,33.42,3.78,41.16
24.28,94.67,55.14,83.41,5.67,76.81
23.96,58.74,65.59,36.9,8.54,100.0
30.48,54.43,61.23,66.78,2.41,31.15
22.71,55.75,61.15,54.72,2.19,26.26
33.19,82.82,28.13,89.14,0.16,5.01
22.1,57.21,9.79,22.26,5.17,50.94
20.54,64.16,18.94,39.93,8.96,100.0
26.39,72.74,21.62,54.12,3.34,34.26
23.84,96.45,17.36,81.68,4.48,49.86
39.77,87.66,24.45,82.32,0.52,6.69
26.06,74.51,27.85,30.33,3.11,28.86
24.44,89.97,90.69,74.98,7.37,100.0
23.94,90.69,99.79,24.16,0.14,10.33
27.48,84.71,51.14,72.63,6.15,80.85
32.12,71.01,34.44,95.47,1.33,17.98
35.64,44.19,72.05,28.53,0.91,15.31
27.29,82.69,46.95,19.84,2.05,22.71
32.52,71.1,2.95,2.25,1.24,9.08
29.64,71.42,33.09,58.07,2.56,26.96
36.93,40.69,23.72,14.36,0.13,3.82
31.38,43.27,10.63,15.5,0.02,3.64
25.8,76.34,17.32,19.95,4.91,50.23
34.07,46.74,48.25,66.22,3.18,36.3
36.4,79.33,19.36,43.6,1.74,18.91
29.31,89.18,29.88,23.32,6.05,70.98
39.74,59.09,68.72,60.58,4.72,58.21
37.58,44.92,22.77,5.27,6.49,72.76
23.94,96.43,76.54,81.97,8.9,100.0
35.74,61.47,7.31,26.09,7.22,89.75
32.02,52.47,2.06,2.24,0.94,6.83
30.7,78.06,53.89,10.44,7.32,95.63
30.28,92.07,81.38,11.49,4.95,59.41
37.07,99.67,53.51,16.78,8.66,100.0
32.22,52.15,99.42,72.46,7.68,100.0
30.75,81.69,24.11,80.62,2.29,22.65
20.98,82.73,38.35,49.21,3.1,32.91
28.97,69.61,43.23,65.68,1.19,15.73
38.16,59.53,37.6,23.37,8.2,100.0
34.23,60.55,73.15,88.01,3.11,40.89
21.02,80.58,95.56,26.89,4.3,52.81
37.68,77.25,75.56,12.98,0.19,4.22
36.53,51.74,11.01,2.19,0.14,2.65
30.93,89.76,78.03,95.5,8.56,100.0
20.45,74.69,21.71,19.84,4.23,41.8
31.25,84.36,62.02,33.91,1.69,20.7
21.09,73.52,40.26,66.07,6.24,80.37
26.41,40.22,22.81,11.69,2.67,23.16
32.58,91.44,63.91,66.12,6.21,87.99
38.26,86.71,92.53,85.84,2.8,38.13
27.16,84.55,7.88,27.38,5.18,51.23
37.2,40.62,32.93,16.84,0.45,3.67
38.37,68.22,19.05,53.36,8.91,100.0
20.42,66.24,49.41,3.33,5.19,54.97
24.79,79.14,19.49,80.4,8.78,100.0
34.2,47.5,73.62,22.25,2.71,29.87
35.14,77.28,22.48,13.29,4.74,49.89
27.85,96.82,18.55,80.82,0.17,7.24
33.14,62.3,21.69,84.28,6.94,91.18
32.24,60.24,29.76,73.47,1.5,17.42
34.8,41.7,64.18,23.46,3.83,39.78
34.37,43.44,20.96,52.7,6.03,70.78
21.72,49.26,6.27,7.97,1.1,9.97
23.17,98.53,43.02,47.78,7.05,99.19
22.65,40.34,19.7,94.96,7.25,100.0
38.65,84.05,99.99,86.9,7.17,100.0
38.27,50.44,52.73,84.5,5.44,70.57
35.95,73.68,37.86,19.24,0.85,9.21
22.33,80.69,51.37,92.67,4.04,53.33
31.49,61.54,81.26,85.33,7.57,100.0
23.74,71.74,4.58,78.5,0.8,7.74
27.37,77.65,39.36,94.12,8.9,100.0
25.34,51.64,41.54,78.89,4.37,52.38
36.58,99.66,25.09,57.67,0.12,6.0
22.89,52.23,44.19,64.87,3.06,34.81
32.92,40.62,56.66,82.09,4.51,55.4
39.68,77.42,70.14,81.44,7.4,100.0
33.74,75.13,41.97,47.62,2.95,32.29
21.58,63.92,7.68,59.81,5.23,57.37
38.16,56.54,46.0,88.03,8.7,100.0
32.86,76.31,51.71,71.11,4.14,47.72
29.13,55.87,45.5,71.8,3.42,39.59
33.19,63.6,65.65,56.57,6.91,99.54
37.58,71.22,59.04,83.83,5.35,71.66
29.54,67.46,46.47,20.54,1.97,22.01
30.63,92.74,7.89,52.53,6.76,83.07
29.05,62.99,50.78,34.34,2.61,25.41
21.45,59.03,53.45,65.94,5.03,61.29
35.74,97.57,0.57,76.38,7.71,100.0
22.53,91.9,20.69,62.35,2.48,24.87
27.89,95.66,6.14,55.48,6.85,84.44
27.74,86.72,46.73,88.92,5.58,70.54
25.6,51.9,1.51,63.98,2.85,26.06
28.05,42.56,19.67,10.2,0.34,6.3
32.36,94.52,94.75,72.14,7.79,100.0
26.23,70.42,97.56,2.3,4.2,46.81
23.45,93.43,22.66,50.87,2.8,31.66
37.39,83.23,49.51,73.64,0.09,7.48
39.42,52.75,89.12,50.42,1.75,24.6
29.17,63.09,68.73,59.14,4.61,56.88
26.54,98.07,29.87,91.16,7.46,100.0
20.95,41.17,83.4,87.4,4.52,60.02
20.74,82.88,57.39,8.13,2.49,28.23
27.86,98.73,73.0,51.06,8.36,100.0
38.6,71.23,44.71,64.26,2.89,34.89
34.61,92.94,52.22,86.3,5.78,79.42
26.99,98.87,49.97,57.72,5.74,74.57
39.36,90.63,15.66,13.99,3.57,30.83
28.58,70.39,61.96,59.72,4.34,52.98
25.54,43.58,64.39,46.76,7.47,100.0
28.53,40.27,1.63,28.54,1.13,6.68
24.23,62.56,42.2,94.29,4.76,58.09
37.71,93.12,97.85,83.6,7.18,100.0
27.22,53.18,53.4,5.53,2.31,23.09
33.16,90.41,94.47,5.88,8.05,100.0
27.78,41.61,83.76,20.11,1.72,19.27
38.03,66.45,23.11,42.02,3.35,33.37
32.85,87.24,91.02,90.25,8.24,100.0
29.77,77.81,56.61,8.05,4.93,53.05
22.64,75.37,73.39,54.09,5.67,73.53
38.04,48.94,5.81,40.84,1.84,15.96
30.94,74.1,71.26,59.79,1.56,22.15
25.7,62.51,73.13,98.92,6.4,97.63
37.56,53.74,48.42,99.19,7.43,100.0
21.09,93.31,91.25,89.24,6.5,100.0
26.28,56.82,15.75,26.42,0.22,2.2
30.74,56.58,81.29,68.16,2.94,36.85
26.8,79.36,92.79,36.77,5.35,71.41
29.53,67.3,48.75,77.83,4.81,59.54
25.29,48.74,91.42,60.16,6.69,100.0
22.6,86.56,61.46,89.35,6.76,100.0
20.74,56.23,62.36,41.48,0.84,14.33
23.15,72.94,15.07,86.37,2.51,27.59
39.06,72.07,15.23,55.34,3.58,32.87
31.51,79.75,77.28,84.6,5.73,84.8
29.78,76.82,73.56,70.99,1.53,21.61
27.69,99.94,50.14,48.22,3.04,36.0
34.17,75.09,79.98,29.55,0.57,11.58
22.83,71.66,76.98,59.63,2.9,34.63
25.52,77.36,20.36,11.31,4.61,44.41
33.12,92.78,13.28,59.74,8.43,100.0
29.58,96.76,70.58,10.27,1.6,17.47
35.4,83.53,67.64,76.52,6.65,98.55
37.94,55.76,45.47,36.46,2.47,25.97
36.47,46.95,86.85,18.12,5.47,65.86
23.68,86.34,45.12,78.47,5.47,69.61
21.83,42.73,58.05,72.59,3.11,37.09
23.39,94.16,84.71,72.84,0.34,12.15
35.67,41.23,87.14,33.53,8.27,100.0
38.28,76.15,55.7,52.27,4.52,52.83
38.51,96.63,62.04,58.26,5.64,72.46
25.96,68.23,52.1,37.7,3.57,37.28
36.81,66.51,4.11,56.04,7.48,95.69
30.72,84.93,56.27,24.4,7.06,96.82
36.46,69.8,77.7,87.49,0.86,16.58
30.97,65.27,98.49,96.03,0.46,13.81
22.92,61.55,24.62,36.06,2.33,21.7
21.58,95.55,44.05,34.24,7.41,100.0
39.14,87.64,58.66,21.62,2.43,20.55
28.52,84.2,88.15,86.48,3.56,52.93
27.01,69.26,71.59,16.34,5.21,60.8
27.13,94.01,23.12,79.89,5.87,69.62
27.58,69.18,85.94,83.23,3.84,55.7
38.9,95.82,66.42,31.62,4.04,43.41
21.25,88.18,89.52,77.68,2.95,37.58
22.38,49.02,83.44,45.3,0.85,12.89
35.79,42.82,12.93,34.85,1.33,11.75
30.99,67.34,4.94,26.53,0.28,4.98
22.57,76.76,33.64,52.3,3.6,38.04
20.69,76.13,98.26,5.52,7.43,100.0
24.48,98.57,18.7,63.45,2.75,28.25
25.22,79.41,64.55,80.08,5.05,65.0
20.28,69.35,15.79,13.21,1.2,12.51
24.32,73.9,4.48,36.03,0.85,9.39
34.77,41.7,99.4,67.86,8.23,100.0
37.11,74.76,30.35,29.11,6.91,85.65
37.96,94.15,8.05,46.44,8.76,100.0
27.8,40.26,86.05,21.67,7.7,100.0
26.39,90.72,43.2,61.33,3.68,42.06
40.0,88.12,57.65,81.05,2.83,36.14
35.39,46.37,98.48,9.77,7.51,100.0
30.75,90.81,48.07,2.7,5.29,60.39
25.1,85.81,6.71,76.11,7.91,100.0
26.43,69.46,69.12,32.29,2.93,33.42
30.31,54.71,71.06,32.38,4.92,59.69
30.84,57.29,19.42,56.47,4.16,42.56
20.27,76.74,54.54,48.67,1.65,19.71
39.19,98.35,53.26,69.25,5.91,83.57
31.51,59.52,4.99,76.04,0.75,8.64
31.78,67.01,7.32,2.22,0.24,4.71
24.23,83.76,90.95,82.6,4.8,66.14
35.3,83.71,84.38,97.07,7.07,100.0
34.75,97.36,22.31,16.72,6.78,78.67
21.9,40.35,94.09,75.82,1.72,26.66
31.9,54.67,38.23,66.09,6.56,86.85
33.16,79.48,94.06,98.18,0.22,11.74
36.71,68.79,17.1,16.13,0.54,6.17
24.12,46.77,47.05,39.02,3.6,39.54
37.55,45.97,23.46,10.36,1.17,8.13
29.23,42.82,13.77,66.19,5.06,53.47
21.93,83.08,80.91,65.91,7.48,100.0
22.11,73.75,23.24,46.86,5.97,69.79
23.96,78.16,47.04,82.77,3.49,39.86
25.66,58.94,37.21,28.69,3.21,33.73
29.93,41.42,80.04,96.33,3.83,51.71
34.98,93.34,29.67,31.04,6.39,77.95
23.73,95.75,42.45,3.75,5.53,61.08
39.85,68.92,12.27,20.01,8.25,100.0
23.23,41.24,27.12,92.74,0.0,4.25
31.99,74.85,78.3,79.01,1.45,24.17
38.58,58.96,70.71,43.94,4.45,52.85
36.65,50.95,40.22,90.52,6.03,80.89
32.96,95.33,51.32,87.73,4.35,56.07
34.31,50.76,45.83,23.36,2.65,24.83
22.68,76.08,72.4,84.52,6.08,89.08
20.19,56.84,39.47,44.24,2.95,30.41
28.68,90.19,72.21,51.41,3.42,42.93
21.79,97.04,87.68,80.17,6.23,95.55
27.16,65.66,43.41,11.46,0.16,1.45
24.47,48.75,52.93,39.05,2.57,28.91
38.33,92.55,10.46,23.26,1.45,9.44
37.6,43.29,58.74,57.43,3.43,39.57
36.38,54.37,57.47,52.43,2.09,27.27
34.28,77.29,15.88,16.25,3.63,35.92
23.08,82.14,99.86,1.33,2.43,29.2
20.97,63.51,13.27,7.18,0.79,5.88
33.08,74.24,82.58,62.34,4.5,58.07
32.85,60.8,49.15,48.83,1.7,21.13
27.39,57.31,22.27,57.55,6.86,85.35
29.45,74.09,11.28,96.17,7.31,99.7
29.78,98.73,93.18,78.53,8.26,100.0
24.8,59.69,75.45,33.38,3.1,35.47
26.28,41.01,67.34,85.03,7.51,100.0
28.37,96.9,41.99,54.85,6.03,77.96
32.06,43.64,17.26,52.19,3.43,34.25
39.12,56.25,78.95,69.19,3.52,48.13
30.77,56.32,29.86,31.98,3.02,29.27
34.62,84.12,39.19,88.08,0.52,10.59
36.14,74.69,84.12,16.73,1.21,18.03
22.27,79.65,63.56,42.19,2.23,26.17
33.06,45.82,52.7,6.49,8.33,100.0
29.64,88.52,61.06,70.54,7.39,100.0
31.45,55.01,10.78,27.03,0.37,3.16
20.77,97.37,12.54,42.54,0.13,3.61
38.12,53.88,72.67,88.64,5.27,70.24
39.06,77.52,96.99,18.63,3.39,40.24
20.07,72.72,50.78,0.23,7.22,94.23
24.26,79.01,91.15,83.2,7.45,100.0
23.6,61.78,6.81,43.75,4.45,43.8
35.63,86.88,46.74,5.5,1.6,12.15
31.96,52.76,65.77,29.62,8.03,100.0
23.55,96.22,92.99,90.43,7.86,100.0
36.28,57.73,3.3,26.06,3.75,32.38
27.07,77.6,72.95,78.97,6.34,94.69
29.22,77.13,14.61,30.47,3.33,30.51
27.75,81.83,58.32,82.93,5.45,70.26
30.43,71.19,84.32,74.45,5.37,73.88
29.6,59.93,4.17,21.63,1.29,9.37
25.49,77.14,44.28,77.42,0.35,8.72
28.49,73.6,11.15,42.33,4.48,44.38
38.17,76.4,34.75,72.7,0.31,5.78
30.06,84.3,82.04,97.76,7.83,100.0
38.33,70.98,66.18,77.33,5.34,72.52
31.0,49.58,2.31,43.05,8.54,100.0
35.38,76.4,13.45,56.46,1.34,13.86
25.87,95.63,29.38,34.94,8.39,100.0
35.81,41.54,89.55,40.15,1.01,16.73
25.29,72.64,74.71,71.44,3.19,40.06
20.39,55.12,61.75,89.54,0.76,15.24
23.21,73.7,15.26,89.41,7.4,99.23
20.43,84.98,92.89,57.57,2.01,25.65
38.94,84.13,80.81,62.95,5.98,86.03
40.0,69.19,32.3,35.47,3.94,39.07
35.24,86.74,40.43,37.12,3.43,35.37
22.16,44.36,42.84,73.82,7.1,96.77
37.98,70.57,58.75,11.12,2.93,31.3
34.88,55.71,37.48,89.4,1.33,16.08
26.64,95.28,21.0,28.37,4.14,43.91
30.05,86.97,66.7,21.88,6.39,84.59
33.24,46.45,67.76,27.4,0.36,8.42
20.48,54.59,44.24,81.17,7.26,100.0
30.03,67.31,48.67,26.89,2.3,22.65
34.65,97.77,5.07,60.95,6.13,72.46
23.76,75.88,35.44,52.75,3.67,36.28
28.88,74.08,80.04,65.64,3.51,44.22
30.65,60.48,59.15,59.16,4.19,47.47
34.71,78.78,92.07,99.78,4.22,62.05
39.29,78.92,71.65,31.1,2.46,30.53
36.97,53.16,19.98,6.54,0.19,2.35
32.43,87.15,45.84,19.88,2.5,29.09
31.67,45.48,17.34,46.39,1.5,13.13
32.06,89.09,91.22,83.74,1.2,19.24
30.9,52.72,65.92,21.1,8.05,100.0
21.19,75.37,90.95,96.14,1.18,21.92
33.97,60.84,61.75,1.32,3.56,37.74
34.33,81.59,35.51,34.84,3.86,41.76
30.25,81.52,88.15,89.69,8.74,100.0
37.41,74.14,39.77,90.53,3.11,38.56
33.45,40.49,59.76,52.18,2.58,28.64
27.25,62.47,93.08,68.1,8.72,100.0
20.39,89.58,82.93,4.94,8.97,100.0
21.18,67.78,51.31,39.44,1.19,11.58
27.04,69.96,44.8,77.07,6.24,82.91
29.24,77.29,3.33,10.9,8.01,96.22
23.34,66.05,35.12,78.24,8.74,100.0
23.79,92.02,98.13,30.83,2.68,32.86
24.6,64.2,74.1,35.3,7.06,95.86
35.61,96.55,52.47,64.74,2.95,36.7
35.43,92.62,86.23,7.82,5.59,65.47
27.66,85.38,66.28,69.69,6.16,86.25
23.45,61.95,95.76,91.37,6.37,100.0
22.22,66.5,11.18,8.79,1.09,8.29
21.74,85.32,1.33,25.3,1.01,10.61
27.83,51.15,70.55,1.37,2.01,21.69
20.91,84.13,27.82,45.11,3.42,34.06
26.67,55.92,23.93,22.97,1.1,10.86
39.23,85.64,30.09,92.64,5.02,62.94
30.15,82.86,21.21,36.8,7.05,88.68
36.45,51.34,62.81,14.88,6.3,78.41
22.59,72.21,43.4,2.91,6.9,84.9
25.36,85.85,6.45,32.5,1.45,11.77
38.93,96.82,82.23,51.22,0.27,6.99
27.67,50.71,26.61,90.08,7.85,100.0
32.97,58.26,61.82,21.65,4.06,46.38
39.52,91.46,77.66,55.33,4.82,62.62
31.02,77.5,5.62,48.09,0.66,4.94
26.11,48.19,99.73,86.75,6.37,100.0
30.64,43.9,4.2,26.96,0.03,2.86
21.09,86.83,20.54,85.77,7.09,98.45
22.25,72.52,43.67,40.13,0.55,9.46
20.14,49.62,60.31,34.62,0.75,11.45
37.68,63.31,0.3,20.73,3.09,25.3
33.43,57.7,43.95,44.47,2.66,28.08
25.97,61.76,53.63,61.62,8.86,100.0
24.42,64.01,69.45,96.19,4.06,52.42
33.66,46.73,31.33,60.6,4.22,43.97
38.39,43.59,40.39,41.23,0.42,8.27
25.98,92.9,22.12,24.24,4.42,45.51
26.43,93.26,29.3,65.2,0.58,11.12
37.08,40.15,68.74,21.09,5.65,68.78
37.87,78.47,33.73,9.34,8.83,100.0
38.28,45.62,27.96,9.35,2.97,29.06
25.86,88.61,29.86,85.05,7.27,100.0
22.41,92.77,61.26,38.23,8.69,100.0
28.8,77.0,56.08,94.03,8.71,100.0
25.92,76.79,40.69,49.67,6.71,88.93
37.68,62.29,63.23,69.15,7.83,100.0
20.73,54.97,64.28,82.7,3.16,36.53
32.68,56.4,21.56,53.72,3.59,39.02
38.12,48.02,33.91,16.25,5.97,65.42
39.53,80.33,24.43,21.67,1.96,17.49
33.0,68.21,82.91,15.01,2.82,31.17
39.0,50.66,27.54,44.56,3.25,35.24
21.51,75.3,31.73,15.5,0.59,7.7
27.19,87.72,53.78,65.09,4.11,50.32
20.17,75.33,54.74,36.28,7.05,97.02
39.62,71.78,81.1,96.41,5.85,88.47
38.05,90.86,38.79,81.66,5.63,72.71
20.56,40.65,28.12,72.43,5.45,63.63
20.36,77.0,60.82,68.87,0.2,10.35
27.34,74.28,61.89,88.84,5.92,81.57
25.17,51.61,99.26,8.37,1.52,18.28
36.94,81.3,80.36,82.47,7.89,100.0
23.21,64.23,49.07,91.47,7.71,100.0
35.81,60.12,13.31,9.4,5.19,50.37
31.09,50.14,98.69,42.01,3.47,47.28
27.55,61.19,44.54,30.24,3.84,38.53
22.91,79.91,24.04,47.61,2.08,21.11
39.95,44.2,45.97,92.94,0.87,14.29
32.36,73.95,56.03,93.47,5.59,75.4
28.79,48.84,21.69,5.7,4.93,46.35
27.42,57.03,57.29,27.88,2.88,30.32
38.11,68.56,14.82,18.06,0.67,8.83
36.42,56.04,25.03,60.98,2.78,28.01
36.22,73.42,98.98,89.78,6.5,100.0
32.32,94.64,94.87,7.34,8.34,100.0
37.76,60.47,26.55,93.74,6.18,81.16
25.99,43.05,44.18,99.45,4.73,59.37
34.07,96.71,89.48,67.02,5.22,72.26
28.09,48.51,40.63,35.63,8.11,100.0
32.0,68.5,95.48,25.1,0.94,14.94
39.96,72.68,20.04,43.26,5.09,54.19
39.69,83.55,20.57,57.91,3.04,31.97
30.25,50.65,59.95,2.01,5.97,69.62
31.48,46.79,34.62,6.27,5.43,57.07
37.95,44.2,71.78,66.36,3.6,41.87
39.71,91.1,79.96,84.21,4.77,63.32
35.57,90.52,23.09,30.15,4.82,47.86
21.3,47.61,26.13,67.64,1.69,16.03
26.45,90.42,74.82,99.08,8.95,100.0
37.93,64.76,3.4,33.23,0.24,2.52
35.37,42.11,35.29,3.14,7.41,88.83
34.84,99.63,93.74,85.03,8.51,100.0
33.36,55.12,13.29,22.59,0.7,8.41
28.31,76.32,15.73,12.62,2.31,17.73
28.06,62.82,25.08,56.21,2.87,27.97
36.18,89.18,73.17,94.04,7.35,100.0
25.88,95.11,72.49,30.52,0.64,11.19
33.7,54.67,5.4,72.36,4.87,48.49
34.52,96.39,4.06,65.39,3.49,33.99
36.89,52.26,44.22,38.3,6.76,87.01
26.4,44.24,38.19,93.11,5.75,73.4
34.84,51.56,54.57,78.72,4.9,57.97
22.13,89.59,86.26,84.25,8.87,100.0
22.76,80.65,30.98,43.68,6.98,90.37
28.35,98.25,19.44,6.0,4.29,41.97
21.1,82.59,82.21,41.29,3.78,44.27
38.95,64.76,16.53,54.53,0.23,6.14
38.04,93.55,79.85,99.1,2.42,34.36
20.98,97.49,58.71,95.16,3.33,41.65
36.77,87.5,28.94,11.22,5.21,54.94
30.18,73.4,31.43,97.93,6.06,81.16
34.04,89.55,37.06,75.46,8.66,100.0
37.74,50.74,59.11,68.19,2.49,31.86
31.54,94.02,97.96,90.36,4.9,70.36
22.33,99.97,31.83,32.51,6.8,84.19
20.05,94.1,84.96,80.54,6.71,100.0
29.94,51.75,20.51,87.09,4.94,50.94
38.98,48.67,11.3,10.4,3.77,32.02
31.45,97.56,53.21,70.92,3.58,42.9
27.46,92.28,97.65,80.98,0.56,13.96
20.62,84.92,48.49,88.51,0.22,8.9
38.3,96.95,79.99,21.92,2.66,31.3
26.54,70.2,47.25,67.92,8.21,100.0
34.1,93.26,85.0,8.57,1.73,21.44
33.88,49.77,81.27,86.1,0.57,11.27
25.08,50.97,68.62,48.18,5.58,71.57
21.28,70.74,61.54,62.42,8.63,100.0
27.7,59.95,51.81,85.14,0.51,11.1
26.34,59.23,23.01,10.7,1.34,12.56
34.01,87.89,55.74,50.87,0.98,12.62
36.4,43.2,33.71,46.47,1.22,12.38
24.45,83.25,88.22,60.07,8.42,100.0
30.56,76.61,53.57,45.74,2.26,25.02
20.81,90.85,55.82,80.52,5.03,66.82
24.29,52.11,68.22,2.98,1.48,16.26
35.24,84.1,34.89,34.81,5.03,53.42
35.87,75.51,42.09,43.25,0.56,11.79
35.53,63.14,19.56,9.87,3.55,32.89
22.85,56.05,85.5,75.16,6.34,94.13
31.02,43.45,66.56,52.29,5.11,64.13
28.45,61.2,82.43,0.19,6.08,75.51
39.83,52.03,31.74,63.14,1.04,12.56
33.08,48.15,99.54,33.9,6.83,96.43
38.7,84.31,35.72,72.69,8.61,100.0
22.91,57.08,23.63,28.23,3.4,34.35
29.02,77.25,64.18,75.79,5.65,77.08
35.43,60.43,65.51,8.68,0.89,11.06
27.36,81.41,63.04,65.3,7.34,100.0
32.65,70.82,62.31,74.8,4.72,59.65
30.23,79.87,24.65,60.39,7.71,100.0
39.84,93.86,79.44,71.89,4.85,63.52
23.48,55.54,2.12,15.39,1.47,11.61
38.71,63.64,48.95,48.22,1.83,21.65
28.03,55.95,70.9,79.65,8.52,100.0
29.36,82.6,16.65,25.67,1.09,6.93
30.57,81.11,83.91,77.95,8.27,100.0
25.31,90.97,83.95,63.18,8.02,100.0
39.27,98.19,54.32,81.84,5.06,66.71
38.23,78.04,32.43,40.56,6.98,88.46
39.46,70.53,17.26,1.28,3.04,24.91
39.94,95.71,2.34,18.76,2.02,15.95
33.4,98.96,85.62,78.15,8.85,100.0
29.03,65.62,83.57,61.68,8.32,100.0
37.01,93.58,45.57,57.81,3.59,39.95
20.48,76.29,29.16,52.57,2.18,22.13
36.69,55.41,52.57,26.85,3.72,39.15
29.95,78.68,53.11,77.82,4.45,56.83
33.46,54.7,36.22,61.91,0.17,2.75
27.48,88.09,90.14,12.56,1.68,18.97
27.37,98.77,83.38,77.01,7.73,100.0
20.63,41.85,2.61,14.06,1.49,13.05
28.48,41.17,89.98,67.98,5.77,78.95
28.17,98.7,15.3,30.12,6.46,81.27
24.5,73.59,99.59,86.37,1.87,30.38
24.95,69.34,61.33,82.68,7.25,100.0
31.68,95.07,91.53,33.32,3.7,48.34
26.36,61.1,17.88,46.21,0.44,4.72
36.61,87.7,38.91,95.91,8.35,100.0
22.23,83.31,87.33,60.79,6.24,91.53
31.55,68.63,83.71,0.6,5.06,58.41
23.2,86.48,87.19,77.72,0.36,12.24
30.56,97.95,28.05,36.13,0.13,4.33
31.05,52.04,61.76,27.58,5.08,57.17
32.85,41.05,38.96,83.21,7.91,100.0
28.55,89.29,32.08,96.75,5.83,76.94
30.19,64.22,52.01,6.2,0.05,3.84
23.62,72.66,71.51,39.04,5.74,73.58
29.26,53.35,51.85,27.97,3.14,32.07
27.46,90.51,23.05,89.78,1.1,11.94
33.32,83.27,80.75,86.77,7.3,100.0
28.7,97.2,97.78,90.11,5.19,78.08
35.59,68.52,36.29,4.27,6.52,77.57
28.52,55.88,46.28,38.93,3.87,39.81
24.72,70.65,86.39,55.14,1.05,16.34
25.47,77.29,26.05,16.69,4.63,46.5
20.91,80.45,70.53,11.27,4.75,54.1
30.8,69.39,93.84,26.04,5.24,64.89
36.62,73.77,73.99,70.94,6.7,100.0
35.38,81.84,61.45,87.45,5.12,68.65
28.76,61.74,60.45,78.52,6.09,84.31
23.92,82.12,77.85,6.28,1.57,18.99
37.27,42.34,61.81,76.64,3.76,45.36
21.14,82.02,2.87,49.06,5.4,56.32
27.98,58.23,12.02,31.3,4.67,42.01
37.13,56.31,80.16,61.03,2.74,36.07
27.86,81.61,48.81,79.95,8.5,100.0
22.36,52.9,95.8,10.39,1.26,18.79
25.32,97.7,41.5,80.73,8.77,100.0
32.0,99.44,82.17,56.94,7.04,100.0
23.04,67.49,3.55,62.01,5.37,57.53
33.1,94.74,81.68,97.12,6.47,100.0
28.76,44.74,85.91,71.0,5.08,65.28
26.69,86.69,36.21,58.35,0.79,9.45
24.82,49.76,30.95,33.6,8.39,100.0
36.47,80.02,48.74,37.65,2.17,23.48
27.93,99.44,77.77,83.66,3.6,49.78
34.77,47.34,59.79,99.56,5.73,80.16
28.81,80.98,43.63,75.62,0.17,4.59
21.84,67.96,91.21,79.02,4.88,68.23
28.81,72.47,74.72,69.94,6.43,93.85
30.15,50.77,41.68,76.7,1.87,23.1
29.16,83.41,49.67,24.32,1.39,16.3
36.32,61.25,23.44,2.3,1.22,8.0
38.22,93.12,81.07,55.6,4.83,62.75
35.74,98.04,58.18,53.42,4.04,50.5
31.66,76.85,73.44,65.32,6.69,96.32
30.83,51.73,7.09,17.63,0.79,5.18
32.89,84.28,25.22,85.53,2.81,28.38
25.76,72.45,17.35,82.78,2.25,23.28
36.24,64.16,94.78,83.04,4.25,56.69
37.14,67.73,75.9,79.33,3.56,45.07
25.34,60.5,43.34,67.92,3.92,45.0
38.06,96.77,11.02,25.65,0.0,2.86
36.97,87.26,80.02,75.09,8.44,100.0
28.49,64.56,70.98,27.97,0.42,8.17
38.18,86.69,20.31,72.49,1.86,19.75
22.41,61.86,34.79,11.1,7.23,88.99
20.56,93.2,95.7,54.73,8.86,100.0
26.96,54.58,58.12,31.88,8.92,100.0
31.31,41.88,80.83,70.45,5.33,72.27
27.03,77.73,10.39,85.53,2.33,24.66
38.84,95.26,81.6,80.56,7.17,100.0
25.09,95.98,89.56,11.43,5.85,75.17
25.62,65.39,81.05,92.55,8.88,100.0
32.7,48.14,72.34,23.93,4.94,55.19
20.08,59.78,58.74,73.08,4.74,56.9
34.55,63.59,26.89,81.25,0.39,8.5
27.55,74.99,58.55,74.06,1.75,23.99
39.55,56.47,5.08,3.21,6.0,61.29
33.83,97.03,60.93,63.19,4.79,60.67
21.04,94.48,51.83,96.16,4.28,54.39
21.85,65.42,0.2,36.88,0.26,2.91
21.76,79.09,23.22,71.03,3.6,39.29
39.05,53.73,15.22,27.65,1.14,9.17
33.68,86.82,72.2,80.09,7.88,100.0
28.55,56.18,85.84,20.83,1.27,16.63
24.01,74.79,94.74,30.56,1.06,16.27
37.47,58.01,16.51,16.79,4.12,38.75
24.03,77.01,91.14,83.35,6.54,100.0
34.13,59.18,84.69,57.14,6.46,89.9
35.27,52.72,17.27,24.7,3.31,28.49
25.89,93.56,74.13,13.45,8.07,100.0
30.1,55.97,8.55,87.48,5.39,61.34
24.46,98.47,64.83,6.27,0.43,6.99
27.58,90.9,46.65,74.81,5.46,70.08
39.3,63.31,20.46,36.74,3.79,38.18
33.86,63.48,51.94,77.18,3.95,49.73
36.93,90.59,71.0,68.0,5.36,71.08
30.81,90.02,40.22,83.65,0.51,11.95
24.78,99.92,45.22,62.23,4.89,59.34
34.26,92.41,99.6,43.03,0.55,11.45
30.01,42.76,48.04,8.1,6.61,77.9
23.54,57.98,15.12,40.52,5.41,59.45
28.25,99.66,65.29,98.52,6.46,100.0
32.7,81.12,22.02,59.38,3.88,40.93
34.71,70.74,87.96,92.48,8.49,100.0
24.86,96.36,83.41,92.17,0.62,15.29
37.52,94.82,99.77,83.06,7.87,100.0
27.59,42.44,58.84,69.91,3.51,41.74
25.42,85.7,69.65,71.27,2.12,25.98
23.9,74.77,25.17,95.72,1.43,17.13
36.08,40.71,0.89,2.36,1.34,8.61
27.08,65.57,46.27,61.72,6.9,95.87
29.67,84.29,48.21,40.73,6.56,86.29
24.46,50.26,55.13,34.73,8.39,100.0
33.72,84.09,85.68,78.11,8.65,100.0
35.62,49.73,21.6,4.74,1.07,6.86
26.79,89.79,45.24,3.59,8.84,100.0
38.9,52.75,72.26,77.78,5.28,71.75
20.61,94.44,63.58,73.08,7.35,100.0
22.66,91.68,66.28,32.82,7.35,100.0
31.78,92.6,26.31,59.49,2.86,30.72
34.03,68.54,54.17,62.37,2.99,32.99
25.01,65.73,46.8,66.63,6.08,78.69
31.08,90.03,30.22,99.45,4.97,61.11
26.37,74.77,6.23,40.14,3.46,32.44
31.08,77.28,51.02,13.75,0.42,6.81
33.19,54.16,0.98,13.79,0.21,0.67
39.46,66.77,38.98,51.02,0.88,13.16
29.11,62.17,37.07,38.37,3.64,38.53
32.96,79.92,63.38,91.32,0.25,8.31
31.56,51.79,98.74,51.09,1.33,20.77
26.35,64.35,85.8,45.2,8.71,100.0
25.06,90.92,97.51,86.24,4.06,57.21
39.76,72.79,95.09,79.61,8.4,100.0
24.14,91.11,64.13,82.05,6.08,89.48
35.81,53.95,28.19,52.74,3.23,31.71
22.93,66.39,29.7,23.47,6.04,70.03
36.09,70.02,7.1,56.75,8.91,100.0
23.71,64.03,84.67,11.58,6.3,82.52
39.34,81.07,89.53,53.68,8.12,100.0
33.72,48.92,60.5,85.14,0.44,10.62
21.8,71.16,89.1,51.5,2.73,36.01
33.86,48.33,71.44,6.85,7.95,100.0
32.07,77.75,44.06,3.13,4.71,46.63
26.75,89.81,14.99,86.05,1.53,15.62
25.21,41.2,95.85,22.43,1.53,21.74
34.38,67.42,69.23,52.57,6.83,96.27
34.83,69.56,35.42,77.68,1.42,16.95
26.54,83.22,12.86,25.32,4.48,45.18
37.52,44.48,79.9,73.74,1.63,23.12
25.38,64.36,80.2,7.53,1.87,22.46
21.4,87.13,54.3,74.86,3.58,43.43
32.0,71.93,100.0,6.4,1.06,13.96
22.14,84.99,38.64,27.71,5.93,72.06
25.53,61.84,94.21,25.67,1.5,18.98
30.14,83.25,63.06,68.08,6.36,91.58
25.73,44.64,73.64,53.45,4.69,57.82
24.3,45.47,91.71,84.31,3.12,42.03
34.06,71.71,83.12,58.23,5.53,75.81
30.94,68.25,28.87,80.69,3.67,40.16
36.8,92.01,88.68,72.43,7.13,100.0
31.62,53.74,53.97,44.99,2.78,31.01
29.67,53.56,4.48,65.8,4.72,49.02
25.23,84.95,67.38,28.64,0.94,13.62
35.84,57.51,49.97,91.87,6.59,92.56
23.94,83.64,53.66,90.81,3.21,38.29
24.84,78.44,41.15,7.27,1.84,17.58
36.83,45.0,6.41,91.68,0.07,2.58
34.82,82.67,18.02,18.19,0.76,7.28
32.26,92.77,75.65,68.13,2.14,28.72
20.78,89.0,23.42,82.31,3.3,37.64
22.55,78.34,82.65,79.73,6.65,100.0
30.0,97.47,95.58,88.63,7.73,100.0
34.93,72.29,32.05,33.56,2.51,25.01
29.28,75.92,28.06,44.24,8.59,100.0
20.35,57.42,38.36,48.67,5.08,57.51
23.69,51.67,88.02,76.19,7.17,100.0
31.78,85.42,81.68,87.84,7.9,100.0
33.88,86.28,38.68,9.72,1.84,20.79
20.67,97.23,80.82,79.75,5.2,73.47
20.87,94.34,60.09,69.97,3.71,47.68
25.23,60.36,41.76,65.21,5.61,67.36
21.67,82.49,91.87,73.77,6.46,98.21
30.84,46.09,44.2,99.57,2.14,25.37
22.47,90.72,85.42,90.87,7.95,100.0
32.96,78.38,38.62,29.11,2.41,24.29
35.54,95.63,89.26,31.83,0.0,7.19
39.41,49.15,42.12,73.9,7.15,100.0
38.97,68.94,34.17,23.7,6.55,79.06
25.47,97.26,89.66,76.6,8.16,100.0
20.59,59.49,35.81,52.96,0.82,10.77
26.59,72.26,8.31,64.99,1.83,19.55
34.17,40.17,15.53,14.92,4.96,48.36
21.2,62.81,71.43,65.46,2.95,36.6
27.19,68.76,56.23,38.11,7.61,100.0
25.96,88.2,53.46,34.62,4.13,47.25
24.39,82.06,8.2,7.9,3.87,36.25
34.12,90.99,16.41,97.4,1.66,19.31
33.18,83.89,36.13,47.01,3.6,39.67
30.71,48.45,44.8,9.99,3.11,29.79
38.22,64.06,37.66,36.62,4.05,41.1
22.06,97.78,50.27,8.01,2.44,24.22
22.99,96.07,87.56,80.41,7.59,100.0
27.67,50.49,63.57,70.01,7.54,100.0
33.12,96.66,61.13,5.66,0.18,4.44
31.68,97.0,55.78,92.22,2.08,29.82
21.48,87.9,69.97,85.14,6.23,90.37
39.17,86.17,60.46,23.48,6.36,82.07
26.1,65.78,15.85,12.99,2.65,22.5
27.18,69.53,71.29,14.56,2.58,28.53
32.47,69.92,45.23,84.98,6.72,92.85
38.9,98.1,58.15,48.0,5.03,58.36
33.25,51.08,86.28,79.84,3.5,45.71
39.1,86.38,37.31,22.71,0.5,7.99
23.75,40.34,9.98,31.8,5.88,62.72
32.38,77.72,89.14,41.26,2.64,31.33
36.58,79.16,36.5,45.45,5.19,60.57
30.18,85.22,40.65,9.77,6.5,78.75
27.24,95.56,29.6,4.5,4.17,42.29
39.7,85.23,42.02,99.59,2.28,28.13
22.82,83.93,52.1,66.65,1.93,21.02
28.22,78.25,92.19,88.26,6.9,100.0
37.47,83.91,90.89,83.26,8.9,100.0
38.01,68.1,51.33,36.11,8.82,100.0
39.61,65.05,76.38,79.65,7.23,100.0
37.7,70.11,84.78,94.98,5.42,78.9
21.02,63.64,5.81,2.66,7.78,89.06
38.6,86.95,67.51,55.89,4.43,53.37
28.56,60.98,4.33,16.58,7.94,98.26
33.03,80.33,74.17,83.76,8.03,100.0
27.89,95.68,76.24,62.69,5.36,73.93
36.27,95.67,79.13,71.59,1.53,23.48
31.52,69.77,88.38,17.02,4.47,53.01
36.91,97.73,49.82,13.68,3.07,33.4
23.88,77.9,23.49,58.5,3.98,43.64
23.7,63.24,12.68,32.56,5.38,56.65
28.81,85.63,63.35,53.9,5.81,76.78
20.1,77.98,37.22,17.13,7.43,97.08
33.86,85.75,52.66,97.08,3.14,38.4
25.92,64.76,64.59,79.81,6.6,95.61
31.15,64.42,16.25,98.0,4.93,53.78
21.4,45.0,18.9,10.37,3.13,26.05
23.41,98.0,17.3,7.56,8.17,100.0
32.46,53.68,75.49,53.6,1.45,21.0
26.11,58.33,55.52,62.16,2.39,30.9
24.29,46.88,16.67,63.52,1.91,18.81
24.58,78.82,43.14,9.33,8.03,100.0
24.3,63.45,24.75,84.38,6.49,84.35
32.46,92.62,83.92,81.77,8.18,100.0
23.35,71.7,82.4,36.81,0.7,15.21
27.25,47.77,33.39,50.44,1.62,17.25
33.76,98.74,79.83,75.47,6.94,100.0
30.27,52.75,23.25,21.51,6.85,81.61
31.95,83.16,73.74,84.32,8.26,100.0
25.02,89.71,90.11,55.26,1.96,27.22
38.65,60.48,69.7,7.85,3.31,34.69
28.28,72.16,46.34,29.28,2.78,32.17
25.74,54.4,56.09,18.48,5.87,68.78
38.09,95.77,82.14,84.9,7.61,100.0
33.11,97.91,40.37,80.62,6.92,97.61
32.28,72.78,44.55,38.13,3.52,36.94
37.73,97.71,70.12,68.81,6.69,97.45
21.17,66.23,74.34,37.29,2.91,33.89
36.75,99.43,28.39,86.5,4.95,61.29
33.56,53.76,76.22,46.75,8.17,100.0
27.2,80.23,9.39,84.86,1.0,9.66
25.13,96.31,20.26,90.07,3.23,37.18
22.1,86.39,10.64,46.3,5.39,58.23
38.82,76.53,23.82,17.8,2.92,26.7
22.84,70.4,22.62,19.24,2.61,25.55
25.19,95.73,90.06,28.89,3.89,46.99
33.82,63.68,32.74,22.29,1.73,14.43
34.2,94.08,35.52,38.83,5.43,64.24
23.22,96.95,91.6,98.29,7.74,100.0
36.28,85.39,6.6,8.71,8.2,100.0
30.21,94.94,21.94,90.96,4.24,45.76
36.97,73.04,13.45,0.24,2.64,20.65
21.75,58.59,34.46,13.83,3.44,32.78
20.86,43.06,18.6,0.84,2.06,15.09
32.74,88.56,17.82,98.65,5.39,66.72
23.0,77.32,64.75,41.07,1.21,16.02
30.5,89.14,70.78,99.58,8.52,100.0
20.28,92.64,1.25,11.87,1.54,13.61
35.6,95.22,70.56,37.04,1.85,22.01
37.99,74.4,50.81,51.09,4.32,50.22
36.78,89.14,96.16,77.38,8.52,100.0
39.17,50.46,7.7,10.0,1.33,11.59
38.06,92.49,50.87,36.45,2.2,25.09
28.88,83.75,99.49,82.66,8.63,100.0
27.97,98.87,15.82,51.7,5.65,64.3
37.92,72.93,47.36,42.42,7.81,100.0
38.54,95.2,65.3,72.89,6.43,93.04
39.46,82.25,68.02,95.59,6.33,95.91
35.37,78.85,48.74,13.73,5.44,61.95
24.04,59.6,97.7,58.15,1.77,26.89
38.9,41.62,65.65,74.2,3.37,39.89
38.94,77.24,85.56,70.04,6.13,88.01
33.32,81.15,81.82,79.0,8.03,100.0
37.15,91.79,73.39,84.11,2.31,30.8
31.22,40.14,52.26,91.66,6.56,91.06
38.88,52.48,77.26,37.82,2.97,34.45
21.88,80.38,3.57,90.43,0.07,2.09
37.28,57.02,93.28,70.91,7.65,100.0
21.11,48.5,82.31,62.49,7.4,100.0
26.78,44.92,63.77,55.38,2.65,29.26
22.71,78.27,6.88,1.97,6.95,76.37
29.58,48.65,10.02,29.03,0.05,0.55
24.64,97.25,74.83,87.72,8.56,100.0
39.04,58.89,25.7,98.84,8.83,100.0
31.19,48.2,67.21,43.31,7.1,99.09
37.95,87.95,87.61,99.02,5.18,75.35
25.56,99.29,68.16,17.11,3.29,37.77
20.52,61.62,38.88,95.82,6.62,92.93
35.51,91.92,96.92,58.97,8.78,100.0
34.05,86.02,67.79,88.07,6.84,100.0
30.91,94.7,68.54,57.37,0.45,10.26
36.31,65.46,39.75,98.28,3.4,38.87
36.8,46.08,68.38,4.43,4.65,48.64
31.76,47.1,40.8,41.05,2.21,24.0
39.32,85.79,15.52,87.52,5.55,65.59
34.39,91.8,61.88,16.71,2.75,29.49
33.54,67.42,69.81,56.96,8.84,100.0
27.23,43.57,34.93,52.36,2.39,25.11
20.05,47.83,6.93,11.02,1.2,9.33
24.82,75.92,85.43,91.83,8.68,100.0
35.28,95.12,58.29,25.88,4.5,52.21
34.2,63.98,6.02,69.31,1.79,16.42
26.62,79.04,1.72,54.77,8.01,100.0
32.51,72.52,63.99,66.28,3.62,43.79
23.91,93.39,81.38,20.04,4.9,59.48
25.27,89.94,50.04,27.27,0.44,8.55
38.95,51.96,2.35,54.98,3.13,28.99
28.26,80.65,14.48,0.29,5.0,49.83
24.9,90.85,21.12,71.64,6.24,79.69
29.74,95.81,62.78,16.16,8.56,100.0
27.74,75.4,48.61,93.13,5.25,68.14
34.59,50.55,10.22,86.06,2.44,25.17
39.24,73.49,50.17,62.34,5.01,61.33
31.83,79.95,86.95,89.11,0.64,12.76
31.82,56.35,43.91,98.72,1.33,20.01
27.3,98.38,14.98,77.5,3.17,31.42
31.29,53.76,57.8,62.66,0.2,8.19
26.39,94.68,92.94,44.93,0.68,14.34
20.02,65.51,11.59,81.36,0.07,3.84
37.32,40.03,15.64,70.44,1.64,17.52
28.59,72.6,56.68,47.26,7.43,100.0
29.84,68.34,57.63,40.77,2.66,28.57
21.67,92.16,89.56,22.89,8.12,100.0
36.74,72.43,71.28,78.86,7.96,100.0
23.41,79.44,53.08,27.26,2.15,24.85
28.21,95.61,87.07,1.65,1.91,24.26
36.81,73.92,64.23,11.19,3.08,32.57
29.16,56.29,49.36,99.12,4.21,52.57
38.62,90.46,80.22,91.64,8.11,100.0
24.19,47.25,64.97,73.65,0.72,12.41
34.3,45.85,89.85,48.08,2.15,26.92
39.56,72.1,3.85,52.14,5.58,61.66
30.99,99.65,78.07,80.57,5.17,70.6
33.84,70.66,93.57,13.78,3.28,36.89
27.86,81.96,93.44,81.46,7.64,100.0
35.03,55.77,3.59,37.76,5.27,55.14
38.18,89.88,87.95,96.78,8.75,100.0
34.06,41.16,69.08,97.2,6.4,94.47
38.72,47.11,70.01,81.23,7.3,100.0
31.77,51.14,11.5,40.59,5.25,53.0
31.54,44.77,21.92,48.22,3.41,34.96
26.09,66.29,56.39,15.67,3.13,34.75
34.19,91.92,68.65,69.57,0.31,7.74
37.64,59.85,59.91,63.83,2.73,30.59
32.93,84.69,45.64,85.74,7.82,100.0
24.66,40.44,56.2,65.2,5.65,70.69
30.88,96.44,90.05,85.9,6.29,96.79
35.12,63.79,22.38,41.1,2.01,21.13
38.79,83.9,91.89,67.69,5.36,73.93
23.13,96.38,92.9,68.89,6.57,100.0
22.55,50.65,32.25,35.08,3.07,30.88
28.26,70.92,86.8,66.95,5.26,70.33
22.51,95.57,63.26,17.36,0.41,7.88
39.61,55.78,98.16,90.47,2.8,41.57
28.49,82.9,96.62,57.52,0.8,20.36
30.67,94.59,61.45,97.91,6.79,100.0
24.54,61.64,46.78,39.69,3.17,31.47
28.98,63.26,14.23,94.05,6.24,79.29
39.69,67.15,53.04,72.01,2.41,29.43
29.77,76.49,74.43,70.55,7.02,100.0
20.18,70.55,36.23,40.67,2.3,23.67
24.85,69.17,8.95,27.18,1.99,18.55
39.57,83.91,70.65,85.96,8.08,100.0
39.78,99.3,96.71,78.28,7.4,100.0
24.21,93.54,20.94,49.45,6.04,72.63
32.31,76.02,63.28,30.19,5.52,67.37
21.54,97.63,80.19,85.27,6.58,100.0
31.55,81.22,55.44,85.05,3.38,43.81
22.52,97.55,93.54,50.52,5.86,85.79
36.37,49.69,51.19,71.73,3.78,46.95
38.79,53.53,27.05,28.55,3.87,38.16
23.46,93.11,47.16,34.88,7.1,95.98
29.25,65.19,48.79,94.41,7.12,100.0
22.04,62.27,25.37,73.63,3.6,37.61
26.78,85.26,78.7,7.21,8.43,100.0
21.3,77.82,61.77,45.77,4.87,57.67
25.29,60.64,37.04,39.57,4.38,47.55
39.8,63.87,42.17,23.1,4.51,45.7
20.89,64.5,37.17,99.49,7.01,100.0
37.18,59.88,48.49,37.01,3.93,44.45
21.55,53.77,52.81,31.43,6.21,76.0
30.58,72.25,33.09,84.87,3.07,34.34
29.04,90.02,60.46,72.18,5.43,70.91
38.63,65.14,92.84,37.61,2.76,33.91
23.98,63.0,52.28,63.42,5.88,78.11
23.59,79.03,71.14,33.69,8.99,100.0
34.97,49.44,93.05,40.88,7.78,100.0
34.51,62.85,19.19,55.01,4.25,42.83
33.98,52.49,18.97,95.27,3.08,30.3
20.52,79.1,7.26,87.09,4.07,42.14
25.2,46.74,44.21,11.2,2.85,25.56
36.8,66.87,33.11,56.94,8.92,100.0
32.02,44.39,21.28,29.16,0.93,8.57
32.04,90.02,45.11,32.58,7.29,96.69
25.92,83.47,19.02,26.42,3.73,36.07
25.2,96.57,39.12,59.77,5.87,74.94
38.93,80.79,2.89,41.5,8.31,100.0
34.56,60.95,53.74,90.51,5.33,69.69
22.54,92.81,67.74,88.47,7.28,100.0
38.75,43.39,11.24,4.11,0.32,2.26
31.65,65.85,7.93,2.96,0.24,4.1
26.67,48.21,71.44,89.61,4.86,66.92
27.94,62.15,24.73,41.68,3.34,34.35
34.51,82.15,65.88,75.39,5.48,73.86
27.53,81.52,81.55,84.57,3.46,45.62
31.57,59.09,50.0,25.49,1.57,18.89
34.21,70.51,13.31,65.44,7.17,91.97
23.91,73.13,65.22,73.51,5.84,79.63
38.88,60.88,21.98,51.9,2.96,31.23
27.12,70.6,81.71,94.6,1.81,22.67
28.39,58.08,76.15,96.72,2.8,38.2
33.97,55.57,40.21,48.67,2.53,24.56
32.18,98.77,26.91,7.6,8.37,100.0
28.8,72.23,70.96,91.9,5.38,76.97
32.99,73.72,56.72,52.3,8.3,100.0
38.06,57.62,20.95,57.27,2.71,30.09
36.01,50.91,75.92,73.21,2.21,29.48
36.49,61.4,33.4,68.72,3.85,44.59
25.17,97.96,89.38,13.99,3.72,41.63
28.39,59.07,51.58,29.81,3.7,39.78
31.08,80.16,95.4,70.36,7.39,100.0
20.88,99.41,25.53,96.96,1.56,19.9
35.4,68.87,39.79,40.53,6.95,90.02
26.47,59.1,80.45,13.46,2.05,23.17
25.65,78.06,13.07,35.2,6.65,78.55
25.19,69.78,31.61,50.76,1.82,20.9
25.67,97.45,65.91,30.04,4.74,56.19
26.76,44.99,3.35,61.13,6.01,67.14
32.1,87.43,5.59,0.79,3.89,34.57
31.67,56.75,76.22,81.65,8.7,100.0
25.11,88.4,52.23,84.47,6.35,89.6
24.13,90.86,55.76,78.35,1.42,18.0
36.53,80.69,59.26,61.04,4.29,53.3
21.85,92.0,53.18,63.24,2.83,32.92
30.26,83.09,54.5,36.52,2.66,29.91
30.41,88.84,82.5,61.0,5.61,78.85
31.48,43.11,96.44,70.91,1.67,23.56
37.71,60.45,4.93,84.35,7.83,100.0
32.48,69.7,41.49,83.1,8.9,100.0
39.47,58.16,85.75,23.11,1.44,18.2
37.43,84.53,20.63,65.8,7.12,95.73
24.29,83.35,93.5,26.71,2.05,26.16
24.82,98.32,42.55,62.84,4.7,57.56
26.9,64.03,15.66,36.72,1.77,16.89
27.83,87.14,9.31,79.0,2.44,24.19
31.06,84.47,32.71,93.75,3.7,42.43
24.65,99.32,91.97,29.0,6.35,91.83
24.45,86.42,93.91,86.88,4.27,61.54
27.63,57.01,56.33,74.0,7.29,100.0
33.44,40.92,11.82,56.6,0.87,9.4
33.76,98.09,45.66,52.5,5.15,60.87
39.52,82.96,41.78,31.93,0.96,7.74
24.05,77.06,48.09,89.23,5.97,81.58
27.86,87.59,7.6,8.34,2.78,21.94
39.29,84.15,38.16,71.24,0.94,12.52
33.8,85.09,37.19,22.24,6.98,86.55
31.85,95.77,70.4,49.54,4.57,56.2
30.79,94.85,39.42,88.98,5.8,75.49
21.51,62.75,1.31,67.11,0.51,6.28
37.87,41.86,2.0,16.92,2.02,16.83
32.51,42.32,68.75,73.45,4.71,59.26
31.43,66.8,66.08,21.48,0.74,8.64
30.79,90.1,16.04,77.99,1.45,13.58
27.84,90.86,86.62,7.77,0.2,5.39
25.09,64.26,66.26,14.17,8.2,100.0
35.11,58.1,15.41,93.42,3.88,45.26
30.19,53.43,7.38,26.52,0.98,7.39
20.68,89.95,97.37,15.06,4.14,48.57
27.98,78.19,40.77,21.49,7.99,100.0
38.57,48.39,23.68,36.11,1.71,15.66
27.48,92.91,68.89,73.55,6.2,89.17
28.26,79.45,86.03,67.29,6.65,100.0
32.48,72.3,79.17,1.58,7.69,100.0
36.03,89.84,79.43,86.5,4.94,66.55
33.37,95.93,80.08,29.97,1.67,21.41
37.0,46.03,61.73,7.69,1.98,19.75
22.28,53.46,69.4,2.78,7.75,100.0
38.49,63.53,32.14,89.96,6.08,77.77
38.08,57.78,87.89,52.31,3.16,39.66
30.38,64.5,14.42,61.05,0.23,3.99
32.49,77.72,80.68,71.54,5.97,86.61
24.26,43.96,99.27,52.22,6.56,95.68
28.96,96.7,97.58,76.68,7.17,100.0
24.05,46.15,50.76,90.61,3.23,39.09
20.44,89.21,92.7,89.61,8.14,100.0
39.62,58.39,11.68,84.39,6.8,85.81
25.18,58.55,65.97,0.96,5.79,66.97
31.86,46.04,3.1,48.02,2.16,16.06
26.01,40.8,31.43,60.4,8.56,100.0
27.41,61.32,41.84,20.12,0.21,7.86
27.96,88.97,94.62,86.81,7.09,100.0
26.7,95.2,96.85,13.62,2.01,22.84
32.75,43.7,97.4,28.48,6.37,88.03
39.22,41.85,79.88,82.34,5.06,67.73
28.57,49.85,1.7,27.17,0.67,7.96
39.47,85.98,4.54,60.24,4.55,45.54
33.36,52.29,42.56,6.82,4.68,50.7
32.14,62.41,23.35,11.78,1.35,12.18
24.74,93.34,65.52,25.22,0.38,6.88
21.26,81.03,59.27,63.28,3.54,40.1
37.04,80.22,89.08,46.58,8.72,100.0
31.48,49.84,37.4,23.11,1.7,17.0
28.29,62.87,37.8,37.83,4.13,41.88
36.24,48.76,20.91,23.12,1.2,12.01
26.21,76.05,60.21,77.23,5.37,71.22
35.67,86.8,25.53,61.78,5.2,59.55
26.56,75.42,68.46,53.31,5.8,75.64
38.42,91.38,81.92,75.34,6.06,89.46
25.36,67.77,10.41,47.21,4.53,48.31
22.75,87.7,46.73,56.28,8.65,100.0
33.96,43.1,91.87,57.02,6.33,88.56
23.26,61.63,21.18,49.22,6.2,72.84
38.99,83.82,83.08,98.99,8.13,100.0
33.11,83.11,27.59,39.07,4.2,41.16
24.62,44.77,53.69,10.85,5.78,66.58
24.18,43.09,19.88,20.87,0.12,0.86
38.48,86.9,30.99,79.61,7.99,100.0
32.16,84.94,83.28,78.0,8.81,100.0
37.87,78.42,83.83,25.21,4.35,53.89
22.2,81.64,25.94,64.7,5.41,67.14
38.51,79.07,77.26,99.86,2.61,34.57
30.4,78.48,98.81,10.46,7.61,100.0
33.37,60.98,95.4,52.28,6.4,91.4
27.46,41.69,60.57,30.54,8.32,100.0
21.18,87.85,47.67,81.5,5.92,79.59
39.16,42.73,11.93,32.47,6.38,68.14
39.89,68.13,26.68,73.36,0.86,12.08
27.29,67.84,60.13,16.05,5.46,63.31
38.88,50.72,38.62,6.7,3.39,33.06
23.35,87.06,69.9,10.41,4.57,49.49
23.09,82.25,78.78,26.03,2.94,37.51
21.46,73.57,18.04,84.95,2.59,28.09
27.83,93.05,72.75,96.46,7.41,100.0
21.05,57.23,6.06,3.34,5.02,48.65
27.89,55.72,26.49,85.35,2.28,25.15
22.77,51.01,81.48,37.49,6.9,95.92
34.61,72.67,18.37,58.87,0.67,10.11
36.67,87.05,99.89,94.88,8.07,100.0
33.76,92.13,97.57,90.73,3.03,45.88
24.01,58.26,91.24,50.44,1.6,22.47
35.34,69.46,81.28,8.96,7.58,100.0
24.99,71.77,17.38,63.38,6.07,72.47
35.19,44.62,22.27,11.05,0.9,7.19
31.35,84.31,23.52,35.34,5.33,58.99
27.33,81.52,18.91,40.82,3.4,32.97
21.67,85.65,97.04,50.81,5.93,83.95
36.55,76.36,16.6,61.93,6.63,84.68
38.79,67.61,74.67,14.64,4.85,53.27
33.32,66.94,5.1,75.44,4.24,44.96
39.29,71.3,50.7,42.04,3.62,42.41
38.68,62.62,7.08,69.92,0.76,8.14
23.89,66.24,6.18,18.33,0.37,3.97
34.62,49.82,23.02,44.68,6.43,75.28
26.99,43.29,2.73,28.83,0.46,5.97
29.75,44.62,63.88,64.74,6.38,85.41
23.14,99.43,65.14,79.1,4.57,60.86
39.5,48.62,29.77,51.62,4.02,41.92
34.52,62.98,72.36,88.01,5.66,78.28
25.34,54.27,68.16,95.51,1.65,22.82
27.43,57.44,46.17,97.6,8.82,100.0
28.45,59.35,68.26,31.96,2.97,31.62
34.95,83.1,86.71,3.22,6.92,94.56
38.51,50.6,96.04,71.58,2.23,31.78
26.43,80.3,72.62,66.26,6.53,94.41
29.45,46.07,48.83,76.77,4.49,53.79
31.86,59.89,3.28,0.5,2.76,20.72
27.87,96.47,22.92,77.72,3.14,34.03
30.08,62.81,19.68,7.01,3.92,35.5
22.11,97.27,83.72,66.13,5.94,84.23
23.35,68.86,15.99,4.35,0.26,2.39
28.02,66.98,66.87,16.17,0.8,8.76
38.3,89.44,52.57,50.78,1.95,22.14
26.99,41.61,64.97,50.52,8.87,100.0
25.0,59.3,6.94,25.86,1.43,10.41
34.86,69.11,4.91,53.23,5.83,63.17
38.98,61.07,1.44,55.05,1.9,17.68
29.18,94.41,66.55,31.9,3.89,43.59
20.17,60.39,54.63,72.85,3.21,36.3
33.76,98.66,48.27,5.03,8.79,100.0
28.3,96.18,85.33,96.8,4.96,73.7
33.47,56.08,15.89,60.63,2.25,19.57
25.55,60.44,57.36,84.57,5.43,72.26
20.05,88.73,93.19,78.11,0.64,15.49
26.89,51.74,44.59,21.82,8.34,100.0
34.1,83.92,57.99,28.91,3.1,34.49
27.86,88.79,79.08,95.69,7.2,100.0
24.38,52.34,34.92,22.55,7.28,91.52
29.28,70.03,4.14,1.59,1.68,12.66
35.05,84.75,57.24,82.7,8.66,100.0
22.39,84.37,59.05,53.79,8.93,100.0
33.84,76.54,95.08,59.12,7.25,100.0
33.35,56.33,63.84,49.17,4.06,48.61
27.41,64.92,0.3,12.44,6.05,62.46
39.41,54.77,83.32,43.61,0.73,12.68
37.89,56.62,32.97,29.36,8.29,100.0
26.32,59.39,71.43,89.21,2.0,27.59
20.62,75.93,26.4,70.12,6.45,83.75
26.17,52.46,76.02,16.27,7.21,98.48
24.09,42.55,92.75,70.19,8.73,100.0
30.95,96.47,97.52,87.28,7.54,100.0
38.37,87.73,81.4,86.95,7.66,100.0
37.41,98.25,54.04,6.96,6.35,76.95
26.12,61.02,28.64,14.74,5.19,52.86
28.57,40.39,34.17,81.05,0.38,7.26
20.73,93.08,67.62,82.99,8.75,100.0
30.88,75.99,29.26,60.82,4.04,42.96
21.27,89.04,3.06,1.56,7.17,83.99
38.77,66.1,76.92,31.71,3.4,41.64
37.34,61.25,62.52,40.09,4.1,47.94
24.28,48.14,2.91,13.2,1.24,7.64
33.99,64.36,96.15,58.11,8.91,100.0
31.36,73.37,89.84,6.22,1.9,21.93
36.03,56.67,96.44,2.0,4.52,51.13
29.51,59.96,51.22,58.79,1.39,18.21
23.84,91.52,92.93,84.16,8.93,100.0
32.8,86.88,17.38,68.65,4.91,56.05
21.61,60.93,94.85,77.76,1.23,22.18
31.69,98.5,89.08,61.11,6.28,98.11
24.25,55.59,74.09,98.97,7.45,100.0
33.7,68.5,51.05,64.29,7.34,100.0
36.56,58.33,38.44,77.28,6.56,90.89
22.19,48.64,4.07,23.23,0.36,0.71
28.01,88.5,0.95,80.54,5.59,63.92
34.67,54.34,7.35,0.55,0.17,1.38
23.27,62.02,67.87,43.44,6.83,96.55
31.33,84.69,75.38,33.52,6.38,91.57
33.44,51.49,45.11,57.65,5.66,68.02
27.1,75.97,74.51,37.46,6.55,91.94
36.64,84.02,9.58,98.79,7.67,100.0
30.21,56.16,23.33,60.3,5.12,58.16
32.54,79.34,14.46,33.57,1.31,12.64
22.82,84.11,33.98,50.82,7.34,100.0
20.46,47.04,34.42,78.06,5.95,73.22
21.01,59.43,37.39,80.61,6.18,83.4
38.08,71.43,55.89,42.58,2.59,27.49
37.65,86.56,43.63,0.23,1.35,11.89
36.15,61.0,15.16,6.23,1.26,9.91
23.99,66.97,75.26,90.98,0.44,11.32
30.51,59.13,14.2,87.16,3.62,38.95
35.92,87.67,70.14,67.5,5.43,72.2
33.49,41.21,0.01,2.71,0.16,0.0
22.31,54.43,2.82,95.08,5.37,58.15
37.91,47.0,60.64,6.78,1.08,14.12
23.21,47.18,87.6,14.95,2.17,26.05
23.44,76.16,30.59,62.79,8.94,100.0
38.02,76.33,40.19,46.18,5.04,58.01
29.69,42.69,20.99,75.48,8.71,100.0
27.46,75.64,14.28,63.31,4.43,44.27
31.07,46.67,12.89,10.48,0.93,5.82
39.63,72.26,51.54,59.82,2.29,28.25
22.39,99.38,70.49,85.82,2.62,37.45
35.14,89.48,81.05,73.0,5.35,75.12
26.69,42.05,58.84,15.74,0.63,7.89
22.34,60.86,18.03,34.74,8.57,100.0
28.44,87.23,81.94,88.59,5.44,79.2
30.98,53.48,74.78,75.15,5.34,67.42
24.12,97.87,41.39,62.76,4.68,55.95
28.11,65.52,61.68,48.44,2.24,26.6
32.71,41.27,48.45,29.98,8.32,100.0
31.53,72.43,33.3,78.71,6.02,80.23
34.46,96.84,82.87,97.64,8.65,100.0
36.73,67.36,24.75,49.12,4.16,43.96
28.18,95.69,32.75,12.44,0.01,2.79
28.46,94.12,40.57,46.54,6.07,75.84
29.93,96.12,77.47,71.43,6.24,89.9
31.33,44.8,85.22,58.41,8.14,100.0
22.17,58.74,61.49,75.4,8.53,100.0
26.25,76.49,72.61,29.47,0.88,14.89
23.44,87.67,58.06,65.88,5.99,81.37
27.72,56.3,58.74,11.71,8.09,100.0
39.47,97.07,10.39,34.28,4.61,45.5
31.65,58.44,46.33,16.96,4.23,44.33
28.59,88.25,68.99,53.9,5.14,64.55
31.32,89.92,17.97,39.38,4.2,41.27
33.38,91.23,76.73,52.06,4.42,54.18
28.7,53.95,41.72,38.27,8.54,100.0
28.95,52.91,67.11,21.23,5.45,64.07
34.03,95.18,46.99,8.42,2.89,30.8
21.22,50.21,10.82,3.06,1.15,6.18
30.8,90.19,58.43,69.74,8.7,100.0
30.95,68.68,12.26,62.62,5.21,57.76
35.14,67.43,92.47,61.99,5.1,69.81
39.65,94.21,66.01,85.82,0.3,7.61
35.92,64.32,49.2,45.09,3.05,33.41
30.08,84.69,67.66,47.08,4.23,49.6
23.39,65.46,26.09,16.82,9.0,100.0
31.77,46.11,76.9,21.88,1.51,15.56
36.69,43.19,41.12,37.09,2.94,28.31
38.65,52.49,80.5,70.71,1.89,24.31
36.51,83.34,27.41,83.37,3.41,39.49
23.78,89.57,83.07,89.24,8.38,100.0
34.25,71.83,55.9,46.75,2.56,28.84
37.6,94.02,60.03,80.87,4.06,53.31
33.62,77.38,77.67,78.02,6.8,100.0
33.72,88.21,70.4,69.03,2.68,33.35
30.0,77.48,51.99,40.71,5.22,61.78
32.74,99.08,10.57,34.11,7.67,96.85
25.89,81.83,86.49,94.45,6.64,100.0
21.78,40.94,56.33,9.33,2.38,24.32
36.55,70.0,6.47,54.35,7.77,100.0
38.86,55.98,69.06,6.08,5.01,54.61
37.14,81.19,14.89,62.33,8.82,100.0
26.68,87.59,59.66,56.84,5.9,77.64
21.87,46.15,47.26,5.98,4.04,42.36
25.6,95.04,87.51,41.99,3.92,49.92
36.86,41.8,23.22,19.24,7.92,99.15
33.12,81.3,17.12,79.81,8.83,100.0
39.33,63.07,55.12,91.33,3.69,47.56
26.85,96.42,90.37,85.38,8.29,100.0
31.03,79.52,65.03,67.41,6.2,88.05
35.8,96.22,61.37,89.77,2.9,38.73
24.68,96.24,90.58,84.45,3.08,43.69
39.28,85.85,77.0,94.33,8.03,100.0
31.85,70.58,20.96,35.64,1.31,11.41
20.16,90.82,80.49,84.9,8.25,100.0
20.5,74.8,55.76,97.49,8.49,100.0
37.64,77.86,43.25,25.84,3.93,40.41
32.91,75.35,97.9,35.66,6.16,88.03
35.26,91.52,10.48,77.72,0.34,6.48
35.68,76.66,54.63,67.07,5.79,79.22
28.41,51.75,98.74,4.19,8.44,100.0
35.97,94.83,11.09,95.84,2.54,28.95
38.75,52.96,97.26,55.61,7.35,100.0
23.44,49.91,46.22,18.82,0.74,9.6
35.28,99.82,71.74,1.6,3.22,36.04
26.16,52.81,42.53,55.22,0.06,5.72
26.43,46.01,84.1,59.4,3.2,40.98
28.26,73.72,90.85,9.96,2.79,32.84
37.27,89.63,16.67,54.49,6.23,75.0
20.44,43.65,74.72,43.17,2.65,32.52
28.68,69.41,2.07,43.76,7.41,91.86
33.6,44.11,27.69,97.53,2.62,28.99
22.21,45.61,6.56,25.84,1.14,8.3
35.85,60.64,60.32,88.42,4.45,56.78
38.84,97.4,57.37,65.57,4.11,50.63
21.82,95.86,27.04,17.95,8.0,100.0
23.06,79.07,50.33,62.94,4.2,49.74
39.48,97.75,69.28,60.12,5.23,66.89
23.96,94.36,13.02,2.33,8.8,100.0
21.58,95.81,26.12,21.92,2.67,26.32
39.04,84.89,82.13,34.05,9.0,100.0
37.85,58.42,28.75,65.68,3.47,38.86
33.11,89.74,90.77,37.58,2.36,31.56
31.03,71.21,24.52,2.04,3.45,31.82
38.38,56.3,49.2,51.7,5.27,64.37
33.11,63.15,16.76,88.45,4.27,48.07
33.17,58.07,1.71,88.66,0.45,5.3
36.87,67.97,62.55,99.16,3.2,43.36
33.06,48.14,18.97,16.88,0.64,5.23
30.07,69.09,34.51,12.25,5.97,68.85
27.79,56.07,40.78,6.95,8.58,100.0
30.06,45.24,77.78,86.71,8.6,100.0
30.45,91.35,39.97,74.82,4.63,55.69
27.22,65.04,8.64,62.76,5.12,53.53
28.96,66.52,27.88,49.68,6.28,78.25
36.04,85.82,57.61,45.73,7.52,100.0
28.33,82.33,51.16,61.33,4.73,53.9
20.51,93.51,77.46,83.8,8.11,100.0
25.66,40.9,19.7,2.11,0.26,3.98
24.63,54.35,48.56,21.03,7.82,100.0
35.87,96.1,94.46,11.78,5.96,79.14
28.99,74.08,10.84,21.13,1.43,12.73
25.61,83.18,79.38,97.1,5.39,75.38
36.21,46.85,72.3,99.07,2.8,40.0
20.38,78.22,30.64,75.15,1.83,21.87
23.49,62.14,77.38,83.72,5.84,82.68
36.54,67.0,57.49,10.36,5.78,66.51
31.01,80.93,17.14,12.3,8.59,100.0
35.47,87.78,28.57,9.27,8.79,100.0
36.76,60.96,32.83,6.32,3.68,35.45
38.84,92.39,32.3,74.73,1.61,19.9
21.27,62.75,8.17,9.49,0.27,2.97
35.98,73.77,66.03,94.9,8.77,100.0
34.18,49.08,81.99,65.4,3.56,44.55
24.14,61.8,46.2,60.09,3.78,43.54
38.63,93.72,35.05,81.75,5.59,71.99
28.08,40.69,6.78,82.37,0.52,6.46
37.75,79.9,69.23,73.78,6.12,86.92
32.1,59.7,7.48,9.1,7.88,96.2
30.53,95.67,95.83,95.26,7.91,100.0
23.19,45.5,66.89,54.85,3.76,44.71
38.29,78.48,76.42,74.38,1.05,18.75
31.13,94.57,6.85,29.85,2.17,19.88
20.12,94.39,74.7,93.22,8.05,100.0
20.37,61.73,13.71,25.07,3.46,31.87
35.55,87.61,75.72,99.82,1.2,19.63
23.24,82.76,72.99,11.51,5.18,63.21
31.97,47.06,74.81,83.29,3.3,45.32
33.62,83.35,74.63,86.08,4.53,60.64
25.59,79.88,55.94,75.93,2.57,32.28
31.39,85.12,24.08,86.23,4.08,46.52
24.81,58.98,49.58,31.29,6.41,80.44
38.93,84.82,79.77,56.26,4.87,62.6
37.2,97.6,9.05,99.99,4.59,53.52
25.76,95.64,81.09,58.16,5.8,79.64
30.58,70.51,16.5,75.68,6.01,71.86
30.01,90.85,72.28,77.57,5.94,86.58
39.2,53.77,52.09,13.44,7.03,89.26
27.88,63.88,45.62,41.81,6.65,87.91
31.24,85.59,63.96,72.03,7.81,100.0
38.57,82.79,97.42,15.24,8.23,100.0
23.26,98.0,80.52,1.68,7.55,100.0
31.01,79.26,95.85,90.4,5.53,85.1
22.11,61.72,22.84,25.0,0.15,4.77
32.35,63.86,99.32,69.38,2.94,38.92
27.31,45.38,30.52,94.72,8.57,100.0
39.35,95.42,3.42,52.07,1.56,16.27
28.31,47.72,43.62,31.81,2.06,21.19
22.72,72.74,24.62,90.94,1.43,18.31
36.68,89.22,46.16,78.52,5.98,82.33
36.42,48.05,8.69,2.05,3.91,33.75
33.9,57.58,54.8,33.07,6.64,86.51
34.98,78.01,28.94,36.24,4.59,47.78
25.29,41.88,20.67,11.12,3.63,33.6
32.84,68.8,24.46,17.44,0.48,4.25
20.76,94.55,51.55,2.45,3.89,41.3
23.94,45.08,32.54,69.64,5.57,68.45
38.65,92.1,74.61,10.69,7.73,100.0
34.78,59.71,85.32,88.76,1.91,30.37
24.61,44.05,44.21,58.4,3.62,39.83
22.23,58.37,18.21,35.62,1.3,11.57
38.98,88.53,99.43,80.89,4.88,69.51
22.24,79.95,35.9,65.07,7.11,97.55
25.14,54.31,20.55,75.3,0.5,7.34
23.65,83.15,10.33,87.78,0.54,9.92
20.15,96.19,94.36,91.64,8.43,100.0
26.28,84.57,94.3,77.91,6.39,100.0
39.48,72.44,94.67,72.98,3.62,52.63
26.84,89.14,50.79,37.75,3.25,35.71
30.09,78.48,69.21,65.18,2.54,31.44
34.92,47.52,83.26,56.57,0.56,11.68
31.02,88.62,55.75,96.34,4.62,61.78
34.87,59.43,66.7,50.09,5.54,70.31
33.23,82.3,96.7,22.18,7.79,100.0
32.17,80.51,17.25,45.77,4.88,50.33
32.99,60.15,13.88,41.47,1.37,12.56
35.98,75.5,79.78,86.39,6.64,100.0
34.2,66.62,46.53,59.71,2.7,28.36
35.84,90.94,18.6,94.8,5.56,65.83
22.91,90.29,30.24,28.11,6.94,86.84
33.55,61.53,19.49,3.33,0.7,5.73
34.74,53.64,49.44,77.96,0.61,10.75
26.0,58.97,89.35,18.29,8.03,100.0
37.49,85.28,83.72,28.04,3.14,37.63
26.09,64.65,48.71,90.93,0.75,12.43
24.88,64.92,16.32,12.91,1.32,13.43
37.34,58.57,64.35,14.34,6.7,86.97
24.94,40.38,9.21,58.46,4.3,42.35
28.31,95.97,88.53,89.26,7.41,100.0
27.36,76.05,43.99,62.98,3.76,39.02
37.96,77.65,89.74,17.36,7.32,100.0
29.1,56.09,88.53,35.19,7.05,100.0
33.89,88.66,5.76,38.85,6.48,74.6
35.88,69.25,84.52,53.77,0.18,9.69
32.56,85.74,61.17,23.93,4.65,51.85
38.87,76.67,1.62,72.77,7.07,89.21
36.05,64.96,38.17,80.93,2.2,23.78
28.0,80.78,88.81,64.0,2.33,33.35
39.02,74.5,35.82,90.31,8.14,100.0
30.49,70.64,67.64,79.05,7.58,100.0
20.45,78.91,56.57,4.4,8.89,100.0
25.2,45.16,58.99,8.47,4.48,48.52
32.43,82.57,68.55,63.0,4.41,55.63
23.14,60.1,48.23,72.19,0.07,7.73
31.68,53.48,90.26,96.79,6.36,98.91
27.23,86.31,41.38,0.33,7.35,93.45
30.69,53.87,19.14,23.7,3.85,38.85
20.04,99.75,41.97,83.18,3.83,48.69
36.97,65.23,73.29,89.15,7.56,100.0
27.24,78.02,49.9,86.54,5.96,81.47
22.8,43.72,73.21,48.38,0.57,8.98
28.76,42.51,23.98,85.36,8.69,100.0
29.72,45.71,58.28,46.0,4.88,55.45
32.75,40.3,86.43,78.74,6.95,100.0
30.49,59.63,52.93,94.87,8.59,100.0
20.87,58.63,63.68,26.18,7.29,98.31
37.43,65.81,67.88,27.44,4.21,48.54
29.13,82.33,68.04,58.15,4.47,53.76
21.54,83.19,23.85,51.96,3.39,34.03
35.46,44.27,62.68,1.57,8.33,100.0
33.2,78.41,75.97,77.18,6.83,100.0
32.99,59.0,39.1,61.68,6.26,80.27
28.54,90.91,84.7,73.69,4.53,61.49
28.21,61.91,40.78,72.74,3.23,35.72
30.73,95.33,2.59,23.29,6.37,71.87
21.01,42.08,15.16,23.0,1.28,11.3
25.98,50.1,58.43,24.94,0.79,10.86
39.76,86.75,64.58,76.84,6.68,96.2
33.24,69.45,26.13,85.58,4.77,55.4
28.38,42.84,61.1,52.93,0.47,10.45
24.45,87.27,51.8,84.9,5.33,70.74
34.9,82.92,72.34,6.42,3.38,36.98
25.21,90.34,71.51,76.12,4.59,61.68
23.25,96.3,84.46,43.52,2.04,27.53
23.09,75.05,7.75,80.17,6.65,82.62
34.59,81.16,61.32,61.06,3.41,40.94
32.86,64.57,37.16,78.5,6.53,86.65
21.4,93.31,30.68,33.86,7.33,94.74
22.3,73.17,94.36,93.4,7.17,100.0
32.68,59.53,86.38,81.37,6.04,88.88
31.42,40.57,18.37,91.55,6.72,87.83
33.72,97.8,94.39,76.16,6.36,100.0
23.56,91.12,66.32,50.81,4.76,60.07
34.53,88.71,16.93,61.55,0.56,6.19
38.72,73.92,22.22,57.84,3.36,33.84
32.02,80.67,56.7,60.4,3.8,45.97
23.92,86.96,68.3,69.77,6.75,100.0
33.59,75.24,4.5,59.54,5.8,66.96
26.86,63.81,53.75,19.89,5.19,57.48
20.99,59.89,18.87,51.46,0.85,7.64
26.05,66.0,43.11,15.83,2.87,27.06
38.11,53.42,91.94,91.23,3.06,44.8
28.22,51.01,25.26,18.33,7.14,86.28
37.29,88.31,63.49,57.51,5.44,71.64
30.17,53.67,20.2,0.56,3.58,31.25
30.34,84.22,60.98,15.64,2.95,30.57
20.1,82.68,28.92,49.93,7.68,100.0
32.74,42.0,68.16,4.1,7.07,88.51
22.16,92.86,77.06,54.28,7.32,100.0
29.57,87.36,88.07,18.43,3.56,44.46
25.21,87.76,91.86,72.65,4.31,55.54
27.85,56.81,21.34,61.47,2.13,20.26
30.74,74.95,12.9,75.85,1.73,18.03
20.29,99.6,4.85,6.34,3.26,27.89
25.69,50.75,72.04,49.63,4.42,52.75
39.79,44.34,18.69,11.12,6.03,67.65
21.15,82.25,80.02,40.91,4.05,48.46
26.39,57.64,96.48,83.95,1.39,22.94
26.43,76.49,14.8,4.12,3.83,33.33
27.59,63.5,28.33,25.17,4.78,46.91
33.7,88.9,50.54,78.21,4.16,51.56
24.95,93.59,43.05,40.59,7.68,100.0
29.21,96.88,49.8,63.58,5.05,59.71
32.9,81.07,34.57,52.38,3.86,42.01
26.45,80.07,88.92,15.57,3.76,44.81
38.98,86.96,68.16,78.86,6.18,87.96
39.59,89.93,15.39,17.81,7.87,98.61
22.39,53.87,0.44,96.31,4.29,41.99
26.88,92.93,76.27,78.61,7.6,100.0
24.16,76.57,1.59,27.64,0.02,1.27
23.74,89.39,88.04,98.36,8.21,100.0
29.82,44.11,52.94,11.45,7.1,87.43
31.28,61.41,93.01,85.96,1.2,22.28
28.51,47.96,20.18,22.65,1.32,11.15
25.45,74.62,89.43,17.39,4.63,56.35
25.57,45.94,74.38,54.64,8.74,100.0
39.84,91.02,89.86,92.12,7.23,100.0
38.47,79.93,17.31,57.31,5.48,60.91
21.52,61.7,72.76,58.22,4.71,59.79
33.13,92.06,87.12,88.79,8.49,100.0
29.14,57.55,45.47,82.44,7.32,100.0
33.78,92.23,55.86,93.07,6.69,97.74
31.94,75.95,23.23,53.38,4.9,52.35
37.79,73.08,40.44,67.4,8.5,100.0
21.34,96.66,12.42,14.59,8.34,100.0
26.99,64.5,19.61,26.25,1.13,11.42
39.71,56.79,46.69,85.79,1.37,19.47
23.65,88.31,54.19,64.03,5.52,67.91
22.55,97.7,52.72,77.81,2.75,34.72
34.58,89.16,91.67,92.28,7.86,100.0
35.55,77.6,96.79,22.17,8.77,100.0
33.45,49.41,4.9,51.1,2.08,17.34
35.52,88.99,59.71,8.26,1.8,16.87
33.87,78.44,29.92,55.18,7.67,100.0
22.72,96.22,85.13,36.99,0.12,9.23
32.16,80.17,49.41,72.79,1.57,19.46
35.54,75.23,75.9,51.68,5.44,71.86
37.31,70.62,21.5,24.65,6.64,77.6
24.92,94.22,67.39,73.34,4.32,55.3
22.55,53.94,7.96,31.11,3.54,34.05
35.62,44.97,37.91,24.86,8.27,100.0
25.13,83.19,87.16,41.86,6.8,99.7
20.64,40.51,5.82,18.22,0.11,1.43
36.5,90.42,88.91,77.94,7.55,100.0
30.12,56.79,67.55,25.98,7.73,100.0
26.53,59.6,32.07,2.17,2.28,20.15
20.23,80.07,11.27,30.09,8.51,100.0
20.71,78.64,91.85,66.85,6.85,100.0
35.85,94.64,61.04,82.55,6.22,88.88
29.79,78.39,62.04,60.21,5.36,68.22
22.99,56.71,37.6,32.74,2.04,21.35
27.17,80.35,83.35,2.94,2.06,21.54
23.31,62.05,10.33,7.51,0.71,5.61
22.26,65.1,12.69,35.61,3.07,29.99
25.53,97.52,81.23,83.63,8.27,100.0
30.99,81.74,76.36,74.83,0.77,15.26
24.2,96.78,82.44,99.96,7.56,100.0
26.87,88.65,85.63,88.58,8.87,100.0
29.56,85.2,90.52,89.0,7.82,100.0
28.4,65.73,77.73,10.15,6.96,94.58
22.57,72.8,80.17,11.21,2.9,33.06
20.78,53.68,41.33,49.68,0.42,7.81
20.71,93.43,20.93,58.95,1.39,15.34
27.0,87.93,63.01,59.79,2.77,35.51
34.38,69.62,25.61,48.63,1.31,16.98
22.63,67.0,14.83,98.12,1.94,21.55
35.74,99.72,97.06,95.38,8.93,100.0
34.31,95.36,79.77,80.9,7.94,100.0
20.08,75.74,78.35,98.82,4.72,67.44
20.53,93.5,29.23,44.4,5.6,66.75
23.9,74.89,29.33,55.05,3.39,36.39
21.12,49.44,64.05,32.59,6.19,79.91
30.63,69.84,52.0,61.7,3.78,44.56
20.79,85.99,92.4,93.8,7.67,100.0
36.05,96.31,44.24,96.17,6.57,96.3
29.86,87.6,12.35,16.97,5.0,48.53
34.56,89.49,46.94,2.01,1.52,15.18
35.01,90.43,96.13,83.07,7.09,100.0
30.14,45.74,11.37,55.86,1.77,16.32
38.51,82.13,56.8,75.12,3.1,38.35
39.8,81.04,24.61,38.37,2.85,30.22
27.18,53.49,32.54,15.85,8.72,100.0
22.52,69.44,76.11,26.47,8.01,100.0
27.26,79.75,56.72,4.85,8.73,100.0
24.47,93.84,8.11,38.58,3.57,32.55
30.62,66.34,5.58,1.03,1.44,9.56
27.57,93.53,7.91,46.38,1.47,15.05
29.61,95.34,37.35,79.92,4.25,48.99
35.26,83.0,97.19,84.86,7.95,100.0
25.48,79.67,46.67,45.6,2.26,27.69
30.75,53.26,45.34,12.32,2.87,27.81
26.7,62.79,59.75,53.23,3.23,39.58
35.7,59.3,85.33,24.05,1.64,22.26
32.79,75.35,72.58,75.27,6.77,100.0
20.17,85.78,55.04,1.04,8.42,100.0
33.2,41.72,3.08,42.14,3.1,27.07
23.4,66.76,9.33,96.19,7.48,99.69
34.49,96.85,22.07,11.29,2.58,24.53
31.35,70.61,24.02,31.04,3.62,35.09
28.03,94.71,4.11,72.66,1.68,17.79
33.88,64.54,94.51,31.92,0.56,13.3
37.13,60.8,42.77,6.05,3.74,35.45
35.57,46.44,83.87,83.31,6.42,95.6
30.91,61.49,22.19,90.49,4.55,51.08
34.45,60.22,33.78,12.78,3.67,37.31
28.28,96.27,63.7,67.43,4.74,58.8
35.78,95.19,37.92,83.32,6.15,85.5
36.58,41.32,50.75,57.7,2.28,23.23
22.75,45.9,80.93,78.35,0.29,12.93
24.76,78.59,65.11,3.95,8.68,100.0
25.4,69.08,83.59,49.62,8.48,100.0
23.32,57.81,8.65,96.7,1.93,21.25
27.85,55.59,60.81,77.52,2.15,23.74
23.86,53.48,60.12,26.81,5.22,59.44
31.91,71.53,60.71,62.35,3.85,45.92
22.03,41.05,58.88,21.25,7.99,100.0
25.4,84.33,72.38,22.21,3.84,43.73
33.31,58.02,84.4,18.93,1.22,18.46
27.97,65.61,22.96,19.0,4.92,52.17
28.43,71.62,10.46,49.93,1.02,11.13
35.96,52.68,7.4,30.98,4.02,37.62
39.69,93.02,15.84,77.8,5.2,58.04
31.3,80.93,65.6,89.41,8.51,100.0
21.58,65.26,1.29,18.21,1.38,10.37
22.06,99.62,79.05,75.85,7.59,100.0
39.37,65.95,91.0,99.8,0.0,7.17
33.58,54.23,90.02,4.7,7.84,100.0
35.05,96.75,73.07,89.11,8.88,100.0
33.52,75.59,45.85,21.96,2.17,24.89
23.59,65.2,27.04,93.77,0.92,13.97
28.97,48.72,45.99,32.5,7.07,93.38
35.96,56.39,41.09,95.8,0.51,10.68
37.33,80.82,72.11,89.08,8.86,100.0
24.75,59.15,75.86,94.3,2.84,38.94
31.92,74.85,43.86,79.27,6.4,88.13
23.14,97.34,22.28,74.12,8.69,100.0
39.17,50.67,66.63,95.28,2.47,32.51
25.04,43.33,44.77,22.37,5.58,63.2
34.53,65.74,28.41,27.12,3.66,36.55
24.62,49.41,23.08,11.35,4.58,44.75
32.32,81.73,5.91,36.19,0.75,3.91
33.19,70.2,84.64,51.41,4.23,52.04
26.57,98.85,37.54,99.53,7.15,100.0
36.38,91.34,4.03,32.1,3.1,26.2
37.71,69.44,81.24,55.47,0.01,5.88
37.1,95.26,80.83,63.35,2.89,38.99
26.62,77.68,49.0,67.78,6.03,80.14
34.89,99.63,83.89,12.02,8.74,100.0
31.19,56.7,48.1,55.91,7.69,100.0
31.85,99.81,16.89,63.47,6.81,89.46
29.55,50.81,51.76,90.33,8.36,100.0
32.01,61.21,31.26,95.73,5.93,78.86
22.71,96.12,45.24,23.5,4.67,50.47
28.18,62.23,97.07,21.05,4.86,61.08
23.55,52.59,35.55,68.37,8.5,100.0
25.6,43.57,21.59,48.95,0.02,4.31
22.56,48.94,12.86,74.36,4.64,48.83
24.25,61.31,88.39,84.85,6.92,100.0
35.64,65.27,1.49,1.07,0.34,2.45
31.0,71.5,49.98,61.62,3.68,40.24
20.47,79.27,68.74,75.65,4.82,63.85
35.77,40.8,75.27,96.94,4.71,62.21
38.19,90.47,29.37,43.03,7.46,99.09
37.61,74.63,24.99,85.24,1.28,12.94
36.46,85.39,17.99,19.99,8.49,100.0
39.84,93.67,68.07,88.31,5.18,74.62
31.73,94.19,6.62,6.33,0.34,2.07
39.25,45.6,15.5,73.48,4.72,51.53
38.98,74.29,58.85,94.21,6.62,96.08
26.26,94.54,56.97,84.31,6.3,88.41
37.27,83.15,28.11,68.04,4.95,56.29
35.85,45.8,67.99,11.89,7.05,92.0
35.52,76.84,76.96,98.4,5.47,78.02
37.93,87.99,98.02,34.4,7.65,100.0
27.68,56.49,43.98,63.28,1.04,12.63
28.0,81.26,50.26,89.13,5.65,77.46
32.8,90.42,97.32,82.73,7.93,100.0
34.76,71.43,94.22,37.84,8.06,100.0
37.59,51.65,92.69,39.07,3.27,38.23
37.52,72.98,60.88,0.45,8.52,100.0
34.43,75.28,61.77,57.53,1.27,16.51
39.14,50.08,24.71,1.41,0.78,6.15
23.57,93.89,67.61,87.82,6.45,97.76
39.01,66.0,21.35,78.31,8.4,100.0
21.28,54.86,7.31,23.92,0.52,5.11
31.11,87.5,84.21,38.97,4.44,55.27
21.8,90.24,98.43,83.36,7.55,100.0
31.36,71.56,11.25,45.18,4.84,47.95
27.8,51.78,88.21,90.93,1.02,18.47
21.63,83.47,30.11,32.43,5.88,68.26
32.96,44.14,69.64,32.85,1.32,17.3
34.62,71.05,11.78,36.59,5.91,66.8
23.48,43.18,17.05,49.78,2.16,20.22
33.89,71.71,74.74,88.77,2.37,32.83
23.58,81.16,97.93,20.75,6.07,83.91
22.75,65.15,50.22,65.13,4.18,48.51
22.95,65.01,4.29,30.6,7.47,90.64
31.98,47.37,23.43,8.27,6.12,66.72
35.58,58.11,21.27,95.37,2.65,28.7
31.94,66.66,93.53,78.58,6.99,100.0
36.19,91.81,41.91,95.2,0.58,9.82
31.83,93.88,94.77,40.03,6.61,99.01
35.95,97.21,85.96,75.7,3.47,44.77
39.53,46.02,45.08,65.11,2.72,33.03
27.82,57.77,2.49,61.9,4.7,46.15
23.0,66.27,25.81,38.04,2.11,18.0
22.71,78.5,1.01,7.17,2.31,17.61
31.95,82.17,85.61,19.53,8.99,100.0
30.94,66.64,47.08,57.08,2.98,30.83
23.68,69.75,30.13,79.83,2.27,25.58
37.64,73.4,40.83,64.72,6.22,78.46
39.13,97.63,35.69,19.21,6.62,79.51
25.06,54.4,68.91,77.76,4.78,60.98
24.14,88.23,57.27,11.35,1.18,13.7
24.28,82.71,25.69,89.4,7.34,100.0
27.75,48.41,52.75,38.48,7.29,98.79
37.06,95.59,40.5,72.71,6.89,96.37
31.92,83.04,99.96,90.8,8.22,100.0
21.35,86.77,89.24,31.43,3.43,43.39
29.46,47.61,61.73,49.53,4.43,51.52
21.81,48.38,96.54,49.64,5.95,84.12
28.12,62.34,42.66,63.19,2.63,25.46
28.07,46.44,8.8,54.83,5.44,57.14
32.97,46.8,4.77,7.51,0.99,9.53
30.99,64.02,83.34,92.37,7.63,100.0
37.5,72.18,59.5,84.17,4.24,54.11
20.33,83.29,86.03,43.91,6.95,100.0
35.48,72.41,45.87,57.7,2.0,22.02
20.45,44.69,1.12,78.17,8.36,100.0
26.09,72.61,52.86,6.95,5.92,68.47
37.59,43.25,59.45,70.3,3.88,45.44
33.81,44.24,45.15,91.05,0.39,8.65
23.44,69.13,83.8,43.92,5.46,70.13
29.82,69.99,64.4,1.33,3.4,33.69
34.44,76.34,53.37,88.32,4.87,60.83
38.75,77.31,71.9,94.1,7.13,100.0
32.69,63.24,31.96,11.8,6.18,69.71
20.49,75.22,83.85,1.36,2.41,26.1
29.99,60.99,28.01,93.59,1.56,22.61
23.06,82.9,66.66,86.3,4.47,59.53
20.96,74.76,41.51,46.04,4.07,42.17
31.97,49.6,10.12,0.54,6.06,62.66
35.54,81.18,62.97,58.38,4.8,59.3
20.72,87.04,38.31,81.68,4.45,58.27
35.67,43.95,63.43,28.61,4.33,48.31
34.13,76.6,53.99,17.27,4.54,52.38
35.04,87.43,4.16,90.47,7.85,100.0
24.89,74.06,49.74,63.18,5.33,64.49
27.87,99.83,97.17,71.74,6.59,100.0
22.4,89.56,89.76,90.73,8.73,100.0
24.78,84.27,46.65,60.82,2.79,30.63
26.06,93.94,0.24,94.41,5.51,62.65
26.39,99.38,30.28,10.32,7.58,97.97
23.5,75.04,66.95,43.64,6.42,86.55
23.77,82.26,88.7,67.92,8.98,100.0
38.03,55.1,57.4,40.79,0.01,3.25
35.68,57.4,54.06,34.98,1.71,15.64
26.89,96.42,67.41,56.87,4.61,59.4
38.95,84.81,89.24,92.34,6.7,100.0
24.78,89.35,79.81,28.25,3.84,45.27
28.14,43.04,22.07,44.4,2.8,27.04
36.27,53.1,71.4,70.69,2.81,33.93
28.86,50.21,24.39,62.69,8.04,100.0
24.69,71.62,3.18,45.3,0.68,10.4
27.37,44.83,7.47,26.0,2.82,26.91
30.01,60.63,4.65,11.46,4.5,41.51
32.41,64.42,53.75,45.67,2.07,20.7
28.11,87.65,12.72,82.03,6.19,77.71
28.63,85.64,8.52,61.33,5.47,60.47
25.28,48.11,14.76,57.13,7.2,89.85
30.71,61.87,3.82,13.63,7.6,89.38
24.39,75.23,74.55,84.88,6.84,100.0
37.35,41.3,82.28,48.39,7.79,100.0
34.95,66.04,55.38,46.14,5.69,72.22
28.21,67.67,33.58,54.91,3.66,39.8
34.94,82.38,47.94,33.91,2.73,29.93
20.14,94.38,42.98,93.14,0.23,9.07
26.89,51.67,17.24,55.63,5.92,67.33
28.81,51.35,37.3,86.26,8.69,100.0
29.4,82.8,79.16,91.34,8.48,100.0
34.97,95.88,49.38,82.03,1.37,16.56
39.26,76.22,69.73,21.6,4.41,50.56
27.6,85.05,47.88,10.6,7.86,100.0
27.01,92.15,65.15,66.75,7.4,100.0
32.21,92.4,5.52,54.93,4.66,48.99
25.63,74.92,88.8,9.65,8.98,100.0
22.83,75.99,69.48,61.13,4.34,55.67
39.23,85.14,65.72,18.19,1.71,21.65
36.19,92.91,68.7,66.49,6.31,88.09
39.17,80.91,54.15,98.52,4.15,55.16
24.36,47.13,7.37,55.57,4.63,46.0
20.36,83.29,81.37,84.5,6.25,93.54
28.75,41.96,6.21,19.47,0.11,0.18
38.67,99.77,66.62,91.67,0.57,13.27
22.77,84.15,81.88,96.02,6.16,94.06
22.34,47.2,2.82,25.7,0.63,5.48
21.38,90.12,82.43,91.61,8.42,100.0
35.3,74.41,39.26,64.55,4.92,57.49
35.72,63.49,59.45,11.12,4.77,52.75
33.91,89.72,17.09,53.7,2.85,30.41
21.07,58.99,24.59,27.33,0.73,9.63
34.47,52.81,37.62,22.53,8.28,100.0
28.97,72.33,80.42,60.31,6.09,85.64
23.16,87.25,78.4,31.01,3.08,35.45
25.9,93.47,68.41,55.04,8.41,100.0
30.02,63.7,42.54,26.23,1.47,14.76
26.59,95.47,44.19,48.77,1.58,16.47
39.39,42.16,22.59,93.22,2.1,22.72
29.49,80.6,13.71,48.47,2.09,21.15
27.44,74.24,48.56,51.25,2.07,25.39
33.46,65.51,86.02,49.28,2.79,35.03
33.01,40.66,49.62,85.66,4.94,61.51
20.05,69.26,11.93,9.74,0.49,4.52
32.37,55.89,5.27,9.36,0.13,0.0
24.88,49.11,25.83,11.8,5.85,60.9
27.5,78.47,40.87,41.66,2.67,28.97
34.13,86.15,67.24,76.02,5.88,79.62
31.15,66.75,13.71,26.83,0.3,1.91
27.37,69.05,70.05,50.28,6.8,94.06
23.35,98.22,89.63,64.25,8.75,100.0
30.11,85.53,23.47,40.08,2.35,23.6
26.39,72.83,66.14,69.35,5.75,75.27
38.26,71.7,88.98,34.26,6.89,100.0
30.69,50.04,30.85,62.3,4.89,53.87
37.32,66.79,79.95,76.57,2.62,33.02
27.8,86.38,73.72,64.6,4.26,54.29
36.55,45.01,64.39,63.89,5.82,75.29
21.13,80.13,70.83,84.47,8.03,100.0
25.96,76.4,26.09,72.12,7.54,100.0
21.56,91.38,62.46,71.74,6.45,92.55
20.63,48.96,86.62,41.46,0.29,9.03
38.38,92.91,82.6,75.31,6.43,97.26
34.34,47.32,32.63,15.25,4.27,41.62
32.5,82.34,23.36,67.69,5.76,69.71
30.65,65.02,42.21,44.49,1.03,12.3
31.39,74.74,76.85,13.29,5.29,59.73
32.77,93.82,89.08,83.9,8.7,100.0
36.53,63.34,52.81,28.19,3.67,37.8
31.94,89.03,60.9,5.13,8.1,100.0
34.97,68.53,51.57,51.55,4.67,54.61
25.62,86.75,89.63,72.5,7.37,100.0
39.54,60.61,10.7,95.91,4.84,52.47
20.64,89.75,53.89,79.94,5.58,75.62
27.73,48.13,82.68,17.16,8.76,100.0
37.64,94.74,99.83,82.97,7.52,100.0
23.61,71.73,29.85,31.85,2.57,23.9
22.83,76.17,45.43,48.26,0.42,8.83
27.31,88.62,65.01,59.6,4.89,63.61
28.56,64.77,12.17,76.82,5.11,56.45
38.67,93.31,52.36,63.42,5.74,72.75
36.72,68.48,11.07,89.21,1.26,13.23
29.28,67.43,85.96,73.57,0.16,14.08
39.46,79.34,56.24,51.86,2.39,29.13
32.85,77.05,81.09,11.93,0.46,8.09
37.47,40.69,72.1,80.38,0.32,11.59
24.92,72.06,58.5,30.58,3.66,40.53
29.78,96.56,34.18,33.62,8.99,100.0
20.59,56.88,13.95,23.2,7.23,86.34
20.18,73.52,89.16,65.81,3.26,42.72
34.11,86.23,88.46,8.42,3.38,38.76
22.37,95.23,88.33,78.73,8.37,100.0
30.96,75.15,98.93,22.69,5.96,79.37
33.92,41.14,59.62,59.35,7.53,100.0
20.64,80.84,51.25,30.36,7.78,100.0
28.97,75.22,65.91,89.43,6.35,94.56
33.68,42.13,14.62,22.95,0.86,7.41
37.79,75.25,78.3,28.7,2.41,27.71
25.98,78.44,81.22,3.31,5.35,61.21
39.48,78.71,71.95,97.5,6.96,100.0
36.89,86.19,99.1,76.48,8.62,100.0
33.01,77.08,65.62,45.9,7.65,100.0
27.84,74.58,67.81,87.09,5.3,70.8
34.22,50.9,15.8,41.27,5.89,64.02
36.32,82.75,72.47,78.73,6.07,88.81
26.07,91.48,67.14,87.99,4.6,62.49
39.86,86.82,62.72,83.74,5.82,81.61
38.17,79.66,65.21,87.67,7.14,100.0
29.71,70.89,59.08,97.81,5.3,71.97
34.46,90.05,8.57,62.57,0.35,5.8
30.48,96.59,93.75,83.7,7.62,100.0
35.22,45.6,89.02,48.3,5.37,68.52
36.54,51.88,36.16,7.48,7.88,98.51
20.46,55.69,35.6,50.64,3.77,37.53
21.58,89.89,35.76,94.53,0.44,11.15
26.73,93.83,92.33,98.47,8.4,100.0
38.35,85.55,40.48,19.57,7.23,90.96
27.97,82.9,77.34,6.55,4.36,47.78
37.75,89.47,45.51,49.78,2.75,29.44
29.25,99.22,60.71,92.48,6.24,93.0
25.78,83.79,61.22,59.99,4.8,59.12
38.01,55.14,87.38,61.15,5.16,70.45
31.21,46.08,17.87,83.56,3.85,40.4
27.21,75.38,12.29,37.97,6.53,74.62
20.89,86.25,40.77,61.2,0.14,4.8
22.22,73.69,97.43,44.38,0.02,6.5
22.79,58.21,69.98,6.54,6.15,76.72
27.3,83.18,61.63,50.45,0.24,10.58
32.15,91.1,99.36,68.79,6.15,94.79
26.15,57.2,29.52,68.5,3.3,34.25
21.31,90.47,95.66,31.01,5.52,74.03
25.3,49.25,19.1,20.01,0.99,6.66
28.17,57.01,71.11,58.7,7.4,100.0
39.85,57.12,23.03,13.79,0.21,0.91
27.86,74.3,65.75,73.77,1.46,21.3
21.78,65.38,23.26,72.49,8.83,100.0
31.62,85.07,74.74,96.83,6.59,100.0
38.39,65.62,39.3,59.89,3.51,39.7
35.73,81.35,96.94,74.56,0.18,9.68
36.72,40.01,83.47,72.2,4.37,57.84
38.56,72.21,40.4,69.23,5.77,71.06
32.73,80.03,49.45,50.34,3.23,40.25
39.9,59.92,15.37,1.73,5.08,46.72
20.67,92.23,78.86,77.83,7.45,100.0
36.7,59.06,13.53,3.16,1.39,12.92
37.14,66.72,88.34,77.28,4.98,67.9
38.33,88.72,16.05,54.69,7.45,96.29
29.56,68.14,6.81,50.49,4.94,49.06
35.76,99.62,18.55,8.56,4.5,42.66
23.9,62.57,41.51,77.46,8.89,100.0
32.06,81.96,49.64,9.28,3.51,37.08
27.17,72.94,23.59,22.18,3.47,33.98
31.92,85.74,80.57,81.89,0.67,14.5
33.51,96.97,71.94,75.16,7.25,100.0
26.94,70.7,29.08,9.26,0.61,9.13
24.32,69.67,93.11,7.39,1.23,16.21
26.43,96.56,81.79,40.65,0.51,10.54
33.28,96.02,88.6,60.34,1.73,25.45
33.54,75.55,86.14,70.86,6.42,93.91
34.83,49.39,83.4,58.52,0.38,10.56
22.53,40.21,58.59,35.94,3.7,40.03
36.37,66.24,3.83,58.86,4.33,42.75
33.76,84.0,75.37,72.55,1.0,18.62
20.61,44.37,24.17,84.32,0.5,6.55
26.71,62.42,79.71,19.58,2.83,32.03
29.33,74.89,62.6,8.51,5.85,69.0
27.21,52.75,49.23,11.84,5.46,60.06
22.35,83.87,2.34,16.54,1.14,10.35
24.15,53.77,88.97,32.44,0.83,13.65
20.49,90.44,14.76,2.86,1.68,13.63
21.86,87.47,84.63,83.57,7.8,100.0
25.33,75.92,68.82,84.91,8.38,100.0
36.4,72.65,6.96,71.32,4.69,46.78
30.53,57.79,54.22,35.65,8.12,100.0
28.49,66.34,96.18,70.67,1.18,18.94
33.24,90.76,92.28,57.46,5.92,82.04
30.83,72.9,14.63,66.23,5.84,68.57
22.63,43.34,17.32,8.79,4.04,36.02
24.45,82.78,15.36,87.47,6.64,87.28
24.45,50.95,75.62,34.87,4.27,50.64
32.0,69.16,16.08,26.92,7.71,97.83
29.23,68.11,6.46,39.08,1.22,11.78
27.75,69.19,39.03,24.73,0.16,5.23
31.13,41.86,96.69,99.42,3.4,50.19
39.4,42.4,8.55,14.35,0.38,4.13
26.28,43.04,72.42,89.64,1.61,23.72
30.4,64.9,14.4,95.1,0.43,7.45
29.61,77.28,62.11,58.12,3.88,46.85
34.33,79.24,58.12,80.05,6.64,96.78
34.61,43.87,90.42,90.53,5.01,70.08
34.58,47.13,71.66,15.0,3.21,34.24
24.03,79.69,12.08,26.92,0.11,5.65
28.98,75.94,28.0,28.99,3.3,34.9
36.22,72.95,28.71,62.0,2.18,22.07
27.63,52.31,24.1,76.83,2.15,22.97
39.69,47.22,97.13,34.5,4.06,52.32
27.3,61.72,45.57,84.27,1.53,18.43
29.95,78.22,86.76,65.44,2.89,36.56
29.49,92.16,79.31,71.07,6.76,100.0
28.67,45.92,88.01,68.07,5.5,74.76
36.91,44.28,88.94,85.2,8.91,100.0
23.11,80.66,65.34,33.6,5.65,69.52
31.35,57.82,11.63,38.7,0.87,7.88
32.37,92.37,70.64,79.68,7.73,100.0
37.02,57.69,89.99,42.98,7.79,100.0
32.18,97.35,81.45,89.95,8.64,100.0
39.2,52.59,94.02,85.42,4.99,64.93
37.44,99.02,88.1,20.15,1.08,16.55
26.97,40.96,20.49,24.63,5.79,62.14
37.2,47.64,39.38,86.78,1.29,18.57
39.17,85.89,82.22,85.26,8.27,100.0
25.14,48.29,49.82,43.16,1.91,20.64
32.2,97.99,55.03,53.89,4.52,53.32
25.64,55.77,87.43,18.32,4.01,45.35
32.99,81.82,17.57,6.79,8.5,100.0
21.87,64.67,55.11,90.94,5.94,81.32
34.68,90.44,53.4,4.47,6.25,73.15
28.4,93.74,93.59,92.69,7.96,100.0
31.75,71.87,71.47,75.21,2.15,28.96
20.52,76.67,51.59,64.22,2.25,27.69
33.91,87.55,27.51,70.97,6.42,85.2
29.92,91.96,34.82,24.21,2.74,27.11
32.51,90.18,88.84,27.07,3.49,41.98
26.31,67.29,23.14,14.25,0.12,1.14
22.92,81.88,44.41,70.01,7.28,100.0
28.71,82.24,97.29,82.78,3.25,43.94
38.88,96.58,85.73,44.64,5.63,76.86
24.56,93.38,70.82,94.6,7.49,100.0
33.52,87.18,30.4,98.08,8.36,100.0
21.0,89.61,68.57,82.57,4.65,63.0
34.36,92.72,64.2,32.05,1.75,17.94
24.77,95.62,56.53,85.51,4.99,62.37
29.03,91.15,3.61,73.7,8.62,100.0
27.36,61.57,36.65,24.07,3.4,34.96
22.26,49.46,50.81,25.39,6.89,85.84
26.91,61.8,95.01,63.2,4.85,65.81
27.0,88.9,72.75,73.88,3.94,52.23
30.44,47.9,10.79,40.75,5.13,51.34
39.45,78.28,30.14,94.45,3.83,44.69
29.4,85.45,72.39,65.08,7.5,100.0
38.29,95.65,96.38,79.9,7.89,100.0
29.23,80.27,0.51,61.73,4.79,48.15
22.15,79.34,53.32,77.98,4.53,54.57
24.6,46.99,90.4,65.69,0.08,8.51
28.15,69.93,92.37,63.39,6.92,100.0
26.51,71.91,42.86,79.17,1.42,20.09
37.32,86.96,83.34,81.41,6.85,100.0
33.57,56.96,70.85,97.75,7.83,100.0
31.57,46.39,51.17,93.97,7.06,100.0
29.82,81.89,7.71,51.99,5.34,58.72
27.95,69.56,16.79,70.59,1.1,13.93
32.24,90.54,23.82,40.24,8.64,100.0
22.49,68.89,89.59,65.06,2.94,41.12
23.25,93.15,86.86,95.08,6.53,100.0
26.06,70.47,98.3,36.76,0.02,8.44
23.42,86.96,56.64,91.45,6.65,100.0
33.54,83.24,8.47,67.5,7.5,97.85
20.5,55.96,47.78,1.73,7.23,88.91
23.2,95.89,67.77,57.46,4.54,56.12
38.05,93.95,90.14,36.59,5.69,77.0
39.95,53.86,27.84,80.88,8.16,100.0
29.75,81.85,19.73,11.48,5.97,65.63
29.91,48.71,51.16,60.41,3.16,37.4
35.47,78.55,72.52,88.96,6.74,100.0
20.72,53.4,51.03,59.55,8.69,100.0
28.54,75.64,3.82,27.44,5.65,59.19
22.0,73.85,74.3,79.32,5.09,67.51
28.02,52.21,3.41,79.36,8.43,100.0
39.68,69.48,60.44,36.09,7.0,91.82
35.07,92.75,61.69,26.67,1.07,13.3
39.7,80.83,20.85,66.39,8.62,100.0
34.92,99.56,44.66,36.78,6.52,84.49
32.16,87.07,0.62,34.53,6.65,77.61
35.08,78.61,28.37,45.06,3.61,37.48
33.18,73.79,61.94,45.81,0.08,1.93
29.28,48.76,12.03,9.08,1.07,7.99
25.85,71.62,4.76,95.28,2.98,31.54
30.4,64.16,67.43,71.35,4.1,52.99
25.17,90.07,74.24,8.82,6.31,81.95
29.73,96.41,86.3,33.78,4.06,50.06
22.92,68.74,87.55,18.96,3.35,39.61
31.31,95.89,59.32,82.29,5.81,83.43
24.91,76.5,40.74,59.81,6.92,93.75
25.87,84.45,58.59,98.25,7.09,100.0
29.98,62.42,79.27,44.77,3.27,38.74
23.25,84.87,47.53,10.55,1.96,18.66
39.25,71.86,99.52,59.84,1.98,26.75
28.94,58.08,63.75,36.69,5.97,74.48
27.05,77.77,30.81,17.8,6.95,89.53
20.58,63.34,79.37,37.1,7.06,99.3
36.87,87.21,15.08,23.82,7.84,99.05
32.52,40.18,93.58,19.72,6.79,97.41
28.33,89.09,34.04,48.36,4.37,48.91
24.91,79.69,56.13,79.21,4.59,57.71
34.9,93.92,88.6,80.55,8.4,100.0
38.91,85.55,9.59,26.03,2.55,23.1
27.62,54.46,72.16,44.84,0.9,13.05
22.7,98.73,31.18,84.29,1.3,16.97
22.18,69.97,38.12,98.87,0.11,7.68
20.13,71.38,9.65,84.99,1.77,15.97
34.88,94.57,81.01,49.4,7.52,100.0
39.63,95.1,86.03,87.01,4.83,65.09
39.86,81.81,13.43,70.66,3.5,34.95
35.68,52.6,5.35,25.38,0.65,6.44
23.24,59.73,89.8,8.41,5.31,62.84
39.55,53.94,9.73,93.63,8.76,100.0
26.56,60.04,53.48,36.6,3.19,30.46
26.67,82.66,35.31,52.2,2.02,19.85
33.75,76.16,84.24,66.18,8.45,100.0
20.98,85.93,82.11,78.64,8.72,100.0
36.52,74.78,95.73,70.14,5.32,75.4
39.95,42.9,33.81,44.62,2.72,27.46
35.5,61.25,36.08,34.85,0.3,6.96
35.63,84.88,84.04,44.06,6.63,97.6
27.81,46.26,71.07,45.56,8.6,100.0
21.32,96.34,81.66,88.47,8.66,100.0
35.85,75.26,87.02,79.86,6.43,98.72
31.94,74.13,68.26,19.44,1.26,15.93
38.19,93.17,4.78,27.85,3.54,31.29
22.32,93.19,74.64,74.92,6.78,100.0
26.1,42.08,18.13,1.16,0.76,5.61
27.21,80.74,17.68,53.04,2.86,26.72
33.67,50.66,2.69,18.22,0.76,3.31
35.75,64.49,39.45,12.46,1.01,6.95
39.22,77.39,48.94,99.02,1.06,16.06
25.91,82.74,8.94,76.13,0.62,7.08
29.87,90.41,87.06,18.31,4.53,53.01
20.58,82.32,1.03,70.53,2.58,23.09
25.06,86.64,8.33,34.06,0.36,3.47
27.48,75.94,81.21,63.28,4.52,56.71
31.88,47.02,13.06,47.05,6.57,77.27
29.42,70.28,20.13,60.78,3.97,42.6
27.29,71.79,35.04,46.01,6.16,74.94
32.48,82.93,77.61,96.17,4.96,70.26
36.57,46.53,5.04,74.81,7.03,85.99
24.83,65.76,34.13,62.66,0.56,5.99
26.86,83.05,89.72,87.72,8.79,100.0
34.1,74.03,62.57,82.87,6.33,87.85
35.56,63.43,83.62,88.82,3.02,40.6
36.51,52.09,24.45,10.89,2.15,20.03
24.19,40.26,65.89,12.95,0.24,8.26
30.79,59.29,15.18,79.89,7.82,100.0
38.0,70.97,79.52,99.53,7.54,100.0
27.84,95.75,93.32,56.25,0.54,16.15
28.6,53.65,4.73,96.43,2.74,29.21
39.7,70.74,7.99,66.28,1.93,20.46
22.26,73.99,78.75,8.53,1.86,22.08
34.11,78.95,88.02,92.63,2.32,35.01
37.0,59.71,64.82,83.92,2.67,34.57
23.02,45.97,46.12,53.58,6.36,81.14
34.29,83.07,58.02,61.54,5.78,73.19
29.39,90.59,76.0,67.16,6.84,100.0
37.06,66.29,99.18,61.58,2.91,40.42
38.15,74.83,84.8,41.32,6.01,83.92
37.45,41.74,88.71,52.71,2.75,35.08
21.29,42.83,85.49,63.66,1.72,22.41
35.14,44.6,93.29,5.39,1.51,18.94
38.43,84.32,6.45,9.6,5.38,54.54
32.43,53.63,90.86,8.24,1.36,14.51
32.02,51.07,24.86,59.49,0.87,12.71
20.9,40.5,35.92,41.29,6.75,85.39
37.12,41.37,37.06,50.01,3.09,30.5
20.93,87.78,94.9,80.76,6.76,100.0
26.27,72.5,43.84,4.05,4.47,44.96
38.52,74.74,50.55,79.61,1.19,18.69
38.99,91.79,87.88,91.04,7.64,100.0
39.84,67.57,35.95,68.79,7.93,100.0
29.53,85.19,34.81,3.43,1.13,10.79
23.55,57.37,67.47,65.17,2.84,33.2
29.76,54.26,58.08,50.05,2.73,32.49
22.05,91.26,71.61,76.06,8.89,100.0
37.45,66.57,4.98,1.67,0.7,3.36
31.21,68.61,66.7,74.67,6.23,87.01
28.09,56.52,24.12,96.17,2.12,23.27
21.59,48.19,50.21,85.1,1.61,20.42
28.1,42.25,46.66,89.42,0.54,8.23
37.32,91.14,7.41,7.58,0.55,2.87
34.07,75.6,89.45,52.96,8.47,100.0
21.65,42.75,9.14,24.67,5.43,56.46
23.2,67.32,35.24,48.86,2.49,25.35
27.85,56.77,3.17,70.66,7.03,86.89
22.03,55.78,72.97,74.68,0.69,16.95
38.68,72.9,28.76,99.16,4.7,56.05
33.05,99.28,81.25,72.85,4.51,57.56
21.9,64.18,12.95,22.95,0.53,6.2
35.76,83.16,2.5,91.56,2.06,21.42
27.37,94.64,2.2,88.4,1.23,12.69
24.9,91.77,60.32,72.34,8.34,100.0
31.4,95.28,14.96,25.77,8.28,100.0
20.27,98.8,1.42,18.83,4.44,38.04
29.31,58.7,96.78,43.56,7.08,100.0
36.88,52.58,63.29,3.91,1.82,18.32
38.56,49.91,1.08,28.39,3.57,30.26
26.85,77.69,49.05,7.34,2.03,20.1
32.85,80.86,15.75,52.45,0.75,6.8
24.54,45.27,80.52,61.65,3.81,48.39
31.2,89.26,2.87,11.13,6.7,79.55
25.08,86.98,37.09,87.39,6.7,92.3
31.43,77.71,23.8,9.68,3.99,38.79
23.43,66.14,98.09,39.62,4.02,51.0
38.82,49.22,7.81,50.1,5.43,57.39
37.74,70.34,71.99,58.21,8.4,100.0
26.74,49.55,47.8,31.91,1.35,15.07
35.53,76.3,81.65,71.31,3.64,48.02
21.91,58.6,21.42,34.14,8.15,100.0
34.81,54.84,85.53,25.27,4.94,59.87
25.65,66.46,95.04,45.32,7.14,100.0
22.71,74.84,21.31,11.34,4.16,38.79
33.56,94.94,89.31,66.73,6.22,93.47
29.4,97.82,96.37,55.01,8.01,100.0
30.6,40.35,43.41,14.41,4.01,41.16
30.41,94.77,83.52,79.61,0.05,6.2
21.19,40.04,84.24,72.04,5.1,68.74
21.03,53.0,31.09,43.05,1.84,19.1
32.02,99.78,17.88,98.37,2.16,26.5
32.48,83.69,36.65,50.06,3.87,42.29
20.94,78.67,59.19,21.28,4.05,44.13
27.57,70.7,80.87,77.78,4.22,54.81
32.26,64.5,73.68,92.87,0.28,9.97
33.13,49.33,24.59,20.76,0.15,0.25
36.57,49.29,80.55,0.67,5.69,66.99
28.41,87.63,10.39,60.93,5.6,62.72
30.97,96.37,43.91,73.28,2.86,33.87
31.57,91.46,1.61,26.09,1.6,12.39
26.24,84.38,12.08,96.37,2.49,27.49
21.08,71.66,31.1,37.81,3.15,31.7
20.08,71.27,90.15,80.12,2.37,30.89
36.72,63.71,38.02,87.63,4.43,52.29
24.0,91.94,27.35,17.09,8.48,100.0
32.61,78.85,67.08,50.13,1.07,16.8
31.54,66.09,70.35,2.8,7.84,100.0
27.99,87.09,48.13,64.19,6.69,90.18
36.67,43.25,28.85,54.65,4.37,47.63
33.97,88.79,30.18,77.83,8.54,100.0
20.45,88.64,18.55,50.13,0.67,6.71
35.53,53.71,36.26,35.39,7.69,100.0
30.14,42.26,16.83,13.67,1.78,14.93
26.94,82.82,64.29,5.11,3.19,34.86
34.54,51.99,89.47,52.88,1.1,17.08
33.72,98.69,83.99,61.3,5.38,71.64
26.21,40.55,24.22,76.6,1.52,13.95
39.66,53.79,89.82,39.31,2.3,27.7
32.97,61.91,42.6,54.72,2.24,23.36
32.12,86.96,72.98,18.4,2.75,29.31
21.4,74.72,88.91,99.76,1.47,26.82
25.59,90.91,66.5,23.01,6.17,77.19
28.94,97.76,74.25,16.82,5.74,71.22
32.61,76.61,38.69,85.83,5.99,82.27
30.26,53.91,93.82,46.89,6.08,84.08
35.26,45.56,70.39,89.19,0.93,16.22
25.25,91.98,7.17,74.8,1.92,21.67
34.04,54.71,59.52,15.67,6.64,83.43
36.33,93.61,9.47,12.19,4.34,41.84
35.3,92.7,52.21,44.68,5.67,69.98
35.42,77.67,8.85,56.15,0.51,5.07
37.77,76.24,62.72,42.32,3.48,37.63
21.68,97.05,45.64,21.2,3.94,41.75
33.94,85.36,55.31,21.75,6.23,78.68
39.37,44.61,21.05,29.08,0.18,6.5
31.47,66.14,25.03,1.43,5.17,50.81
24.35,69.04,31.95,43.89,6.85,89.11
39.98,87.71,75.33,81.11,6.87,100.0
23.49,46.45,20.81,13.99,1.12,8.82
26.71,78.29,92.36,62.01,7.3,100.0
23.44,71.48,70.03,73.05,5.96,83.26
29.29,58.94,25.74,26.83,3.25,28.97
28.38,91.15,92.25,49.26,8.21,100.0
29.82,65.06,71.78,51.07,5.38,67.25
38.56,84.23,32.83,25.61,4.05,41.27
29.57,42.4,41.47,39.38,6.3,76.68
30.29,93.63,87.88,87.82,2.54,36.53
37.73,79.59,43.77,14.72,7.28,92.9
36.36,67.45,25.2,62.37,4.75,50.32
24.79,58.21,52.31,21.69,7.84,100.0
20.26,58.66,18.6,44.48,5.79,66.47
32.59,58.2,58.2,53.3,2.34,27.27
36.9,47.86,99.15,12.18,8.69,100.0
31.06,67.83,96.93,7.85,3.62,41.7
24.22,79.33,36.63,31.06,3.05,31.13
34.83,64.72,88.63,40.93,2.3,28.8
33.39,82.19,81.52,92.1,3.75,51.09
31.3,65.19,95.07,69.8,6.64,100.0
37.27,65.34,52.51,28.92,2.69,28.08
35.68,91.12,89.98,92.83,8.45,100.0
33.36,65.51,22.95,1.91,7.18,86.63
33.3,79.32,15.8,87.99,2.92,33.27
33.24,95.79,4.4,95.85,7.77,100.0
30.5,86.04,65.93,45.26,8.29,100.0
29.28,72.33,93.35,63.6,8.59,100.0
34.19,72.7,99.38,34.6,8.1,100.0
32.21,76.06,33.6,32.38,3.39,34.62
29.8,89.42,83.1,26.26,7.16,100.0
22.53,50.72,51.89,8.05,5.83,65.83
34.04,77.59,45.2,48.68,2.88,28.32
32.92,91.94,64.03,65.36,7.34,100.0
26.84,88.2,2.27,0.52,2.05,15.69
27.13,47.48,79.43,22.89,3.88,43.19
24.93,66.14,65.75,7.38,3.09,34.42
39.24,71.09,17.0,96.57,1.55,17.89
37.2,55.47,63.57,80.31,7.19,100.0
31.22,80.77,59.95,3.1,4.25,44.98
28.03,68.57,78.8,81.4,4.74,65.72
34.74,57.85,83.75,82.73,4.52,60.34
30.55,60.21,25.34,80.52,6.2,79.64
39.52,49.63,3.48,13.2,0.97,6.29
21.1,91.97,18.21,46.84,4.51,48.13
20.69,88.74,39.42,23.94,2.34,24.09
31.37,94.83,49.26,87.04,8.74,100.0
24.07,52.59,20.72,25.55,0.95,8.46
32.09,69.51,90.11,27.47,8.36,100.0
35.63,80.08,30.83,44.99,3.65,35.43
22.76,88.0,73.72,55.69,0.98,13.2
28.81,78.01,87.75,48.75,8.16,100.0
33.77,85.01,70.83,95.07,8.08,100.0
36.68,77.07,66.18,93.88,6.28,92.27
29.93,60.32,17.3,45.46,5.3,55.94
24.12,94.46,49.89,27.99,1.5,15.34
31.72,90.05,78.8,85.71,8.38,100.0
29.09,42.2,31.56,51.92,0.44,6.77
35.44,91.62,50.51,36.47,2.43,28.14
31.11,85.73,99.56,43.12,1.61,21.27
25.59,78.55,45.6,11.14,3.63,37.47
35.09,76.88,62.83,50.56,7.89,100.0
30.35,53.13,99.56,27.01,3.41,42.01
23.55,52.87,36.73,0.06,3.59,32.85
31.26,41.75,27.29,78.0,1.09,12.89
38.97,49.25,28.27,62.78,8.9,100.0
34.11,93.71,52.6,88.49,4.81,61.43
25.98,72.44,16.27,62.21,3.04,32.39
34.22,47.85,16.45,32.37,8.51,100.0
25.65,73.45,26.01,12.3,4.09,41.15
30.85,59.88,47.79,43.31,2.95,32.24
30.53,55.24,84.42,78.89,6.44,96.94
24.95,94.05,79.63,86.51,6.14,92.44
26.96,95.34,93.31,89.17,8.47,100.0
38.84,88.69,95.76,90.23,5.22,75.56
25.01,43.26,74.0,24.97,8.92,100.0
36.02,83.72,64.28,91.44,8.71,100.0
33.35,50.71,0.82,66.26,5.64,59.86
30.65,74.15,44.84,56.08,3.06,34.57
22.75,93.62,26.8,50.32,4.95,57.61
24.09,44.38,10.61,23.47,0.88,7.78
23.58,95.73,95.11,7.39,6.0,79.31
31.74,82.5,32.04,5.46,1.34,14.98
39.47,58.06,16.08,33.1,8.74,100.0
37.54,45.7,82.59,20.36,8.12,100.0
20.51,88.92,99.06,8.66,1.95,23.95
25.47,50.88,13.4,12.99,0.71,6.14
23.15,56.73,32.06,57.52,2.92,29.61
39.51,82.7,67.43,81.84,4.08,53.33
24.71,98.02,40.52,98.47,8.31,100.0
24.03,54.58,63.34,54.45,1.62,21.49
32.42,98.0,66.86,19.18,3.21,36.57
31.12,80.87,80.71,14.53,8.49,100.0
24.52,58.03,24.01,20.08,8.52,100.0
33.41,63.02,96.47,36.38,0.21,11.37
21.94,86.62,21.47,20.5,7.8,100.0
20.39,66.12,12.41,82.8,6.24,74.73
21.65,44.49,82.89,36.7,7.85,100.0
27.3,53.79,46.32,52.69,4.16,46.61
39.5,77.39,89.38,86.28,7.12,100.0
30.94,81.77,31.87,65.95,6.73,88.56
35.09,80.35,99.3,65.57,6.25,94.31
26.43,92.24,95.67,79.79,8.46,100.0
34.39,74.62,75.13,83.87,4.81,66.4
39.32,87.33,22.44,97.41,1.85,19.46
27.16,50.37,0.0,22.21,1.49,13.13
39.98,99.69,78.62,78.09,8.11,100.0
32.77,55.97,22.85,41.37,2.81,27.56
34.97,59.08,87.33,40.73,5.02,62.36
25.04,92.23,71.89,53.89,3.04,38.76
32.86,80.9,46.62,35.18,6.66,86.35
30.22,79.98,91.7,61.89,3.66,48.2
39.13,48.38,42.65,82.57,7.28,100.0
38.09,94.35,9.58,37.41,0.72,8.05
27.93,67.02,59.64,53.52,2.23,28.48
38.94,44.21,0.77,15.33,1.36,8.1
37.7,57.97,65.54,20.89,0.21,5.15
31.81,58.48,99.75,61.04,5.97,86.34
21.64,97.88,67.52,77.58,6.31,91.87
23.22,95.96,51.31,72.67,5.26,65.85
21.54,43.59,13.79,25.37,7.16,86.27
22.16,90.14,35.64,2.53,8.58,100.0
39.54,53.63,14.58,0.64,6.63,72.92
24.24,92.73,56.97,47.76,6.06,78.7
33.82,94.99,78.31,70.07,4.05,53.31
32.73,44.37,65.81,38.3,4.98,55.98
32.62,80.73,78.91,76.15,6.85,100.0
24.13,98.89,43.56,19.15,2.2,23.44
31.59,95.86,17.27,83.64,0.24,6.95
32.51,57.06,3.56,1.5,0.25,2.76
31.41,80.83,41.93,70.72,2.03,23.15
23.72,76.26,30.55,12.99,4.21,41.93
34.46,52.2,65.93,81.81,7.31,100.0
21.46,79.18,37.85,51.81,3.3,37.11
31.82,59.99,16.83,97.03,2.9,31.96
28.73,60.28,48.35,40.54,4.02,46.4
25.01,65.2,28.92,87.3,4.46,51.6
36.15,91.13,73.35,41.21,2.45,28.59
23.52,54.3,4.71,10.79,5.4,50.78
38.66,61.66,43.35,48.39,3.17,34.44
37.69,40.44,46.13,18.3,4.38,41.32
27.21,49.3,1.59,79.99,5.84,65.24
26.1,98.72,13.34,33.49,4.2,41.16
22.75,66.03,94.54,75.64,8.8,100.0
38.33,51.71,53.7,48.14,1.4,17.16
32.55,97.94,76.85,53.7,4.08,49.92
20.64,41.63,88.28,73.46,2.63,32.83
30.22,69.05,32.03,66.51,8.13,100.0
21.72,88.28,54.69,66.42,1.62,20.27
31.48,86.37,65.03,65.89,4.69,59.43
30.18,51.35,84.16,58.53,3.82,48.27
21.66,82.47,42.01,80.72,8.26,100.0
36.32,77.34,95.18,30.0,5.02,63.4
25.25,80.52,60.71,18.16,4.19,46.92
30.83,55.97,87.39,73.52,5.28,74.84
32.78,88.64,8.34,53.98,6.4,76.93
39.25,73.55,46.33,90.06,0.29,9.46
29.88,83.5,17.92,96.51,2.22,25.0
38.35,96.37,91.19,86.71,2.12,29.06
27.1,91.33,23.5,54.76,3.74,39.34
37.15,86.94,71.3,75.41,5.19,71.24
24.72,57.38,6.29,33.43,8.24,100.0
34.15,95.44,62.25,73.66,6.97,100.0
21.77,74.48,31.99,78.05,1.63,19.77
39.72,42.07,78.19,78.15,4.73,59.64
39.08,82.85,25.12,0.8,3.86,37.31
28.84,84.21,81.69,86.36,5.81,84.91
30.48,90.7,94.78,78.37,7.52,100.0
31.96,50.09,99.22,32.06,5.94,78.98
25.5,92.54,67.71,1.72,8.98,100.0
33.49,75.76,63.74,87.6,0.25,5.79
33.97,64.26,4.8,5.38,1.08,7.49
30.5,74.06,10.96,23.22,7.69,93.99
22.95,44.97,51.32,54.26,2.21,23.79
38.38,84.43,85.15,81.65,6.82,100.0
22.3,43.65,2.09,78.18,0.94,8.94
32.58,74.7,12.67,68.12,4.88,52.76
22.06,50.16,60.05,82.87,2.9,34.54
22.92,52.46,84.7,68.54,2.05,28.77
20.41,54.0,30.73,63.77,5.82,71.44
27.27,40.86,87.15,16.77,3.62,41.37
32.79,93.51,33.75,43.99,1.49,16.96
30.43,88.25,46.55,45.14,5.46,66.33
33.49,41.88,95.3,1.85,4.56,52.23
33.5,43.42,41.76,40.55,0.38,5.92
22.8,84.02,67.38,87.48,4.32,55.26
21.15,40.41,93.55,8.97,8.88,100.0
32.51,68.14,26.44,54.63,3.08,32.75
33.06,46.44,9.19,23.7,8.89,100.0
31.13,75.5,95.8,19.04,8.96,100.0
24.92,99.9,55.98,78.68,4.18,51.83
36.22,50.32,96.58,81.01,8.29,100.0
21.51,97.4,86.67,66.09,7.04,100.0
32.65,91.93,59.46,18.97,7.51,100.0
22.41,82.32,46.79,86.51,4.37,50.91
33.09,84.59,50.36,50.42,5.32,65.13
28.35,61.65,52.95,39.31,3.57,39.01
34.36,91.57,81.56,76.82,8.68,100.0
21.04,92.04,82.17,43.35,2.12,26.85
31.1,79.27,73.84,73.83,7.38,100.0
22.9,84.5,96.03,15.33,8.04,100.0
33.65,77.72,96.22,19.17,4.52,54.49
22.4,43.59,1.9,49.96,3.9,38.1
21.47,57.5,51.58,52.74,1.31,16.26
34.26,78.98,58.74,41.13,2.2,25.27
21.27,64.31,61.53,98.2,8.93,100.0
24.49,51.9,94.58,3.96,6.58,86.69
36.49,56.49,87.67,78.63,6.92,100.0
36.19,57.76,86.66,35.18,7.33,100.0
37.08,75.99,36.57,75.29,5.25,63.71
26.52,85.03,84.43,90.86,7.59,100.0
30.56,54.47,28.19,61.98,3.13,30.91
35.47,59.03,55.39,63.12,0.25,6.36
22.74,66.94,30.34,66.36,7.29,99.33
34.49,42.29,80.87,74.76,7.78,100.0
21.95,99.95,46.44,13.16,3.09,32.53
38.27,58.02,70.04,36.08,4.64,52.89
32.75,57.24,87.27,84.2,5.2,71.71
29.87,73.29,29.97,54.79,5.92,72.79
29.69,85.41,81.77,86.76,6.03,88.54
23.63,67.41,84.58,96.16,1.77,24.27
26.92,54.93,95.07,98.78,6.18,94.22
34.54,73.95,16.31,51.27,6.77,84.1
30.82,68.98,68.14,53.32,0.16,8.77
30.59,65.38,43.52,29.2,5.56,62.39
23.9,99.03,28.55,51.62,3.75,41.97
33.81,99.76,15.77,96.88,7.97,100.0
27.84,73.72,58.54,25.46,8.49,100.0
23.66,44.08,33.41,30.46,5.25,57.62
38.88,74.02,66.79,89.75,3.6,44.06
30.14,97.15,28.1,38.44,8.44,100.0
30.56,95.54,0.06,97.25,2.43,22.29
39.63,52.93,76.72,34.96,4.43,49.62
27.33,51.41,16.13,0.46,3.18,24.86
38.86,49.14,25.25,95.37,1.38,17.62
33.9,99.44,76.73,88.13,7.53,100.0
32.66,69.4,34.22,69.41,2.25,26.3
24.69,60.28,48.53,4.74,7.16,89.34
21.04,59.49,81.25,74.83,6.78,100.0
28.76,56.52,65.02,22.01,6.0,74.74
20.2,92.96,14.6,80.03,0.98,11.57
21.42,64.58,18.37,96.66,3.61,39.9
31.91,93.23,83.44,80.69,8.88,100.0
34.49,82.62,24.99,36.8,3.29,32.77
23.36,78.13,21.87,71.58,0.18,8.31
34.65,82.92,0.36,99.64,6.53,83.31
38.99,89.32,77.41,36.3,6.19,84.82
34.86,48.67,12.1,17.03,0.61,4.9
35.69,40.12,34.76,89.92,3.27,36.88
34.01,43.03,0.73,71.93,2.91,28.53
24.49,81.59,93.52,78.05,8.98,100.0
27.22,96.07,9.94,53.69,5.33,57.8
38.99,76.68,47.64,54.99,2.46,25.23
33.22,82.07,76.17,78.34,7.72,100.0
35.78,95.93,80.08,95.96,8.22,100.0
39.37,98.68,37.97,55.72,5.13,58.26
24.63,82.24,53.01,32.81,2.64,30.94
26.43,49.96,67.32,47.51,4.52,53.46
32.9,85.91,46.27,56.62,7.63,100.0
20.49,89.13,43.38,32.75,5.24,59.77
31.42,48.65,17.25,23.09,1.03,6.02
36.17,91.79,48.6,6.6,5.07,54.27
32.21,76.46,28.62,64.29,2.88,29.75
25.91,81.42,25.64,63.18,4.82,52.2
34.48,55.83,31.61,76.0,7.24,99.78
22.92,66.79,47.78,8.41,6.55,77.77
37.9,54.55,38.21,31.85,2.43,22.08
22.02,49.27,58.55,80.79,6.56,91.85
37.27,42.16,63.11,11.23,1.11,14.15
29.96,80.29,99.61,99.33,5.81,91.12
28.57,92.52,61.52,63.27,2.83,33.22
30.01,49.77,1.33,5.31,1.08,6.92
24.0,65.75,9.8,73.03,7.76,100.0
29.15,40.21,76.04,96.39,1.2,20.45
36.99,82.42,87.34,95.99,7.71,100.0
36.02,62.22,51.54,25.85,2.58,27.56
23.26,74.45,97.09,80.03,6.81,100.0
33.47,94.51,23.04,22.61,8.72,100.0
37.14,91.56,95.72,65.26,6.49,100.0
36.4,80.53,67.16,37.3,1.23,12.84
28.51,82.33,73.91,79.91,6.26,89.15
20.96,69.15,4.74,20.29,0.03,0.0
38.62,60.79,35.48,86.39,7.31,100.0
27.92,46.79,80.0,24.69,7.14,98.68
27.22,66.44,2.2,99.76,6.6,80.72
35.19,93.24,54.06,80.54,3.57,44.86
25.28,68.86,7.38,38.67,4.28,44.65
36.69,67.37,25.46,12.77,8.24,100.0
21.52,52.56,72.52,34.94,3.92,42.84
34.81,61.17,2.83,29.95,0.38,3.06
39.32,96.2,88.9,61.54,6.15,91.4
39.92,58.18,71.54,11.29,1.04,13.31
38.48,83.88,67.47,43.05,6.92,98.7
37.42,42.53,94.51,66.76,0.13,8.97
25.58,47.7,53.74,45.31,8.84,100.0
39.33,58.69,65.39,88.17,5.12,70.75
38.56,94.09,86.81,24.1,1.51,19.31
30.69,53.16,76.37,52.39,7.06,100.0
28.04,83.6,76.99,91.32,7.6,100.0
22.19,50.05,53.68,35.32,1.84,23.92
31.81,76.29,80.83,92.53,7.46,100.0
34.01,81.04,84.63,84.57,8.81,100.0
28.08,77.32,70.05,49.93,5.77,75.23
28.12,53.63,2.4,9.55,1.01,9.31
31.47,49.73,18.55,94.05,5.05,56.86
20.56,93.19,24.84,25.61,4.74,51.43
39.16,89.93,72.9,68.09,4.73,60.65
25.8,52.72,20.41,65.38,7.34,95.11
22.82,64.8,42.35,98.67,1.19,14.6
20.11,44.03,14.71,58.56,6.36,75.69
37.14,68.52,14.62,79.28,4.53,46.04
37.26,65.43,84.32,34.57,4.2,52.27
21.91,93.52,58.36,65.54,5.92,77.65
23.04,66.66,78.04,77.86,6.73,98.97
28.96,78.37,1.15,96.69,7.82,100.0
23.71,95.71,28.56,25.18,1.85,19.43
34.72,82.19,1.77,7.89,0.26,1.84
21.16,70.15,0.34,97.63,5.48,63.21
30.99,86.2,3.2,60.26,8.83,100.0
27.66,56.8,52.15,1.73,6.11,71.5
29.3,80.13,9.08,52.0,2.27,23.78
28.5,40.3,79.84,93.6,7.85,100.0
23.06,44.35,51.62,98.44,4.84,60.66
24.41,99.03,83.28,96.12,8.77,100.0
21.3,51.55,83.87,78.19,0.52,14.73
22.31,91.96,92.98,87.63,7.64,100.0
39.56,78.21,35.08,39.8,5.21,58.47
25.6,43.82,56.8,75.82,7.26,100.0
26.14,63.55,67.26,27.0,6.78,89.29
22.54,91.73,45.79,59.47,5.46,68.81
35.1,82.81,93.28,24.65,4.52,56.19
38.48,88.97,35.4,14.26,5.59,61.46
35.8,59.83,40.99,37.93,5.64,68.31
32.25,90.2,85.89,95.92,3.42,49.63
36.26,61.26,63.75,41.89,0.03,7.98
28.08,40.42,96.63,68.32,7.55,100.0
37.19,76.6,79.22,28.51,0.6,9.98
35.97,54.5,51.29,86.54,8.63,100.0
20.03,80.58,31.88,52.3,2.65,25.94
29.76,55.5,40.61,95.05,0.93,13.33
25.29,96.39,79.47,82.12,8.03,100.0
21.72,94.84,40.71,53.8,6.63,88.82
36.92,97.7,28.15,19.1,4.89,50.63
20.16,58.17,67.81,13.59,5.84,68.73
34.6,67.36,66.92,58.54,2.61,34.23
39.76,88.15,93.74,80.34,7.95,100.0
29.64,60.91,10.99,9.02,1.07,9.49
27.42,63.11,46.76,70.29,5.09,61.27
32.12,54.24,39.86,67.16,8.92,100.0
36.09,74.34,52.74,48.25,6.94,95.75
24.81,79.56,11.96,76.69,6.2,72.98
25.01,59.11,49.14,59.39,7.8,100.0
32.14,41.45,65.7,94.65,8.92,100.0
38.8,84.15,31.38,76.37,7.31,100.0
25.97,77.0,65.04,88.66,7.26,100.0
27.54,53.14,26.57,36.14,1.72,15.05
39.87,58.88,36.93,81.1,7.86,100.0
23.52,97.43,90.73,99.2,7.93,100.0
21.54,77.81,2.51,16.35,5.37,52.9
31.8,86.04,60.51,88.12,7.01,100.0
20.49,78.38,93.57,86.23,5.61,84.56
23.61,97.27,14.7,39.66,4.9,51.2
32.44,94.53,57.43,88.93,5.98,85.97
33.19,56.85,45.41,74.76,5.92,76.46
30.21,62.6,65.26,82.47,3.41,45.62
27.67,88.06,61.18,19.95,4.83,58.03
31.52,70.79,30.75,47.62,2.87,29.94
32.87,52.41,94.04,39.45,0.98,15.54
36.07,53.69,39.28,15.28,8.6,100.0
35.86,78.18,48.98,9.12,5.11,56.96
33.3,78.89,96.85,77.55,6.01,92.81
37.88,62.31,12.82,85.2,1.81,16.2
36.76,56.57,94.82,95.19,0.49,15.02
22.66,84.33,47.73,55.1,2.14,24.05
39.13,41.9,95.35,99.47,4.74,67.8
37.83,84.32,6.7,8.3,6.61,73.71
26.42,52.62,57.76,39.68,5.41,63.91
20.4,83.7,91.98,96.52,8.09,100.0
32.08,64.82,31.37,67.79,8.12,100.0
28.77,78.54,59.06,97.24,2.91,37.41
34.99,47.26,25.64,3.67,2.44,20.86
30.49,65.11,13.21,7.55,0.63,5.38
21.53,82.04,85.23,53.33,3.16,40.79
24.89,73.02,98.12,16.33,5.07,60.93
37.65,86.23,6.97,83.35,5.53,61.69
20.75,73.8,12.13,39.47,2.65,26.13
34.73,74.16,58.86,42.05,3.2,37.07
25.84,91.5,8.63,96.2,0.37,5.82
29.05,65.48,63.12,24.74,2.52,28.8
30.62,93.7,71.95,38.55,2.93,33.45
25.0,62.33,41.46,77.02,0.15,6.92
33.04,59.72,75.62,48.0,7.41,100.0
33.87,86.77,11.36,60.34,7.97,100.0
21.7,40.69,30.12,47.78,1.6,17.15
27.48,50.33,80.76,28.33,5.45,65.31
34.89,87.81,60.17,81.34,7.13,100.0
34.43,70.73,28.51,85.01,1.15,14.6
30.89,77.68,62.12,27.52,0.22,4.99
35.55,40.62,24.74,99.74,5.97,76.23
22.15,49.69,48.09,1.01,0.72,9.93
22.36,58.15,83.72,88.19,8.02,100.0
33.15,98.3,88.55,82.9,7.05,100.0
33.87,45.83,43.59,5.87,6.52,75.84
36.29,99.45,58.46,84.92,4.07,51.88
23.62,90.82,70.84,78.27,0.96,15.61
30.34,92.53,78.4,95.23,8.35,100.0
33.22,57.77,86.01,88.01,1.86,27.23
24.47,55.8,8.86,13.25,4.68,46.08
30.34,44.81,78.22,94.88,3.23,42.96
32.77,60.93,81.38,55.05,1.1,15.65
24.29,62.35,45.92,38.98,3.57,35.53
27.51,94.25,73.44,52.52,2.72,35.37
24.33,84.59,23.78,33.93,1.11,13.55
38.06,68.75,41.67,45.54,7.91,100.0
24.74,48.09,38.6,15.65,1.21,13.06
22.42,79.37,24.1,84.46,1.85,21.71
20.7,74.47,61.3,56.87,5.21,64.71
20.9,44.68,69.75,46.7,4.67,53.47
23.83,90.92,47.87,90.96,7.43,100.0
32.16,94.68,72.38,63.14,5.59,78.04
20.35,82.08,70.88,78.81,6.69,100.0
25.73,51.03,44.27,3.0,4.24,42.62
21.16,76.0,40.4,90.64,8.01,100.0
28.07,54.26,58.36,18.87,6.9,86.17
20.97,72.5,43.18,43.83,8.0,100.0
32.15,76.01,22.19,90.3,2.16,25.02
33.77,77.11,52.1,9.5,5.41,60.32
34.63,80.97,67.27,13.31,0.19,6.31
24.49,44.14,35.84,57.61,4.69,50.61
37.37,49.98,12.6,5.85,1.24,7.44
33.81,49.28,21.74,38.97,6.65,80.23
21.13,80.62,36.28,80.97,6.99,100.0
28.82,47.44,24.44,89.47,2.85,29.7
35.36,68.76,76.31,99.14,3.58,48.93
26.22,63.21,63.87,12.3,8.88,100.0
27.63,98.04,28.69,67.62,2.41,26.8
32.59,77.85,99.18,87.13,0.78,16.28
21.11,45.29,64.57,24.05,3.5,37.52
39.34,82.05,14.25,48.0,6.91,87.15
23.49,43.0,5.93,18.86,0.63,5.71
20.53,57.17,75.37,13.46,0.39,8.08
20.11,62.71,50.0,12.56,5.98,68.6
27.99,86.57,23.35,70.76,6.62,87.07
37.69,96.64,81.09,62.22,5.42,72.68
36.4,95.46,12.45,3.87,1.54,14.76
38.24,79.27,55.45,53.3,4.18,49.03
30.68,43.62,81.73,6.81,3.67,38.23
28.97,89.71,80.14,20.22,3.22,35.13
27.72,86.96,75.45,83.29,8.52,100.0
20.93,97.38,73.28,89.53,7.9,100.0
38.19,58.76,55.94,43.28,2.24,25.92
29.92,51.19,85.32,31.43,1.29,16.22
29.1,62.49,72.14,11.08,5.06,58.4
30.3,92.06,81.06,88.82,3.87,49.31
35.88,79.0,6.3,16.38,3.68,33.38
24.49,88.07,78.26,86.56,6.58,100.0
34.2,77.9,22.9,70.12,4.09,44.65
34.22,58.21,33.23,59.18,4.06,45.79
36.99,88.31,84.06,92.8,1.29,23.28
20.17,85.56,40.62,98.77,6.4,90.51
23.41,96.02,64.31,14.66,5.22,62.92
29.42,68.57,55.24,22.66,0.5,10.26
37.01,70.17,86.61,63.92,3.38,46.31
39.3,59.43,15.61,14.67,1.96,15.79
31.9,56.13,9.78,54.22,3.51,34.97
24.24,99.79,63.24,37.28,1.07,15.83
23.69,98.64,84.46,88.81,5.49,80.69
32.79,71.78,92.31,91.81,5.23,77.43
24.2,97.31,39.99,25.88,5.33,60.79
31.06,61.37,73.49,9.57,3.29,33.31
36.7,91.0,39.08,99.11,6.5,93.99
27.8,77.81,65.86,90.36,6.59,97.94
27.57,83.02,2.42,17.34,3.75,31.08
20.72,83.09,25.01,25.22,3.9,43.59
25.08,78.15,17.02,34.09,8.09,100.0
33.96,91.14,26.86,14.78,5.45,59.92
27.21,63.52,28.87,32.22,4.59,45.78
23.17,90.95,85.89,2.2,6.63,87.64
22.12,51.0,20.34,80.1,2.79,28.22
21.9,52.0,81.93,26.36,0.29,6.97
33.18,83.04,85.93,81.78,6.32,97.92
32.25,85.01,46.38,64.69,5.81,78.32
30.37,94.14,72.45,48.05,3.86,47.22
30.01,97.15,75.43,94.5,6.3,94.14
23.06,43.36,1.78,38.67,8.46,100.0
30.01,70.45,70.97,17.84,6.58,84.81
21.2,92.52,60.64,57.74,3.47,41.86
38.52,61.97,47.26,63.15,2.52,28.12
21.16,91.47,89.87,27.68,5.0,65.42
28.47,69.4,72.73,90.77,0.19,9.46
20.01,91.8,42.56,89.22,4.11,51.42
35.72,52.84,5.34,46.57,8.9,100.0
23.32,78.61,89.73,65.42,6.88,100.0
38.5,74.01,98.46,56.68,8.86,100.0
20.88,63.36,63.45,8.42,3.56,37.38
36.42,74.9,76.82,25.32,0.78,11.57
33.13,87.04,50.6,58.0,8.69,100.0
24.99,54.41,23.66,32.12,7.79,99.28
24.05,46.11,91.21,21.34,5.06,64.0
27.15,85.53,94.15,88.05,7.66,100.0
36.57,97.15,54.86,56.64,6.65,93.41
37.24,78.22,68.21,32.71,0.17,6.61
23.51,48.56,51.19,93.74,8.23,100.0
27.07,82.48,96.14,80.75,7.76,100.0
24.75,47.0,66.04,59.61,1.58,20.28
22.45,58.21,0.52,20.95,1.48,11.3
32.93,81.13,40.87,32.19,2.35,25.04
26.92,69.25,15.6,68.77,6.93,88.99
24.51,59.28,34.01,58.13,1.15,12.94
37.32,45.85,90.83,63.8,4.68,64.95
34.97,58.54,7.97,16.22,3.22,28.51
35.48,78.85,35.74,33.5,4.94,52.97
20.78,57.34,75.96,89.07,6.25,92.1
38.3,48.58,86.31,13.71,1.89,23.36
31.49,72.69,73.61,58.97,1.8,23.57
30.08,85.19,96.52,89.77,3.04,45.58
20.21,89.81,69.59,1.42,8.42,100.0
37.95,68.33,74.48,96.71,4.0,53.25
30.88,82.66,42.21,88.33,2.31,26.03
36.5,90.0,30.21,71.51,4.68,55.23
33.11,80.37,46.19,70.91,1.62,18.58
35.93,71.64,76.79,86.77,6.89,100.0
33.86,43.6,65.03,17.1,2.87,29.37
38.42,57.4,77.19,69.99,8.84,100.0
24.51,59.19,62.76,34.34,5.67,71.55
24.04,63.7,73.31,87.56,5.5,75.43
34.25,97.05,15.57,53.33,2.61,24.92
30.03,52.53,32.37,76.58,1.61,21.91
31.98,72.49,56.12,16.7,0.7,10.29
34.17,99.47,1.65,24.2,7.7,96.08
30.95,77.13,91.23,83.82,8.82,100.0
35.75,91.01,91.91,84.73,8.23,100.0
26.38,97.61,8.85,52.78,8.94,100.0
37.18,68.55,24.88,19.55,1.34,12.03
22.15,42.87,19.37,16.97,7.08,81.38
32.68,65.88,56.19,30.25,8.9,100.0
37.8,73.91,44.36,64.05,3.04,31.87
25.05,89.13,16.59,91.67,5.11,59.87
26.54,80.48,74.39,56.37,5.58,73.06
26.11,85.87,53.66,70.79,4.6,57.33
31.29,42.17,57.44,95.93,1.98,26.23
28.26,95.75,21.61,83.49,3.5,39.7
22.16,42.53,55.24,67.05,7.45,100.0
37.83,96.31,42.12,54.89,0.99,12.08
24.09,44.42,5.12,83.87,4.13,40.52
30.68,92.36,72.67,94.64,2.84,40.81
31.9,89.88,55.24,92.41,5.24,72.14
20.82,75.67,92.73,63.91,1.7,27.08
21.91,42.16,80.79,72.79,8.35,100.0
39.43,93.77,95.3,79.02,8.73,100.0
33.29,77.07,4.31,80.93,0.73,7.43
20.67,73.43,75.19,73.31,2.93,39.36
35.88,77.89,54.9,17.99,0.39,6.72
30.17,98.09,83.5,75.96,1.11,18.47
21.5,66.97,9.47,12.5,0.94,7.15
33.62,71.23,0.2,19.98,2.97,24.26
29.99,84.78,91.88,69.37,6.53,98.51
24.1,48.04,79.93,24.03,2.62,29.31
37.55,83.22,9.94,50.77,2.99,29.09
25.83,98.92,68.38,24.69,8.62,100.0
25.69,66.16,52.61,66.59,7.87,100.0
25.46,45.88,58.99,96.44,0.12,7.8
35.35,61.18,88.94,4.4,5.42,64.33
34.12,81.26,80.76,70.73,4.06,48.75
38.06,99.8,1.32,24.73,7.1,83.67
24.59,81.2,20.86,80.44,7.52,100.0
35.73,47.07,91.51,27.13,5.94,77.17
31.46,60.22,21.14,19.15,6.06,66.26
26.17,42.91,67.45,15.29,7.66,100.0
20.71,79.18,78.97,14.99,0.92,11.04
36.38,80.36,81.32,71.98,6.37,93.01
24.82,86.44,78.73,92.54,6.42,98.2
32.63,60.13,0.94,31.11,0.38,0.0
30.98,94.17,98.9,44.94,5.75,80.98
20.09,96.04,77.19,93.15,8.04,100.0
39.89,74.45,6.37,97.51,0.41,7.72
36.29,69.08,2.68,74.31,0.57,6.43
29.73,99.57,81.08,80.3,8.82,100.0
33.61,83.33,90.5,97.77,2.01,33.78
29.53,97.16,52.45,38.11,3.67,39.21
34.89,44.3,37.17,6.91,2.4,20.07
22.69,52.73,70.24,74.69,8.42,100.0
28.93,41.87,2.24,12.11,0.66,5.87
26.71,92.08,89.89,43.86,4.89,61.21
29.19,81.65,25.61,73.84,4.3,50.49
29.01,50.66,19.09,55.84,6.23,72.28
22.86,98.45,31.08,36.71,8.08,100.0
39.53,60.54,0.02,22.31,0.0,1.82
20.31,95.55,92.17,99.01,7.58,100.0
20.2,78.82,71.47,7.41,3.4,35.28
27.47,80.09,49.82,41.25,3.61,41.15
32.41,40.24,66.8,5.83,8.01,100.0
23.59,81.33,21.38,97.97,2.51,26.16
30.66,53.28,39.79,44.76,7.64,100.0
34.46,41.38,1.91,9.38,1.14,6.52
21.88,85.13,46.08,87.59,5.21,67.31
39.69,94.32,18.64,44.94,6.71,81.23
26.73,76.21,56.65,33.71,3.11,34.91
32.85,49.89,9.02,89.34,0.85,10.34
22.21,61.63,9.83,3.47,8.94,100.0
34.19,82.54,24.97,48.72,0.72,9.0
36.81,59.4,65.43,26.86,7.96,100.0
22.11,82.6,7.71,75.28,1.75,18.34
22.52,60.17,0.77,83.67,0.2,4.67
25.62,50.66,47.22,62.0,7.69,100.0
20.24,86.98,92.95,90.71,8.89,100.0
39.72,81.17,15.67,55.5,4.76,48.74
31.97,71.03,65.59,57.41,7.44,100.0
32.15,78.51,64.14,63.51,1.39,20.04
39.18,66.28,12.19,92.22,6.67,85.43
36.64,57.88,23.18,28.82,0.15,3.88
36.28,79.0,36.5,20.16,2.3,23.29
26.79,74.48,99.0,19.02,0.37,9.93
26.7,66.12,76.86,69.73,2.37,30.25
25.83,72.14,33.72,90.49,3.82,44.33
26.93,81.84,23.39,56.58,2.96,29.65
27.39,80.0,45.49,42.07,6.45,85.24
22.8,42.02,21.15,12.31,0.92,9.55
27.12,91.61,94.43,14.53,3.42,40.94
28.93,88.74,73.62,87.96,7.31,100.0
26.19,56.88,7.11,12.9,0.88,6.56
23.31,90.83,60.07,79.95,8.87,100.0
27.47,80.25,97.28,33.64,5.17,66.82
29.62,48.48,15.29,65.36,8.43,100.0
